ISO-10303-21;
HEADER;
FILE_DESCRIPTION (( 'STEP AP214' ),
    '1' );
FILE_NAME ('m5.STEP',
    '2026-02-04T11:43:31',
    ( '' ),
    ( '' ),
    'SwSTEP 2.0',
    'SolidWorks 2020',
    '' );
FILE_SCHEMA (( 'AUTOMOTIVE_DESIGN' ));
ENDSEC;

DATA;
#1 = CARTESIAN_POINT ( 'NONE',  ( -2.549999999999999822, -2.010000000000002895, -2.923779318289429163 ) ) ;
#2 = EDGE_LOOP ( 'NONE', ( #1465, #2222, #697, #1386 ) ) ;
#3 = EDGE_CURVE ( 'NONE', #965, #891, #750, .T. ) ;
#4 = AXIS2_PLACEMENT_3D ( 'NONE', #1158, #706, #1387 ) ;
#5 = CARTESIAN_POINT ( 'NONE',  ( 0.6832704406993598267, -3.237670899265149504, -0.3737793182894275090 ) ) ;
#6 = LINE ( 'NONE', #1418, #2522 ) ;
#7 =( BOUNDED_CURVE ( )  B_SPLINE_CURVE ( 2, ( #480, #2243, #2434, #1203, #1221, #1482, #2473, #273, #334 ),
 .UNSPECIFIED., .F., .F. ) 
 B_SPLINE_CURVE_WITH_KNOTS ( ( 3, 2, 2, 2, 3 ),
 ( 0.1833742316523796489, 0.1926334909116389493, 0.2111520094301574391, 0.2296705279486759288, 0.2389297872079351182 ),
 .UNSPECIFIED. ) 
 CURVE ( )  GEOMETRIC_REPRESENTATION_ITEM ( )  RATIONAL_B_SPLINE_CURVE ( ( 0.9330127018922194093, 0.9330127018922194093, 1.000000000000000000, 0.8660254037844387076, 1.000000000000000000, 0.8660254037844387076, 1.000000000000000000, 0.9330127018922197424, 0.9330127018922194093 ) ) 
 REPRESENTATION_ITEM ( '' )  );
#8 = CARTESIAN_POINT ( 'NONE',  ( -1.410316468749998053, -1.082916665983873150, -0.4810395396633031506 ) ) ;
#9 = CARTESIAN_POINT ( 'NONE',  ( 2.549999999999999822, -0.7600000000000031175, -2.923779318289429607 ) ) ;
#10 = CARTESIAN_POINT ( 'NONE',  ( 0.6832704406993636015, -1.737670899265149282, -0.3737793182894296740 ) ) ;
#11 = AXIS2_PLACEMENT_3D ( 'NONE', #1894, #2861, #2181 ) ;
#12 = CARTESIAN_POINT ( 'NONE',  ( 2.549999999999999822, -1.801666666666669636, -1.451536131855884593 ) ) ;
#13 = VECTOR ( 'NONE', #2402, 1000.000000000000114 ) ;
#14 = EDGE_LOOP ( 'NONE', ( #2856, #686, #1156, #3154 ) ) ;
#15 = DIRECTION ( 'NONE',  ( -0.000000000000000000, -0.000000000000000000, 1.000000000000000000 ) ) ;
#16 = ORIENTED_EDGE ( 'NONE', *, *, #3, .T. ) ;
#17 = CARTESIAN_POINT ( 'NONE',  ( 2.820632937499999660, -0.4787499993172063539, -2.923779318289429607 ) ) ;
#18 = CARTESIAN_POINT ( 'NONE',  ( 5.408933717497023466E-16, -1.759999998634409479, 0.02070705457766185142 ) ) ;
#19 = ORIENTED_EDGE ( 'NONE', *, *, #2882, .F. ) ;
#20 = CIRCLE ( 'NONE', #573, 0.1999999999999996503 ) ;
#21 = CARTESIAN_POINT ( 'NONE',  ( -7.146572975119167637E-15, -3.885000000000002895, -0.3737793182894292299 ) ) ;
#22 = ORIENTED_EDGE ( 'NONE', *, *, #2099, .F. ) ;
#23 = CARTESIAN_POINT ( 'NONE',  ( -2.820632937499999215, -0.2079166659838729836, -4.552272504040178802 ) ) ;
#24 = DIRECTION ( 'NONE',  ( -1.000000000000000000, 0.000000000000000000, -0.000000000000000000 ) ) ;
#25 = DIRECTION ( 'NONE',  ( 0.000000000000000000, 0.000000000000000000, -1.000000000000000000 ) ) ;
#26 = CYLINDRICAL_SURFACE ( 'NONE', #2009, 0.2000000000000000111 ) ;
#27 = CARTESIAN_POINT ( 'NONE',  ( -2.549999999999999822, -2.551666666666669414, -4.396022504722974844 ) ) ;
#28 = ORIENTED_EDGE ( 'NONE', *, *, #1686, .F. ) ;
#29 = EDGE_CURVE ( 'NONE', #1367, #905, #1513, .T. ) ;
#30 = CARTESIAN_POINT ( 'NONE',  ( 4.549999999999999822, -4.200000000000000178, -2.923779318289429163 ) ) ;
#31 = EDGE_CURVE ( 'NONE', #704, #255, #1665, .T. ) ;
#32 = VERTEX_POINT ( 'NONE', #1500 ) ;
#33 = CARTESIAN_POINT ( 'NONE',  ( -1.410316468749997831, -1.145416665983872928, -0.4810395396633035947 ) ) ;
#34 = CARTESIAN_POINT ( 'NONE',  ( -1.275000000000000133, -2.968333331967742961, -5.132144097939747240 ) ) ;
#35 = EDGE_LOOP ( 'NONE', ( #906, #28, #2932, #794 ) ) ;
#36 = CARTESIAN_POINT ( 'NONE',  ( 4.549999999999999822, -4.000000000000000888, 0.000000000000000000 ) ) ;
#37 = ORIENTED_EDGE ( 'NONE', *, *, #1151, .F. ) ;
#38 = DIRECTION ( 'NONE',  ( 1.000000000000000000, -0.000000000000000000, 0.000000000000000000 ) ) ;
#39 = DIRECTION ( 'NONE',  ( -1.000000000000000000, 0.000000000000000000, 0.000000000000000000 ) ) ;
#40 = DIRECTION ( 'NONE',  ( -0.000000000000000000, 1.000000000000000000, -0.000000000000000000 ) ) ;
#41 = CIRCLE ( 'NONE', #752, 0.1999999999999996503 ) ;
#42 = CARTESIAN_POINT ( 'NONE',  ( -1.802977905832341484E-16, -2.635000000000002895, -5.868265691156519637 ) ) ;
#43 = EDGE_LOOP ( 'NONE', ( #1532, #1042, #1771 ) ) ;
#44 = DIRECTION ( 'NONE',  ( 0.000000000000000000, 0.000000000000000000, 1.000000000000000000 ) ) ;
#45 = ORIENTED_EDGE ( 'NONE', *, *, #1205, .F. ) ;
#46 = CARTESIAN_POINT ( 'NONE',  ( -2.820632937499998771, -1.687083332650539225, -1.295286132538677970 ) ) ;
#47 = CARTESIAN_POINT ( 'NONE',  ( 2.549999999999999822, -2.676666665301075998, -1.451536131855884593 ) ) ;
#48 = ORIENTED_EDGE ( 'NONE', *, *, #990, .F. ) ;
#49 = LINE ( 'NONE', #2001, #1806 ) ;
#50 =( NAMED_UNIT ( * ) PLANE_ANGLE_UNIT ( ) SI_UNIT ( $, .RADIAN. ) );
#51 = EDGE_LOOP ( 'NONE', ( #2665, #2353, #939, #2824, #337 ) ) ;
#52 = EDGE_CURVE ( 'NONE', #1007, #2185, #1633, .T. ) ;
#53 = CARTESIAN_POINT ( 'NONE',  ( -2.162698052750796407, -4.200000000000003730, -1.170384930158794301 ) ) ;
#54 = DIRECTION ( 'NONE',  ( -0.000000000000000000, 1.000000000000000000, -0.000000000000000000 ) ) ;
#55 = DIRECTION ( 'NONE',  ( 0.000000000000000000, 0.5271669878897801143, -0.8497617118223299570 ) ) ;
#56 = CARTESIAN_POINT ( 'NONE',  ( 5.408933717497023466E-16, -2.885000000000003340, 0.02070705457766185142 ) ) ;
#57 = VERTEX_POINT ( 'NONE', #2917 ) ;
#58 = DIRECTION ( 'NONE',  ( 0.000000000000000000, -0.8497617118223305122, 0.5271669878897791151 ) ) ;
#59 = AXIS2_PLACEMENT_3D ( 'NONE', #2048, #2829, #843 ) ;
#60 = CARTESIAN_POINT ( 'NONE',  ( 5.982986902088794405E-16, -2.103749999317206409, 0.3332070532120700035 ) ) ;
#61 = CARTESIAN_POINT ( 'NONE',  ( -2.549999999999999822, -1.884999998634409479, -2.923779318289429163 ) ) ;
#62 = DIRECTION ( 'NONE',  ( -1.000000000000000000, 0.000000000000000000, 0.000000000000000000 ) ) ;
#63 = EDGE_CURVE ( 'NONE', #1466, #2901, #7, .T. ) ;
#64 = CARTESIAN_POINT ( 'NONE',  ( -4.549999999999998934, -1.700000000000000178, -5.973779318289428986 ) ) ;
#65 = AXIS2_PLACEMENT_3D ( 'NONE', #531, #2276, #3020 ) ;
#66 = ORIENTED_EDGE ( 'NONE', *, *, #2170, .F. ) ;
#67 = CARTESIAN_POINT ( 'NONE',  ( -0.2139879334298983860, -4.199999999999999289, -0.2578240385191963302 ) ) ;
#68 = CYLINDRICAL_SURFACE ( 'NONE', #198, 2.549999999999999822 ) ;
#69 = FACE_OUTER_BOUND ( 'NONE', #1157, .T. ) ;
#70 = CARTESIAN_POINT ( 'NONE',  ( -2.549999999999999822, -3.051666666666669414, -4.396022504722974844 ) ) ;
#71 = VERTEX_POINT ( 'NONE', #2820 ) ;
#72 = CARTESIAN_POINT ( 'NONE',  ( -3.079417623425332942E-15, -1.885000000000002895, -0.3737793182894292299 ) ) ;
#73 = ORIENTED_EDGE ( 'NONE', *, *, #2137, .T. ) ;
#74 = CARTESIAN_POINT ( 'NONE',  ( -1.994328967362931715E-16, -2.353749999317205965, -6.180765689790928441 ) ) ;
#75 = CARTESIAN_POINT ( 'NONE',  ( 2.549999999999999822, -1.676666665301075998, -1.451536131855884593 ) ) ;
#76 = CARTESIAN_POINT ( 'NONE',  ( 7.785697387528199762E-15, -3.509999998634409479, -5.473779318289427209 ) ) ;
#77 = FACE_OUTER_BOUND ( 'NONE', #1129, .T. ) ;
#78 = SHAPE_DEFINITION_REPRESENTATION ( #2053, #1419 ) ;
#79 = ORIENTED_EDGE ( 'NONE', *, *, #2196, .T. ) ;
#80 = EDGE_CURVE ( 'NONE', #2566, #2064, #570, .T. ) ;
#81 = ADVANCED_FACE ( 'NONE', ( #2031 ), #805, .F. ) ;
#82 = DIRECTION ( 'NONE',  ( -1.000000000000000000, 0.000000000000000000, 0.000000000000000000 ) ) ;
#83 = CYLINDRICAL_SURFACE ( 'NONE', #911, 2.549999999999999822 ) ;
#84 = DIRECTION ( 'NONE',  ( 0.000000000000000000, 1.000000000000000000, 0.000000000000000000 ) ) ;
#85 = EDGE_CURVE ( 'NONE', #1000, #2566, #2303, .T. ) ;
#86 = CARTESIAN_POINT ( 'NONE',  ( 1.410316468750001162, -2.499583332650539447, -0.4810395396633048715 ) ) ;
#87 = CARTESIAN_POINT ( 'NONE',  ( -2.549999999999999822, -0.1974999993172062429, -2.923779318289429163 ) ) ;
#88 = CARTESIAN_POINT ( 'NONE',  ( -1.410316468750000052, -1.812083332650539669, -5.366519096915554066 ) ) ;
#89 = CARTESIAN_POINT ( 'NONE',  ( -2.550000000000000266, -3.551666666666669414, -4.396022504722974844 ) ) ;
#90 = CARTESIAN_POINT ( 'NONE',  ( 4.750000000000000000, -4.200000000000000178, -5.862493294094194063 ) ) ;
#91 = CARTESIAN_POINT ( 'NONE',  ( 1.212973842314273076, -4.200000000000078337, -5.228981459371668805 ) ) ;
#92 = ORIENTED_EDGE ( 'NONE', *, *, #1853, .F. ) ;
#93 = CARTESIAN_POINT ( 'NONE',  ( -1.994328967362931715E-16, -3.791249999317206409, -6.180765689790928441 ) ) ;
#94 = CARTESIAN_POINT ( 'NONE',  ( 0.000000000000000000, -0.01000000000000306200, -2.923779318289429163 ) ) ;
#95 = CARTESIAN_POINT ( 'NONE',  ( -2.704257064395676036, -4.199999999999998401, -3.747290950113109975 ) ) ;
#96 = DIRECTION ( 'NONE',  ( 0.000000000000000000, 0.000000000000000000, 1.000000000000000000 ) ) ;
#97 = CIRCLE ( 'NONE', #2557, 0.2000000000000000944 ) ;
#98 = CARTESIAN_POINT ( 'NONE',  ( 2.820632937500000548, -1.457916665983873150, -1.295286132538680413 ) ) ;
#99 = EDGE_CURVE ( 'NONE', #71, #2159, #919, .T. ) ;
#100 = FACE_OUTER_BOUND ( 'NONE', #3158, .T. ) ;
#101 =( BOUNDED_CURVE ( )  B_SPLINE_CURVE ( 2, ( #2457, #23, #1454, #227, #2684, #2439, #993, #242, #3165, #485, #1974, #1960, #960, #1471, #1719, #2197, #501, #2956, #1942, #1209, #2422, #1231, #8, #976, #1193, #2941, #741, #2180, #2922, #261, #724, #2701, #2215, #1114, #1098, #2825, #2843, #2082, #3103, #2098, #1814, #3085, #1550, #874, #625, #1598, #2337, #1334, #1859, #338, #162, #2302, #112, #2115, #402, #842, #2584, #1082, #1874, #2793, #2857, #3036, #892, #1566, #2567, #2065, #641, #384, #3051, #145, #1829, #1613, #2552, #354, #1316, #3070, #2809, #2286, #605, #2538, #858, #1583, #1844, #370, #1302, #2355, #2599, #93, #1368, #1131, #2321, #1352, #130, #1062, #2047, #827, #590, #1416, #466 ),
 .UNSPECIFIED., .F., .T. ) 
 B_SPLINE_CURVE_WITH_KNOTS ( ( 3, 2, 2, 2, 2, 2, 2, 2, 2, 2, 2, 2, 2, 2, 2, 2, 2, 2, 2, 2, 2, 2, 2, 2, 2, 2, 2, 2, 2, 2, 2, 2, 2, 2, 2, 2, 2, 2, 2, 2, 2, 2, 2, 2, 2, 2, 2, 2, 2, 3 ),
 ( 0.000000000000000000, 0.01984040020010469779, 0.03968080040020939558, 0.05952120060031409338, 0.07936160080041879117, 0.09920200100052349590, 0.1190424012006281868, 0.1388828014007328915, 0.1587232016008375823, 0.1785636018009422732, 0.1984040020010469918, 0.2182444022011516827, 0.2380848024012563735, 0.2579252026013610921, 0.2777656028014657830, 0.2976060030015705293, 0.3174464032016751647, 0.3372868034017799110, 0.3571272036018845464, 0.3769676038019892927, 0.3968080040020939836, 0.4166484042021986745, 0.4364888044023033653, 0.4563292046024081117, 0.4761696048025127470, 0.4960100050026174934, 0.5158504052027221842, 0.5356908054028268751, 0.5555312056029315659, 0.5753716058030362568, 0.5952120060031410587, 0.6150524062032457495, 0.6348928064033503293, 0.6547332066034551312, 0.6745736068035598221, 0.6944140070036644019, 0.7142544072037690928, 0.7340948074038740057, 0.7539352076039785855, 0.7737756078040832763, 0.7936160080041879672, 0.8134564082042926580, 0.8332968084043973489, 0.8531372086045021508, 0.8729776088046067306, 0.8928180090047115325, 0.9126584092048162233, 0.9324988094049208032, 0.9523392096050254940, 0.9604968462475718116 ),
 .UNSPECIFIED. ) 
 CURVE ( )  GEOMETRIC_REPRESENTATION_ITEM ( )  RATIONAL_B_SPLINE_CURVE ( ( 1.000000000000000000, 0.8660254037844387076, 1.000000000000000000, 0.8660254037844387076, 1.000000000000000000, 0.8660254037844387076, 1.000000000000000000, 0.8660254037844387076, 1.000000000000000000, 0.8660254037844387076, 1.000000000000000000, 0.8660254037844387076, 1.000000000000000000, 0.8660254037844387076, 1.000000000000000000, 0.8660254037844387076, 1.000000000000000000, 0.8660254037844387076, 1.000000000000000000, 0.8660254037844387076, 1.000000000000000000, 0.8660254037844387076, 1.000000000000000000, 0.8660254037844387076, 1.000000000000000000, 0.8660254037844387076, 1.000000000000000000, 0.8660254037844387076, 1.000000000000000000, 0.8660254037844387076, 1.000000000000000000, 0.8660254037844387076, 1.000000000000000000, 0.8660254037844387076, 1.000000000000000000, 0.8660254037844387076, 1.000000000000000000, 0.8660254037844387076, 1.000000000000000000, 0.8660254037844387076, 1.000000000000000000, 0.8660254037844387076, 1.000000000000000000, 0.8660254037844387076, 1.000000000000000000, 0.8660254037844387076, 1.000000000000000000, 0.8660254037844387076, 1.000000000000000000, 0.8660254037844387076, 1.000000000000000000, 0.8660254037844387076, 1.000000000000000000, 0.8660254037844387076, 1.000000000000000000, 0.8660254037844387076, 1.000000000000000000, 0.8660254037844387076, 1.000000000000000000, 0.8660254037844387076, 1.000000000000000000, 0.8660254037844387076, 1.000000000000000000, 0.8660254037844387076, 1.000000000000000000, 0.8660254037844387076, 1.000000000000000000, 0.8660254037844387076, 1.000000000000000000, 0.8660254037844387076, 1.000000000000000000, 0.8660254037844387076, 1.000000000000000000, 0.8660254037844387076, 1.000000000000000000, 0.8660254037844387076, 1.000000000000000000, 0.8660254037844387076, 1.000000000000000000, 0.8660254037844387076, 1.000000000000000000, 0.8660254037844387076, 1.000000000000000000, 0.8660254037844387076, 1.000000000000000000, 0.8660254037844387076, 1.000000000000000000, 0.8660254037844387076, 1.000000000000000000, 0.8660254037844387076, 1.000000000000000000, 0.8660254037844387076, 1.000000000000000000, 0.8660254037844387076, 1.000000000000000000, 0.8660254037844387076, 1.000000000000000000, 0.9449146154192678004, 0.9351273646657114469 ) ) 
 REPRESENTATION_ITEM ( '' )  );
#102 = LINE ( 'NONE', #3043, #1359 ) ;
#103 = DIRECTION ( 'NONE',  ( -0.000000000000000000, 1.000000000000000000, -0.000000000000000000 ) ) ;
#104 = SPHERICAL_SURFACE ( 'NONE', #536, 0.2000000000000000111 ) ;
#105 = VECTOR ( 'NONE', #1912, 1000.000000000000000 ) ;
#106 = CARTESIAN_POINT ( 'NONE',  ( 2.820632937499999215, -0.5204166659838683762, -1.295286132538680635 ) ) ;
#107 = AXIS2_PLACEMENT_3D ( 'NONE', #2957, #38, #1455 ) ;
#108 = CARTESIAN_POINT ( 'NONE',  ( 2.820632937500000104, -0.9162499993172062984, -2.923779318289429607 ) ) ;
#109 = AXIS2_PLACEMENT_3D ( 'NONE', #2234, #40, #2766 ) ;
#110 = CARTESIAN_POINT ( 'NONE',  ( -1.994328967362931715E-16, -2.853749999317205965, -6.180765689790928441 ) ) ;
#111 = EDGE_LOOP ( 'NONE', ( #3050, #2514, #1978, #950 ) ) ;
#112 = CARTESIAN_POINT ( 'NONE',  ( 1.410316468749999386, -2.332916665983872928, -5.366519096915554066 ) ) ;
#113 = CARTESIAN_POINT ( 'NONE',  ( 9.877377282685029372E-16, -2.759999998634409035, -0.3737793182894292299 ) ) ;
#114 = LINE ( 'NONE', #2158, #808 ) ;
#115 = CARTESIAN_POINT ( 'NONE',  ( 4.549999999999999822, -1.300000000000000044, -5.773779318289429696 ) ) ;
#116 = AXIS2_PLACEMENT_3D ( 'NONE', #3163, #751, #2939 ) ;
#117 = CARTESIAN_POINT ( 'NONE',  ( -1.410316468750000274, -1.249583332650539669, -5.366519096915554066 ) ) ;
#118 = PRODUCT_DEFINITION_CONTEXT ( 'detailed design', #1348, 'design' ) ;
#119 = CARTESIAN_POINT ( 'NONE',  ( 4.750000000000000000, -1.500000000000000000, 1.441786509367187330 ) ) ;
#120 = EDGE_CURVE ( 'NONE', #2901, #1906, #1317, .T. ) ;
#121 = CARTESIAN_POINT ( 'NONE',  ( 1.410316468749999164, -4.395416665983873372, -5.366519096915554066 ) ) ;
#122 = CARTESIAN_POINT ( 'NONE',  ( -0.6832704406993590496, -0.4876708992651493380, -5.473779318289429874 ) ) ;
#123 = CARTESIAN_POINT ( 'NONE',  ( -1.274999999999998135, -4.301666665301075554, -0.7154145386391096428 ) ) ;
#124 = EDGE_CURVE ( 'NONE', #259, #71, #1312, .T. ) ;
#125 = CARTESIAN_POINT ( 'NONE',  ( 5.982986902088794405E-16, -1.103749999317201747, 0.3332070532120700035 ) ) ;
#126 = CARTESIAN_POINT ( 'NONE',  ( 2.820632937500000548, -0.9579166659838729281, -1.295286132538680413 ) ) ;
#127 = CARTESIAN_POINT ( 'NONE',  ( 2.820632937499999660, -2.478749999317205965, -2.923779318289429607 ) ) ;
#128 = VERTEX_POINT ( 'NONE', #1058 ) ;
#129 = ORIENTED_EDGE ( 'NONE', *, *, #2018, .F. ) ;
#130 = CARTESIAN_POINT ( 'NONE',  ( 1.410316468750001162, -3.999583332650539003, -0.4810395396633048715 ) ) ;
#131 = CARTESIAN_POINT ( 'NONE',  ( 0.6832704406993623802, -2.532329098003669898, -5.473779318289429874 ) ) ;
#132 = DIRECTION ( 'NONE',  ( 0.000000000000000000, 0.000000000000000000, -1.000000000000000000 ) ) ;
#133 = VECTOR ( 'NONE', #3138, 1000.000000000000000 ) ;
#134 = DIRECTION ( 'NONE',  ( 0.000000000000000000, 0.000000000000000000, -1.000000000000000000 ) ) ;
#135 = CARTESIAN_POINT ( 'NONE',  ( -2.820632937499999215, -1.124583332650539669, -1.295286132538677748 ) ) ;
#136 = CYLINDRICAL_SURFACE ( 'NONE', #1380, 2.549999999999999822 ) ;
#137 = CARTESIAN_POINT ( 'NONE',  ( 3.122849337825749926E-16, -0.01000000000000306200, -5.473779318289428986 ) ) ;
#138 = FACE_OUTER_BOUND ( 'NONE', #460, .T. ) ;
#139 = CARTESIAN_POINT ( 'NONE',  ( 1.410316468749999164, -1.895416665983868265, -5.366519096915554066 ) ) ;
#140 = AXIS2_PLACEMENT_3D ( 'NONE', #1401, #385, #1353 ) ;
#141 = CARTESIAN_POINT ( 'NONE',  ( -2.820632937500000104, -1.707916665983873150, -4.552272504040178802 ) ) ;
#142 = CARTESIAN_POINT ( 'NONE',  ( 2.820632937499999215, -1.937083332650539447, -4.552272504040179690 ) ) ;
#143 = ORIENTED_EDGE ( 'NONE', *, *, #2513, .F. ) ;
#144 = EDGE_LOOP ( 'NONE', ( #1597, #1827, #986, #1995, #2041, #539, #2475, #2411, #2381, #2681, #1191, #789, #45, #1905, #1738, #856, #1385, #826, #2582, #2113, #1408 ) ) ;
#145 = CARTESIAN_POINT ( 'NONE',  ( 5.982986902088794405E-16, -3.041249999317206409, 0.3332070532120704476 ) ) ;
#146 = DIRECTION ( 'NONE',  ( 0.000000000000000000, -1.000000000000000000, 0.000000000000000000 ) ) ;
#147 = DIRECTION ( 'NONE',  ( 0.000000000000000000, 0.000000000000000000, 1.000000000000000000 ) ) ;
#148 = CARTESIAN_POINT ( 'NONE',  ( 9.877377282685029372E-16, -3.385000000000002451, -0.3737793182894292299 ) ) ;
#149 = CARTESIAN_POINT ( 'NONE',  ( 1.275000000000001021, -1.843333333333336377, -0.7154145386391113082 ) ) ;
#150 = EDGE_CURVE ( 'NONE', #1980, #745, #1777, .T. ) ;
#151 = DIRECTION ( 'NONE',  ( 0.000000000000000000, 0.000000000000000000, 1.000000000000000000 ) ) ;
#152 = CARTESIAN_POINT ( 'NONE',  ( -2.549999999999999822, -1.384999998634409479, -2.923779318289429163 ) ) ;
#153 = VECTOR ( 'NONE', #3091, 1000.000000000000000 ) ;
#154 = CARTESIAN_POINT ( 'NONE',  ( 2.549999999999999378, -2.718333333333335933, -4.396022504722975732 ) ) ;
#155 = DIRECTION ( 'NONE',  ( -1.000000000000000000, 0.000000000000000000, 0.000000000000000000 ) ) ;
#156 = CARTESIAN_POINT ( 'NONE',  ( -2.820632937499999660, -1.728749999317201747, -2.923779318289429163 ) ) ;
#157 = CARTESIAN_POINT ( 'NONE',  ( -1.410316468750000274, -2.249583332650539891, -5.366519096915554066 ) ) ;
#158 = CARTESIAN_POINT ( 'NONE',  ( -2.820632937499998771, -1.687083332650539225, -1.295286132538677970 ) ) ;
#159 = AXIS2_PLACEMENT_3D ( 'NONE', #1618, #2850, #2589 ) ;
#160 = ORIENTED_EDGE ( 'NONE', *, *, #1151, .T. ) ;
#161 = ORIENTED_EDGE ( 'NONE', *, *, #878, .F. ) ;
#162 = CARTESIAN_POINT ( 'NONE',  ( -1.410316468750000274, -2.249583332650539891, -5.366519096915554066 ) ) ;
#163 = EDGE_CURVE ( 'NONE', #1762, #1517, #2874, .T. ) ;
#164 = CARTESIAN_POINT ( 'NONE',  ( 2.549999999999999822, -2.634999998634409479, -2.923779318289429607 ) ) ;
#165 = CARTESIAN_POINT ( 'NONE',  ( 7.785697387528199762E-15, -4.135000000000003340, -5.473779318289427209 ) ) ;
#166 = CARTESIAN_POINT ( 'NONE',  ( 5.982986902088794405E-16, -2.541249999317206854, 0.3332070532120704476 ) ) ;
#167 = DIRECTION ( 'NONE',  ( 0.000000000000000000, -0.000000000000000000, 1.000000000000000000 ) ) ;
#168 = AXIS2_PLACEMENT_3D ( 'NONE', #554, #1530, #2461 ) ;
#169 = CARTESIAN_POINT ( 'NONE',  ( -2.820632937500000104, -0.1662499993172063262, -2.923779318289429163 ) ) ;
#170 = CARTESIAN_POINT ( 'NONE',  ( -1.410316468750000052, -2.812083332650534562, -5.366519096915554066 ) ) ;
#171 = CARTESIAN_POINT ( 'NONE',  ( 2.820632937500000104, -0.3745833326505396688, -4.552272504040179690 ) ) ;
#172 = CARTESIAN_POINT ( 'NONE',  ( -2.820632937500000104, -0.7704166659838729281, -4.552272504040177914 ) ) ;
#173 = ORIENTED_EDGE ( 'NONE', *, *, #2882, .T. ) ;
#174 = ORIENTED_EDGE ( 'NONE', *, *, #529, .F. ) ;
#175 = CARTESIAN_POINT ( 'NONE',  ( -2.550000000000000266, -3.051666666666669414, -4.396022504722974844 ) ) ;
#176 = CARTESIAN_POINT ( 'NONE',  ( 0.000000000000000000, -0.01000000000000306200, -2.923779318289429163 ) ) ;
#177 = CARTESIAN_POINT ( 'NONE',  ( -2.549999999999998934, -2.343333331967742517, -1.451536131855882372 ) ) ;
#178 = EDGE_CURVE ( 'NONE', #2174, #563, #229, .T. ) ;
#179 = CARTESIAN_POINT ( 'NONE',  ( -1.410316468750000274, -2.749583332650539891, -5.366519096915554066 ) ) ;
#180 = CARTESIAN_POINT ( 'NONE',  ( 2.550000000000000266, -3.801666666666669858, -1.451536131855884593 ) ) ;
#181 = FACE_OUTER_BOUND ( 'NONE', #2963, .T. ) ;
#182 = EDGE_CURVE ( 'NONE', #2505, #1736, #2640, .T. ) ;
#183 = CARTESIAN_POINT ( 'NONE',  ( -2.820632937499999215, -4.124583332650539447, -1.295286132538677748 ) ) ;
#184 = CARTESIAN_POINT ( 'NONE',  ( 2.549999999999999378, -1.593333331967742961, -4.396022504722975732 ) ) ;
#185 = CIRCLE ( 'NONE', #1006, 0.1999999999999996503 ) ;
#186 = EDGE_LOOP ( 'NONE', ( #270, #2202, #3170, #2631 ) ) ;
#187 = ORIENTED_EDGE ( 'NONE', *, *, #1253, .T. ) ;
#188 = CARTESIAN_POINT ( 'NONE',  ( 4.549999999999999822, 0.000000000000000000, -5.773779318289429696 ) ) ;
#189 = CARTESIAN_POINT ( 'NONE',  ( 3.122849337825750419E-16, -4.200000000000000178, -5.473779318289428986 ) ) ;
#190 = DIRECTION ( 'NONE',  ( -0.000000000000000000, 1.000000000000000000, -0.000000000000000000 ) ) ;
#191 = CARTESIAN_POINT ( 'NONE',  ( -2.820632937500000104, -2.666249999317206409, -2.923779318289429163 ) ) ;
#192 = DIRECTION ( 'NONE',  ( -0.000000000000000000, 1.000000000000000000, -0.000000000000000000 ) ) ;
#193 = CARTESIAN_POINT ( 'NONE',  ( -4.549999999999998934, 0.000000000000000000, 0.1262206817105703816 ) ) ;
#194 = FILL_AREA_STYLE ('',( #1945 ) ) ;
#195 = ADVANCED_FACE ( 'NONE', ( #1422 ), #2460, .T. ) ;
#196 = EDGE_LOOP ( 'NONE', ( #1425, #2490, #774 ) ) ;
#197 = CARTESIAN_POINT ( 'NONE',  ( 2.549999999999999378, -0.5933333319677427387, -4.396022504722975732 ) ) ;
#198 = AXIS2_PLACEMENT_3D ( 'NONE', #1535, #1246, #770 ) ;
#199 = CARTESIAN_POINT ( 'NONE',  ( 1.410316468749999386, -3.832916665983872928, -5.366519096915554066 ) ) ;
#200 = CARTESIAN_POINT ( 'NONE',  ( 2.549999999999999822, -0.6766666653010761090, -1.451536131855884593 ) ) ;
#201 = FACE_OUTER_BOUND ( 'NONE', #2212, .T. ) ;
#202 = EDGE_LOOP ( 'NONE', ( #2498, #22, #2398, #1434 ) ) ;
#203 = EDGE_LOOP ( 'NONE', ( #1296, #921, #92, #2354 ) ) ;
#204 = DIRECTION ( 'NONE',  ( -0.000000000000000000, -0.8497617118223305122, 0.5271669878897791151 ) ) ;
#205 = CARTESIAN_POINT ( 'NONE',  ( -4.750000000000000000, -0.2000000000000000111, -5.973779318289428986 ) ) ;
#206 = CARTESIAN_POINT ( 'NONE',  ( -4.750000000000000000, -1.700000000000000178, -6.173779318289428275 ) ) ;
#207 = CIRCLE ( 'NONE', #675, 0.1999999999999996503 ) ;
#208 = CYLINDRICAL_SURFACE ( 'NONE', #3023, 2.549999999999999822 ) ;
#209 = CIRCLE ( 'NONE', #59, 0.1999999999999999278 ) ;
#210 = LINE ( 'NONE', #2924, #1485 ) ;
#211 = CARTESIAN_POINT ( 'NONE',  ( -1.994328967362931468E-16, -3.853749999317201080, -6.180765689790928441 ) ) ;
#212 = CARTESIAN_POINT ( 'NONE',  ( -2.550000000000000266, -1.051666666666669636, -4.396022504722974844 ) ) ;
#213 = ORIENTED_EDGE ( 'NONE', *, *, #562, .T. ) ;
#214 = CARTESIAN_POINT ( 'NONE',  ( 4.549999999999999822, 0.000000000000000000, -5.973779318289428986 ) ) ;
#215 = AXIS2_PLACEMENT_3D ( 'NONE', #1005, #2969, #766 ) ;
#216 = EDGE_CURVE ( 'NONE', #3001, #2566, #1473, .T. ) ;
#217 = ORIENTED_EDGE ( 'NONE', *, *, #2848, .F. ) ;
#218 = EDGE_CURVE ( 'NONE', #2946, #729, #434, .T. ) ;
#219 = CARTESIAN_POINT ( 'NONE',  ( -2.820632937500000104, -3.666249999317206409, -2.923779318289429163 ) ) ;
#220 = CARTESIAN_POINT ( 'NONE',  ( 2.820632937500000104, -3.520416665983872484, -1.295286132538680635 ) ) ;
#221 = CARTESIAN_POINT ( 'NONE',  ( 2.549999999999999378, -1.218333333333336377, -4.396022504722975732 ) ) ;
#222 = VERTEX_POINT ( 'NONE', #1406 ) ;
#223 = ORIENTED_EDGE ( 'NONE', *, *, #454, .T. ) ;
#224 = CARTESIAN_POINT ( 'NONE',  ( -2.549999999999999822, -3.010000000000003340, -2.923779318289429163 ) ) ;
#225 = CARTESIAN_POINT ( 'NONE',  ( -7.146572975119167637E-15, -3.259999998634409035, -0.3737793182894292299 ) ) ;
#226 = DIRECTION ( 'NONE',  ( 1.000000000000000000, 0.000000000000000000, 0.000000000000000000 ) ) ;
#227 = CARTESIAN_POINT ( 'NONE',  ( -1.994328967362931715E-16, -0.2912499993172063539, -6.180765689790928441 ) ) ;
#228 = PLANE ( 'NONE',  #1745 ) ;
#229 = LINE ( 'NONE', #929, #1636 ) ;
#230 = CARTESIAN_POINT ( 'NONE',  ( -0.6832704406993653778, -0.4073290993692634254, -0.3737793182894309507 ) ) ;
#231 = EDGE_LOOP ( 'NONE', ( #498, #992, #989, #2739 ) ) ;
#232 = DIRECTION ( 'NONE',  ( 0.000000000000000000, 0.000000000000000000, 1.000000000000000000 ) ) ;
#233 = EDGE_CURVE ( 'NONE', #685, #1446, #1181, .T. ) ;
#234 = ORIENTED_EDGE ( 'NONE', *, *, #3022, .T. ) ;
#235 = CARTESIAN_POINT ( 'NONE',  ( 2.728526966076942450, -4.388196724668905979, -3.967031509360440911 ) ) ;
#236 = CARTESIAN_POINT ( 'NONE',  ( -2.820632937499998771, -4.187083332650539447, -1.295286132538677970 ) ) ;
#237 = CARTESIAN_POINT ( 'NONE',  ( -1.802977905832341484E-16, -0.1350000000000030898, -5.868265691156519637 ) ) ;
#238 = CARTESIAN_POINT ( 'NONE',  ( 4.750000000000000000, -0.2000000000000000111, 0.1262206817105703816 ) ) ;
#239 = ORIENTED_EDGE ( 'NONE', *, *, #1514, .F. ) ;
#240 = CARTESIAN_POINT ( 'NONE',  ( 0.6832704406993627133, -0.3626709006307429206, -0.3737793182894291744 ) ) ;
#241 = CARTESIAN_POINT ( 'NONE',  ( -4.750000000000000000, -0.2000000000000000111, -5.773779318289429696 ) ) ;
#242 = CARTESIAN_POINT ( 'NONE',  ( 2.820632937500000548, -0.4579166659838730391, -1.295286132538680191 ) ) ;
#243 = CARTESIAN_POINT ( 'NONE',  ( -0.4363761232199521722, -4.200000000000001954, -0.2729225301314245899 ) ) ;
#244 =( BOUNDED_CURVE ( )  B_SPLINE_CURVE ( 2, ( #2669, #662, #472, #1375, #3120, #2361, #2972, #1024, #1504 ),
 .UNSPECIFIED., .F., .T. ) 
 B_SPLINE_CURVE_WITH_KNOTS ( ( 3, 2, 2, 2, 3 ),
 ( 0.1278186760968240687, 0.1370779353560833691, 0.1555964538746018588, 0.1741149723931203486, 0.1833742316523796489 ),
 .UNSPECIFIED. ) 
 CURVE ( )  GEOMETRIC_REPRESENTATION_ITEM ( )  RATIONAL_B_SPLINE_CURVE ( ( 0.9330127018922194093, 0.9330127018922189652, 1.000000000000000000, 0.8660254037844387076, 1.000000000000000000, 0.8660254037844387076, 1.000000000000000000, 0.9330127018922194093, 0.9330127018922194093 ) ) 
 REPRESENTATION_ITEM ( '' )  );
#245 = CARTESIAN_POINT ( 'NONE',  ( 2.549999999999999822, -1.634999998634409479, -2.923779318289429607 ) ) ;
#246 = CARTESIAN_POINT ( 'NONE',  ( 0.000000000000000000, -4.200000000000000178, -2.923779318289429163 ) ) ;
#247 = CARTESIAN_POINT ( 'NONE',  ( -1.275000000000000133, -2.093333333333336377, -5.132144097939747240 ) ) ;
#248 = ORIENTED_EDGE ( 'NONE', *, *, #1925, .F. ) ;
#249 = CARTESIAN_POINT ( 'NONE',  ( 2.324088772396477673E-16, -0.1350000000000030898, -5.473779318289429874 ) ) ;
#250 = ORIENTED_EDGE ( 'NONE', *, *, #2636, .F. ) ;
#251 = CARTESIAN_POINT ( 'NONE',  ( 2.281939981331421841, -4.365872627378244886, -4.581705761082060846 ) ) ;
#252 = CARTESIAN_POINT ( 'NONE',  ( -1.410316468749997831, -4.145416665983873372, -0.4810395396633035947 ) ) ;
#253 = CARTESIAN_POINT ( 'NONE',  ( -2.549999999999999822, -0.5516666666666696361, -4.396022504722974844 ) ) ;
#254 = CARTESIAN_POINT ( 'NONE',  ( -3.079417623425332942E-15, -1.885000000000002895, -0.3737793182894292299 ) ) ;
#255 = VERTEX_POINT ( 'NONE', #2405 ) ;
#256 = VECTOR ( 'NONE', #204, 1000.000000000000000 ) ;
#257 = CARTESIAN_POINT ( 'NONE',  ( 2.549999999999999822, -3.134999998634409479, -2.923779318289429607 ) ) ;
#258 = CARTESIAN_POINT ( 'NONE',  ( 4.750000000000000000, -1.300000000000000044, -6.173779318289428275 ) ) ;
#259 = VERTEX_POINT ( 'NONE', #946 ) ;
#260 = EDGE_CURVE ( 'NONE', #2706, #733, #2468, .T. ) ;
#261 = CARTESIAN_POINT ( 'NONE',  ( 2.820632937499999215, -1.374583332650539669, -4.552272504040179690 ) ) ;
#262 = CARTESIAN_POINT ( 'NONE',  ( 1.274999999999999245, -0.6766666666666697472, -5.132144097939748129 ) ) ;
#263 = EDGE_CURVE ( 'NONE', #1672, #2096, #1484, .T. ) ;
#264 = CARTESIAN_POINT ( 'NONE',  ( 0.000000000000000000, -4.200000000000000178, -2.923779318289429163 ) ) ;
#265 = CIRCLE ( 'NONE', #1372, 0.2000000000000000111 ) ;
#266 = AXIS2_PLACEMENT_3D ( 'NONE', #311, #2483, #1013 ) ;
#267 = CARTESIAN_POINT ( 'NONE',  ( 5.408933717497023466E-16, -3.885000000000003340, 0.02070705457766185142 ) ) ;
#268 = ORIENTED_EDGE ( 'NONE', *, *, #182, .T. ) ;
#269 = DIRECTION ( 'NONE',  ( 0.000000000000000000, -1.000000000000000000, 0.000000000000000000 ) ) ;
#270 = ORIENTED_EDGE ( 'NONE', *, *, #483, .T. ) ;
#271 = CARTESIAN_POINT ( 'NONE',  ( 2.820632937499999660, -2.478749999317205965, -2.923779318289429607 ) ) ;
#272 = CARTESIAN_POINT ( 'NONE',  ( 5.408933717497023466E-16, -4.259999998634408591, 0.02070705457766185142 ) ) ;
#273 = CARTESIAN_POINT ( 'NONE',  ( 0.6832704406993661550, -3.532329098003669454, -5.473779318289426321 ) ) ;
#274 = VECTOR ( 'NONE', #2528, 1000.000000000000000 ) ;
#275 = CARTESIAN_POINT ( 'NONE',  ( 7.785697387528199762E-15, -3.009999998634409479, -5.473779318289427209 ) ) ;
#276 = ORIENTED_EDGE ( 'NONE', *, *, #2318, .F. ) ;
#277 = CARTESIAN_POINT ( 'NONE',  ( 4.549999999999999822, -1.700000000000000178, -6.173779318289428275 ) ) ;
#278 = ADVANCED_FACE ( 'NONE', ( #786 ), #293, .T. ) ;
#279 = CARTESIAN_POINT ( 'NONE',  ( 0.6832704406993636015, -1.237670899265149060, -0.3737793182894296740 ) ) ;
#280 = CARTESIAN_POINT ( 'NONE',  ( 1.274999999999999245, -2.176666666666669414, -5.132144097939748129 ) ) ;
#281 = VERTEX_POINT ( 'NONE', #1263 ) ;
#282 = CARTESIAN_POINT ( 'NONE',  ( 4.549999999999999822, -1.300000000000000044, -6.173779318289428275 ) ) ;
#283 = ORIENTED_EDGE ( 'NONE', *, *, #2184, .F. ) ;
#284 = CARTESIAN_POINT ( 'NONE',  ( 2.820632937499999215, -2.437083332650539447, -4.552272504040179690 ) ) ;
#285 = AXIS2_PLACEMENT_3D ( 'NONE', #2043, #3028, #1822 ) ;
#286 = CARTESIAN_POINT ( 'NONE',  ( -1.275000000000000133, -3.968333331967742517, -5.132144097939747240 ) ) ;
#287 = VECTOR ( 'NONE', #1257, 1000.000000000000000 ) ;
#288 = EDGE_LOOP ( 'NONE', ( #161, #2530, #841, #1172 ) ) ;
#289 = ADVANCED_FACE ( 'NONE', ( #1991 ), #2007, .F. ) ;
#290 = DIRECTION ( 'NONE',  ( 0.000000000000000000, 1.000000000000000000, 0.000000000000000000 ) ) ;
#291 = EDGE_LOOP ( 'NONE', ( #2463, #1916, #2537, #2614 ) ) ;
#292 = CARTESIAN_POINT ( 'NONE',  ( -2.549999999999999822, -0.3849999986344094238, -2.923779318289429163 ) ) ;
#293 = CYLINDRICAL_SURFACE ( 'NONE', #1376, 0.2000000000000000111 ) ;
#294 = CARTESIAN_POINT ( 'NONE',  ( 4.549999999999999822, -0.2000000000000000111, -5.973779318289428986 ) ) ;
#295 = VECTOR ( 'NONE', #1073, 1000.000000000000000 ) ;
#296 = CARTESIAN_POINT ( 'NONE',  ( 2.549999999999999378, -1.718333333333336377, -4.396022504722975732 ) ) ;
#297 = ORIENTED_EDGE ( 'NONE', *, *, #2478, .F. ) ;
#298 = FACE_OUTER_BOUND ( 'NONE', #1198, .T. ) ;
#299 = ADVANCED_FACE ( 'NONE', ( #2734 ), #83, .F. ) ;
#300 = CARTESIAN_POINT ( 'NONE',  ( 5.982986902088794405E-16, -1.603749999317206187, 0.3332070532120700035 ) ) ;
#301 = CARTESIAN_POINT ( 'NONE',  ( -1.275000000000000133, -3.468333331967742961, -5.132144097939747240 ) ) ;
#302 = ORIENTED_EDGE ( 'NONE', *, *, #1016, .F. ) ;
#303 = DIRECTION ( 'NONE',  ( -0.000000000000000000, -0.000000000000000000, -1.000000000000000000 ) ) ;
#304 = CARTESIAN_POINT ( 'NONE',  ( 2.550000000000000266, -2.176666665301076442, -1.451536131855884593 ) ) ;
#305 = ORIENTED_EDGE ( 'NONE', *, *, #1567, .F. ) ;
#306 = CARTESIAN_POINT ( 'NONE',  ( -2.429255462967472745, -4.200000000000004619, -1.517983725755229774 ) ) ;
#307 = CARTESIAN_POINT ( 'NONE',  ( 4.750000000000000000, -1.700000000000000178, 1.441786509367187330 ) ) ;
#308 = CARTESIAN_POINT ( 'NONE',  ( -4.549999999999998934, 0.000000000000000000, -5.773779318289429696 ) ) ;
#309 = CARTESIAN_POINT ( 'NONE',  ( -1.802977905832341484E-16, -1.635000000000002895, -5.868265691156519637 ) ) ;
#310 = EDGE_LOOP ( 'NONE', ( #2936, #1477, #1627 ) ) ;
#311 = CARTESIAN_POINT ( 'NONE',  ( -4.549999999999998934, -1.300000000000000044, 0.3262206817105703927 ) ) ;
#312 = VECTOR ( 'NONE', #345, 1000.000000000000000 ) ;
#313 = VERTEX_POINT ( 'NONE', #995 ) ;
#314 = VECTOR ( 'NONE', #677, 1000.000000000000000 ) ;
#315 = CARTESIAN_POINT ( 'NONE',  ( -2.820632937500000104, -2.770416665983872484, -4.552272504040177914 ) ) ;
#316 = EDGE_CURVE ( 'NONE', #2246, #2174, #1655, .T. ) ;
#317 = CARTESIAN_POINT ( 'NONE',  ( -2.549999999999999822, -2.926666665301075998, -4.396022504722974844 ) ) ;
#318 = EDGE_CURVE ( 'NONE', #3001, #640, #1579, .T. ) ;
#319 = CARTESIAN_POINT ( 'NONE',  ( 2.820632937499999660, -1.478749999317201747, -2.923779318289429607 ) ) ;
#320 = CARTESIAN_POINT ( 'NONE',  ( -2.565671987061221682, -4.200000000000000178, -4.095657052065100778 ) ) ;
#321 = DIRECTION ( 'NONE',  ( 1.000000000000000000, 0.000000000000000000, 0.000000000000000000 ) ) ;
#322 = CIRCLE ( 'NONE', #2110, 0.1999999999999996503 ) ;
#323 = ORIENTED_EDGE ( 'NONE', *, *, #846, .T. ) ;
#324 = DIRECTION ( 'NONE',  ( 0.000000000000000000, 0.000000000000000000, -1.000000000000000000 ) ) ;
#325 = LINE ( 'NONE', #2275, #1313 ) ;
#326 = DIRECTION ( 'NONE',  ( 1.000000000000000000, 0.000000000000000000, 0.000000000000000000 ) ) ;
#327 = CARTESIAN_POINT ( 'NONE',  ( -2.820632937499999215, -1.624583332650539447, -1.295286132538677748 ) ) ;
#328 = ORIENTED_EDGE ( 'NONE', *, *, #316, .T. ) ;
#329 = DIRECTION ( 'NONE',  ( 1.000000000000000000, 0.000000000000000000, 2.058290061827953374E-15 ) ) ;
#330 =( BOUNDED_SURFACE ( )  B_SPLINE_SURFACE ( 1, 2, ( 
 ( #2696, #3157, #1431, #237, #953, #2916, #463, #2449, #1699, #1936, #1201, #2679, #2663, #253, #2432, #3175, #718, #2211, #1220, #736, #479, #1449, #2191, #969, #2414, #1955, #2935, #1679, #495, #221, #1189, #764, #997, #1752, #1964, #1248, #2235, #1279, #1708, #309, #1507, #296, #2961, #12, #546, #2496, #532, #2443, #2945, #1265, #247, #744, #280, #1213, #2752, #758, #2250, #1521, #2221, #2688, #504, #27, #2512, #42, #489, #2930, #1767, #1011, #981, #56, #2736, #2720, #1029, #70, #2201, #1236, #2264, #2010, #2992, #1993, #1946, #1721, #2976, #2705, #773, #2462, #788, #518, #728, #2481, #1458, #1494, #1475, #267, #1977, #1735, #613, #1293, #3057, #1537, #2573, #2070, #1339 ),
 ( #1321, #3041, #2556, #1041, #800, #2767, #1307, #359, #2024, #831, #2326, #2815, #2529, #1603, #1054, #2052, #2308, #847, #3075, #1834, #1589, #2038, #1818, #135, #812, #561, #117, #3021, #2542, #1781, #864, #98, #1801, #1086, #2798, #327, #1849, #1572, #375, #2784, #2343, #390, #1102, #1066, #594, #578, #2089, #2277, #2833, #1556, #3007, #631, #343, #2588, #1357, #2291, #86, #166, #1668, #1161, #191, #2906, #179, #1617, #2860, #1134, #678, #2604, #910, #1651, #406, #1893, #1374, #927, #2120, #470, #2621, #692, #3132, #2375, #438, #3106, #3148, #943, #2147, #1928, #661, #897, #2888, #1403, #1877, #1685, #2403, #2360, #1632, #1147, #1910, #424, #2385, #2652, #453, #1420, #1393 ) ),
 .UNSPECIFIED., .F., .F., .T. ) 
 B_SPLINE_SURFACE_WITH_KNOTS ( ( 2, 2 ),
 ( 3, 2, 2, 2, 2, 2, 2, 2, 2, 2, 2, 2, 2, 2, 2, 2, 2, 2, 2, 2, 2, 2, 2, 2, 2, 2, 2, 2, 2, 2, 2, 2, 2, 2, 2, 2, 2, 2, 2, 2, 2, 2, 2, 2, 2, 2, 2, 2, 2, 2, 2, 3 ),
 ( 0.000000000000000000, 1.000000000000000000 ),
 ( 0.000000000000000000, 0.01851851851851851749, 0.03703703703703703498, 0.05555555555555555247, 0.07407407407407406996, 0.09259259259259258745, 0.1111111111111111049, 0.1296296296296296224, 0.1481481481481481399, 0.1666666666666666574, 0.1851851851851851749, 0.2037037037037036924, 0.2222222222222222099, 0.2407407407407407274, 0.2592592592592592449, 0.2777777777777777901, 0.2962962962962962798, 0.3148148148148148251, 0.3333333333333333148, 0.3518518518518518601, 0.3703703703703703498, 0.3888888888888888951, 0.4074074074074073848, 0.4259259259259259300, 0.4444444444444444198, 0.4629629629629629650, 0.4814814814814814548, 0.5000000000000000000, 0.5185185185185184897, 0.5370370370370370905, 0.5555555555555555802, 0.5740740740740740700, 0.5925925925925925597, 0.6111111111111111605, 0.6296296296296296502, 0.6481481481481481399, 0.6666666666666666297, 0.6851851851851852304, 0.7037037037037037202, 0.7222222222222222099, 0.7407407407407406996, 0.7592592592592593004, 0.7777777777777777901, 0.7962962962962962798, 0.8148148148148147696, 0.8333333333333333703, 0.8518518518518518601, 0.8703703703703703498, 0.8888888888888888395, 0.9074074074074074403, 0.9259259259259259300, 0.9333742430467959483 ),
 .UNSPECIFIED. ) 
 GEOMETRIC_REPRESENTATION_ITEM ( )  RATIONAL_B_SPLINE_SURFACE ( (
 ( 1.000000000000000000, 0.8660254037844387076, 1.000000000000000000, 0.8660254037844387076, 1.000000000000000000, 0.8660254037844387076, 1.000000000000000000, 0.8660254037844387076, 1.000000000000000000, 0.8660254037844387076, 1.000000000000000000, 0.8660254037844387076, 1.000000000000000000, 0.8660254037844387076, 1.000000000000000000, 0.8660254037844387076, 1.000000000000000000, 0.8660254037844387076, 1.000000000000000000, 0.8660254037844387076, 1.000000000000000000, 0.8660254037844387076, 1.000000000000000000, 0.8660254037844387076, 1.000000000000000000, 0.8660254037844387076, 1.000000000000000000, 0.8660254037844387076, 1.000000000000000000, 0.8660254037844387076, 1.000000000000000000, 0.8660254037844387076, 1.000000000000000000, 0.8660254037844387076, 1.000000000000000000, 0.8660254037844387076, 1.000000000000000000, 0.8660254037844387076, 1.000000000000000000, 0.8660254037844387076, 1.000000000000000000, 0.8660254037844387076, 1.000000000000000000, 0.8660254037844387076, 1.000000000000000000, 0.8660254037844387076, 1.000000000000000000, 0.8660254037844387076, 1.000000000000000000, 0.8660254037844387076, 1.000000000000000000, 0.8660254037844387076, 1.000000000000000000, 0.8660254037844387076, 1.000000000000000000, 0.8660254037844387076, 1.000000000000000000, 0.8660254037844387076, 1.000000000000000000, 0.8660254037844387076, 1.000000000000000000, 0.8660254037844387076, 1.000000000000000000, 0.8660254037844387076, 1.000000000000000000, 0.8660254037844387076, 1.000000000000000000, 0.8660254037844387076, 1.000000000000000000, 0.8660254037844387076, 1.000000000000000000, 0.8660254037844387076, 1.000000000000000000, 0.8660254037844387076, 1.000000000000000000, 0.8660254037844387076, 1.000000000000000000, 0.8660254037844387076, 1.000000000000000000, 0.8660254037844387076, 1.000000000000000000, 0.8660254037844387076, 1.000000000000000000, 0.8660254037844387076, 1.000000000000000000, 0.8660254037844387076, 1.000000000000000000, 0.8660254037844387076, 1.000000000000000000, 0.8660254037844387076, 1.000000000000000000, 0.8660254037844387076, 1.000000000000000000, 0.8660254037844387076, 1.000000000000000000, 0.8660254037844387076, 1.000000000000000000, 0.8660254037844387076, 1.000000000000000000, 0.8660254037844387076, 1.000000000000000000, 0.9461141949472831048, 0.9355751148439359621),
 ( 1.000000000000000000, 0.8660254037844387076, 1.000000000000000000, 0.8660254037844387076, 1.000000000000000000, 0.8660254037844387076, 1.000000000000000000, 0.8660254037844387076, 1.000000000000000000, 0.8660254037844387076, 1.000000000000000000, 0.8660254037844387076, 1.000000000000000000, 0.8660254037844387076, 1.000000000000000000, 0.8660254037844387076, 1.000000000000000000, 0.8660254037844387076, 1.000000000000000000, 0.8660254037844387076, 1.000000000000000000, 0.8660254037844387076, 1.000000000000000000, 0.8660254037844387076, 1.000000000000000000, 0.8660254037844387076, 1.000000000000000000, 0.8660254037844387076, 1.000000000000000000, 0.8660254037844387076, 1.000000000000000000, 0.8660254037844387076, 1.000000000000000000, 0.8660254037844387076, 1.000000000000000000, 0.8660254037844387076, 1.000000000000000000, 0.8660254037844387076, 1.000000000000000000, 0.8660254037844387076, 1.000000000000000000, 0.8660254037844387076, 1.000000000000000000, 0.8660254037844387076, 1.000000000000000000, 0.8660254037844387076, 1.000000000000000000, 0.8660254037844387076, 1.000000000000000000, 0.8660254037844387076, 1.000000000000000000, 0.8660254037844387076, 1.000000000000000000, 0.8660254037844387076, 1.000000000000000000, 0.8660254037844387076, 1.000000000000000000, 0.8660254037844387076, 1.000000000000000000, 0.8660254037844387076, 1.000000000000000000, 0.8660254037844387076, 1.000000000000000000, 0.8660254037844387076, 1.000000000000000000, 0.8660254037844387076, 1.000000000000000000, 0.8660254037844387076, 1.000000000000000000, 0.8660254037844387076, 1.000000000000000000, 0.8660254037844387076, 1.000000000000000000, 0.8660254037844387076, 1.000000000000000000, 0.8660254037844387076, 1.000000000000000000, 0.8660254037844387076, 1.000000000000000000, 0.8660254037844387076, 1.000000000000000000, 0.8660254037844387076, 1.000000000000000000, 0.8660254037844387076, 1.000000000000000000, 0.8660254037844387076, 1.000000000000000000, 0.8660254037844387076, 1.000000000000000000, 0.8660254037844387076, 1.000000000000000000, 0.8660254037844387076, 1.000000000000000000, 0.8660254037844387076, 1.000000000000000000, 0.8660254037844387076, 1.000000000000000000, 0.8660254037844387076, 1.000000000000000000, 0.8660254037844387076, 1.000000000000000000, 0.9461141949472831048, 0.9355751148439359621) ) ) 
 REPRESENTATION_ITEM ( '' )  SURFACE ( )  );
#331 = CARTESIAN_POINT ( 'NONE',  ( 2.820632937499999215, -3.437083332650539447, -4.552272504040179690 ) ) ;
#332 = CARTESIAN_POINT ( 'NONE',  ( -2.549999999999999822, -2.426666665301075998, -4.396022504722974844 ) ) ;
#333 = ADVANCED_FACE ( 'NONE', ( #1051 ), #68, .F. ) ;
#334 = CARTESIAN_POINT ( 'NONE',  ( 7.785697387528199762E-15, -3.509999998634409479, -5.473779318289427209 ) ) ;
#335 = DIRECTION ( 'NONE',  ( 0.000000000000000000, 0.7071067811865321406, 0.7071067811865628938 ) ) ;
#336 =( NAMED_UNIT ( * ) SI_UNIT ( $, .STERADIAN. ) SOLID_ANGLE_UNIT ( ) );
#337 = ORIENTED_EDGE ( 'NONE', *, *, #2119, .F. ) ;
#338 = CARTESIAN_POINT ( 'NONE',  ( -2.820632937499999215, -2.207916665983872928, -4.552272504040178802 ) ) ;
#339 = ADVANCED_FACE ( 'NONE', ( #1799 ), #2750, .T. ) ;
#340 = LINE ( 'NONE', #3052, #869 ) ;
#341 = CARTESIAN_POINT ( 'NONE',  ( 4.549999999999999822, -0.2000000000000000111, -0.07377931828942961567 ) ) ;
#342 = DIRECTION ( 'NONE',  ( 0.000000000000000000, 1.000000000000000000, 0.000000000000000000 ) ) ;
#343 = CARTESIAN_POINT ( 'NONE',  ( 1.410316468749999386, -2.332916665983872928, -5.366519096915554066 ) ) ;
#344 = UNCERTAINTY_MEASURE_WITH_UNIT (LENGTH_MEASURE( 1.000000000000000082E-05 ), #2986, 'distance_accuracy_value', 'NONE');
#345 = DIRECTION ( 'NONE',  ( -0.000000000000000000, 1.000000000000000000, -0.000000000000000000 ) ) ;
#346 = AXIS2_PLACEMENT_3D ( 'NONE', #886, #1868, #1089 ) ;
#347 = DIRECTION ( 'NONE',  ( 0.000000000000000000, 0.000000000000000000, 1.000000000000000000 ) ) ;
#348 = DIRECTION ( 'NONE',  ( 1.000000000000000000, 0.000000000000000000, 0.000000000000000000 ) ) ;
#349 = FACE_OUTER_BOUND ( 'NONE', #310, .T. ) ;
#350 = CARTESIAN_POINT ( 'NONE',  ( -1.274999999999998135, -3.301666665301075998, -0.7154145386391096428 ) ) ;
#351 = FACE_OUTER_BOUND ( 'NONE', #368, .T. ) ;
#352 = CARTESIAN_POINT ( 'NONE',  ( -2.820632937500000104, -1.770416665983872928, -4.552272504040177914 ) ) ;
#353 = VERTEX_POINT ( 'NONE', #797 ) ;
#354 = CARTESIAN_POINT ( 'NONE',  ( -2.820632937499999215, -3.207916665983872928, -4.552272504040178802 ) ) ;
#355 = CARTESIAN_POINT ( 'NONE',  ( 4.750000000000000000, 0.000000000000000000, -5.773779318289429696 ) ) ;
#356 = DIRECTION ( 'NONE',  ( 0.000000000000000000, 0.000000000000000000, 1.000000000000000000 ) ) ;
#357 = AXIS2_PLACEMENT_3D ( 'NONE', #2765, #2527, #2233 ) ;
#358 = ADVANCED_FACE ( 'NONE', ( #756 ), #1276, .F. ) ;
#359 = CARTESIAN_POINT ( 'NONE',  ( 2.820632937500000548, -0.4579166659838729281, -1.295286132538680413 ) ) ;
#360 = ADVANCED_FACE ( 'NONE', ( #1734 ), #2718, .T. ) ;
#361 = FACE_OUTER_BOUND ( 'NONE', #464, .T. ) ;
#362 = CARTESIAN_POINT ( 'NONE',  ( 1.410316468750001162, -4.062083332650539447, -0.4810395396633053156 ) ) ;
#363 = CYLINDRICAL_SURFACE ( 'NONE', #346, 0.1999999999999996503 ) ;
#364 = CARTESIAN_POINT ( 'NONE',  ( 9.877377282685029372E-16, -3.385000000000002451, -0.3737793182894292299 ) ) ;
#365 = DIRECTION ( 'NONE',  ( 0.000000000000000000, 0.000000000000000000, 1.000000000000000000 ) ) ;
#366 = CARTESIAN_POINT ( 'NONE',  ( 1.410316468750001162, -1.499583332650539669, -0.4810395396633048715 ) ) ;
#367 = CARTESIAN_POINT ( 'NONE',  ( 1.410316468749999164, -1.395416665983872928, -5.366519096915554066 ) ) ;
#368 = EDGE_LOOP ( 'NONE', ( #857, #2428, #217 ) ) ;
#369 = ORIENTED_EDGE ( 'NONE', *, *, #1373, .T. ) ;
#370 = CARTESIAN_POINT ( 'NONE',  ( -2.820632937499999215, -3.624583332650539447, -1.295286132538677748 ) ) ;
#371 = CARTESIAN_POINT ( 'NONE',  ( -4.750000000000000000, 0.000000000000000000, -0.07377931828942961567 ) ) ;
#372 = DIRECTION ( 'NONE',  ( 0.000000000000000000, 0.000000000000000000, -1.000000000000000000 ) ) ;
#373 = DIRECTION ( 'NONE',  ( -1.000000000000000000, 0.000000000000000000, 0.000000000000000000 ) ) ;
#374 = CARTESIAN_POINT ( 'NONE',  ( -3.486133158594716510E-16, -2.509999998634409479, -5.473779318289427209 ) ) ;
#375 = CARTESIAN_POINT ( 'NONE',  ( -1.410316468750000274, -1.749583332650539669, -5.366519096915554066 ) ) ;
#376 = CARTESIAN_POINT ( 'NONE',  ( 2.550000000000000266, -2.801666666666669858, -1.451536131855884593 ) ) ;
#377 = CARTESIAN_POINT ( 'NONE',  ( -2.549999999999999822, -0.01000000000000306200, -2.923779318289429163 ) ) ;
#378 = DIRECTION ( 'NONE',  ( -0.000000000000000000, 1.000000000000000000, -0.000000000000000000 ) ) ;
#379 = CARTESIAN_POINT ( 'NONE',  ( 2.820632937500000548, -0.4579166659838729281, -1.295286132538680413 ) ) ;
#380 = CARTESIAN_POINT ( 'NONE',  ( 2.820632937500000104, -1.520416665983873150, -1.295286132538680635 ) ) ;
#381 = EDGE_CURVE ( 'NONE', #2159, #128, #325, .T. ) ;
#382 = ORIENTED_EDGE ( 'NONE', *, *, #381, .T. ) ;
#383 = ORIENTED_EDGE ( 'NONE', *, *, #1342, .F. ) ;
#384 = CARTESIAN_POINT ( 'NONE',  ( 2.820632937500000548, -2.957916665983873372, -1.295286132538680191 ) ) ;
#385 = DIRECTION ( 'NONE',  ( -0.000000000000000000, 0.000000000000000000, 1.000000000000000000 ) ) ;
#386 = DIRECTION ( 'NONE',  ( -0.000000000000000000, -0.8497617118223306232, -0.5271669878897792261 ) ) ;
#387 = DIRECTION ( 'NONE',  ( 0.000000000000000000, -1.000000000000000000, 0.000000000000000000 ) ) ;
#388 = CIRCLE ( 'NONE', #838, 0.2000000000000000944 ) ;
#389 = DIRECTION ( 'NONE',  ( -1.000000000000000000, 0.000000000000000000, 0.000000000000000000 ) ) ;
#390 = CARTESIAN_POINT ( 'NONE',  ( 2.820632937500000104, -1.874583332650539669, -4.552272504040179690 ) ) ;
#391 = LINE ( 'NONE', #647, #1639 ) ;
#392 = CARTESIAN_POINT ( 'NONE',  ( 1.410316468749999164, -3.895416665983872928, -5.366519096915554066 ) ) ;
#393 = CARTESIAN_POINT ( 'NONE',  ( -2.549999999999999822, -0.3849999986344094238, -2.923779318289429163 ) ) ;
#394 = EDGE_CURVE ( 'NONE', #1446, #1030, #3123, .T. ) ;
#395 = EDGE_CURVE ( 'NONE', #1000, #2505, #1749, .T. ) ;
#396 = CARTESIAN_POINT ( 'NONE',  ( 2.820632937499999660, -2.478749999317201524, -2.923779318289429607 ) ) ;
#397 = AXIS2_PLACEMENT_3D ( 'NONE', #2296, #1621, #348 ) ;
#398 = CARTESIAN_POINT ( 'NONE',  ( -2.820632937500000104, -2.207916665983872928, -4.552272504040178802 ) ) ;
#399 = CARTESIAN_POINT ( 'NONE',  ( 2.820632937499999660, -1.478749999317206409, -2.923779318289429607 ) ) ;
#400 = VERTEX_POINT ( 'NONE', #148 ) ;
#401 = ORIENTED_EDGE ( 'NONE', *, *, #3034, .T. ) ;
#402 = CARTESIAN_POINT ( 'NONE',  ( 2.820632937500000104, -2.416249999317206409, -2.923779318289429607 ) ) ;
#403 = DIRECTION ( 'NONE',  ( -1.000000000000000000, 0.000000000000000000, 0.000000000000000000 ) ) ;
#404 = CARTESIAN_POINT ( 'NONE',  ( -2.789510267642766106, -4.200000000000000178, -3.381829691936693028 ) ) ;
#405 = CARTESIAN_POINT ( 'NONE',  ( -3.079417623425332942E-15, -1.885000000000002895, -0.3737793182894292299 ) ) ;
#406 = CARTESIAN_POINT ( 'NONE',  ( -1.410316468749998053, -3.082916665983872928, -0.4810395396633031506 ) ) ;
#407 = UNCERTAINTY_MEASURE_WITH_UNIT (LENGTH_MEASURE( 1.000000000000000082E-05 ), #767, 'distance_accuracy_value', 'NONE');
#408 = DIRECTION ( 'NONE',  ( -1.000000000000000000, 0.000000000000000000, 0.000000000000000000 ) ) ;
#409 = VECTOR ( 'NONE', #1838, 1000.000000000000000 ) ;
#410 = DIRECTION ( 'NONE',  ( -0.000000000000000000, 1.000000000000000000, -0.000000000000000000 ) ) ;
#411 = CARTESIAN_POINT ( 'NONE',  ( -2.549999999999999822, -1.884999998634409479, -2.923779318289429163 ) ) ;
#412 = CARTESIAN_POINT ( 'NONE',  ( -2.820632937499998771, -2.687083332650534562, -1.295286132538677970 ) ) ;
#413 = CARTESIAN_POINT ( 'NONE',  ( 2.820632937500000548, -2.457916665983873372, -1.295286132538680413 ) ) ;
#414 = EDGE_CURVE ( 'NONE', #1736, #1858, #1862, .T. ) ;
#415 = EDGE_CURVE ( 'NONE', #745, #2952, #1635, .T. ) ;
#416 = CARTESIAN_POINT ( 'NONE',  ( -1.410316468749997831, -0.6454166659838729281, -0.4810395396633035947 ) ) ;
#417 = AXIS2_PLACEMENT_3D ( 'NONE', #1786, #2947, #2012 ) ;
#418 = EDGE_LOOP ( 'NONE', ( #2753, #2970, #2141, #1920 ) ) ;
#419 = ORIENTED_EDGE ( 'NONE', *, *, #1445, .F. ) ;
#420 = CYLINDRICAL_SURFACE ( 'NONE', #966, 2.549999999999999822 ) ;
#421 = AXIS2_PLACEMENT_3D ( 'NONE', #740, #1470, #1909 ) ;
#422 = FACE_OUTER_BOUND ( 'NONE', #1522, .T. ) ;
#423 = CARTESIAN_POINT ( 'NONE',  ( 7.785697387528199762E-15, -2.635000000000002895, -5.473779318289427209 ) ) ;
#424 = CARTESIAN_POINT ( 'NONE',  ( -2.820632937500000104, -4.207916665983872484, -4.552272504040178802 ) ) ;
#425 = CARTESIAN_POINT ( 'NONE',  ( -4.549999999999998934, -1.300000000000000044, 0.3262206817105703927 ) ) ;
#426 = EDGE_CURVE ( 'NONE', #2028, #2193, #97, .T. ) ;
#427 = CIRCLE ( 'NONE', #1542, 0.1999999999999996503 ) ;
#428 = CARTESIAN_POINT ( 'NONE',  ( -2.549999999999998934, -2.843333331967742961, -1.451536131855882372 ) ) ;
#429 = DIRECTION ( 'NONE',  ( 0.000000000000000000, 0.000000000000000000, 1.000000000000000000 ) ) ;
#430 = CARTESIAN_POINT ( 'NONE',  ( 2.820632937500000104, -0.4162499993172063539, -2.923779318289429607 ) ) ;
#431 = CARTESIAN_POINT ( 'NONE',  ( 2.820632937499999660, -3.478749999317205965, -2.923779318289429607 ) ) ;
#432 = ORIENTED_EDGE ( 'NONE', *, *, #496, .F. ) ;
#433 = ORIENTED_EDGE ( 'NONE', *, *, #2018, .T. ) ;
#434 =( BOUNDED_CURVE ( )  B_SPLINE_CURVE ( 2, ( #2655, #10, #1895, #2879, #245, #2182, #680, #1211, #1653 ),
 .UNSPECIFIED., .F., .T. ) 
 B_SPLINE_CURVE_WITH_KNOTS ( ( 3, 2, 2, 2, 3 ),
 ( 0.6278186760968240687, 0.6370779353560833691, 0.6555964538746018588, 0.6741149723931203486, 0.6833742316523796489 ),
 .UNSPECIFIED. ) 
 CURVE ( )  GEOMETRIC_REPRESENTATION_ITEM ( )  RATIONAL_B_SPLINE_CURVE ( ( 0.9330127018922194093, 0.9330127018922194093, 1.000000000000000000, 0.8660254037844387076, 1.000000000000000000, 0.8660254037844387076, 1.000000000000000000, 0.9330127018922194093, 0.9330127018922194093 ) ) 
 REPRESENTATION_ITEM ( '' )  );
#435 = LINE ( 'NONE', #189, #3166 ) ;
#436 = CARTESIAN_POINT ( 'NONE',  ( 2.550000000000000266, -1.301666666666669636, -1.451536131855884593 ) ) ;
#437 = EDGE_CURVE ( 'NONE', #872, #563, #2288, .T. ) ;
#438 = CARTESIAN_POINT ( 'NONE',  ( 1.410316468750001162, -3.499583332650539447, -0.4810395396633048715 ) ) ;
#439 = TOROIDAL_SURFACE ( 'NONE', #1249, 0.4000000000000000222, 0.2000000000000000111 ) ;
#440 = LINE ( 'NONE', #1669, #1898 ) ;
#441 = CARTESIAN_POINT ( 'NONE',  ( 4.549999999999999822, -0.2000000000000000111, 0.000000000000000000 ) ) ;
#442 = CARTESIAN_POINT ( 'NONE',  ( -1.275000000000000133, -1.093333333333336377, -5.132144097939747240 ) ) ;
#443 = ORIENTED_EDGE ( 'NONE', *, *, #2525, .T. ) ;
#444 = CARTESIAN_POINT ( 'NONE',  ( 9.877377282685029372E-16, -0.7599999986344093683, -0.3737793182894292299 ) ) ;
#445 = CARTESIAN_POINT ( 'NONE',  ( -1.410316468749998053, -4.082916665983872484, -0.4810395396633031506 ) ) ;
#446 = CARTESIAN_POINT ( 'NONE',  ( -2.549999999999999822, -0.3849999986344094238, -2.923779318289429163 ) ) ;
#447 = CIRCLE ( 'NONE', #703, 0.2000000000000000944 ) ;
#448 = ORIENTED_EDGE ( 'NONE', *, *, #1686, .T. ) ;
#449 = ORIENTED_EDGE ( 'NONE', *, *, #395, .F. ) ;
#450 = CARTESIAN_POINT ( 'NONE',  ( 1.743066579297358403E-15, -0.6350000000000031175, -5.473779318289428097 ) ) ;
#451 = DIRECTION ( 'NONE',  ( -0.000000000000000000, 1.000000000000000000, -0.000000000000000000 ) ) ;
#452 = DIRECTION ( 'NONE',  ( 1.000000000000000000, -0.000000000000000000, -0.000000000000000000 ) ) ;
#453 = CARTESIAN_POINT ( 'NONE',  ( 1.410316468749999386, -4.332916665983873372, -5.366519096915554066 ) ) ;
#454 = EDGE_CURVE ( 'NONE', #2730, #1399, #610, .T. ) ;
#455 = CARTESIAN_POINT ( 'NONE',  ( 9.877377282685029372E-16, -0.7599999986344093683, -0.3737793182894292299 ) ) ;
#456 = EDGE_CURVE ( 'NONE', #1872, #1756, #1586, .T. ) ;
#457 = CARTESIAN_POINT ( 'NONE',  ( -2.820632937499998771, -3.687083332650535006, -1.295286132538677970 ) ) ;
#458 = FACE_OUTER_BOUND ( 'NONE', #43, .T. ) ;
#459 = ORIENTED_EDGE ( 'NONE', *, *, #2433, .T. ) ;
#460 = EDGE_LOOP ( 'NONE', ( #2823, #719, #1873, #3143 ) ) ;
#461 = CARTESIAN_POINT ( 'NONE',  ( -1.410316468750000274, -3.749583332650539891, -5.366519096915554066 ) ) ;
#462 = CARTESIAN_POINT ( 'NONE',  ( 2.549999999999999378, -0.5933333319677427387, -4.396022504722975732 ) ) ;
#463 = CARTESIAN_POINT ( 'NONE',  ( 2.549999999999999822, -0.2600000000000030620, -2.923779318289429607 ) ) ;
#464 = EDGE_LOOP ( 'NONE', ( #1813, #79, #173, #2708 ) ) ;
#465 = VERTEX_POINT ( 'NONE', #2571 ) ;
#466 = CARTESIAN_POINT ( 'NONE',  ( -2.565671987061221682, -4.200000000000000178, -4.095657052065100778 ) ) ;
#467 = CARTESIAN_POINT ( 'NONE',  ( 1.274999999999999245, -0.1766666666666697194, -5.132144097939748129 ) ) ;
#468 = CARTESIAN_POINT ( 'NONE',  ( -4.549999999999998934, -4.200000000000001066, 0.1262206817105704648 ) ) ;
#469 = AXIS2_PLACEMENT_3D ( 'NONE', #798, #2037, #326 ) ;
#470 = CARTESIAN_POINT ( 'NONE',  ( -1.994328967362931715E-16, -3.291249999317205965, -6.180765689790928441 ) ) ;
#471 = CIRCLE ( 'NONE', #2003, 0.2000000000000000111 ) ;
#472 = CARTESIAN_POINT ( 'NONE',  ( -1.275000000000000133, -3.968333331967742517, -5.132144097939747240 ) ) ;
#473 = FACE_OUTER_BOUND ( 'NONE', #2723, .T. ) ;
#474 = ORIENTED_EDGE ( 'NONE', *, *, #2154, .F. ) ;
#475 = CARTESIAN_POINT ( 'NONE',  ( 0.6832704406993598267, -0.7376708992651493935, -0.3737793182894275090 ) ) ;
#476 = ORIENTED_EDGE ( 'NONE', *, *, #1728, .F. ) ;
#477 = CARTESIAN_POINT ( 'NONE',  ( 1.410316468749999386, -3.332916665983872928, -5.366519096915554066 ) ) ;
#478 = CARTESIAN_POINT ( 'NONE',  ( -1.274999999999998135, -0.8016666653010761090, -0.7154145386391096428 ) ) ;
#479 = CARTESIAN_POINT ( 'NONE',  ( 1.275000000000001021, -0.8433333333333363768, -0.7154145386391113082 ) ) ;
#480 = CARTESIAN_POINT ( 'NONE',  ( 9.877377282685029372E-16, -3.759999998634409479, -0.3737793182894292299 ) ) ;
#481 = ORIENTED_EDGE ( 'NONE', *, *, #2000, .F. ) ;
#482 = CARTESIAN_POINT ( 'NONE',  ( 4.750000000000000000, -0.2000000000000000111, -5.773779318289429696 ) ) ;
#483 = EDGE_CURVE ( 'NONE', #1872, #2715, #612, .T. ) ;
#484 = DIRECTION ( 'NONE',  ( -1.000000000000000000, 0.000000000000000000, 0.000000000000000000 ) ) ;
#485 = CARTESIAN_POINT ( 'NONE',  ( 5.982986902088794405E-16, -0.5412499993172064094, 0.3332070532120704476 ) ) ;
#486 = FACE_OUTER_BOUND ( 'NONE', #1681, .T. ) ;
#487 = CARTESIAN_POINT ( 'NONE',  ( -2.631817034777101050, -4.200000000000000178, -1.909131959071981743 ) ) ;
#488 =( NAMED_UNIT ( * ) PLANE_ANGLE_UNIT ( ) SI_UNIT ( $, .RADIAN. ) );
#489 = CARTESIAN_POINT ( 'NONE',  ( 1.274999999999999245, -2.676666666666669858, -5.132144097939748129 ) ) ;
#490 = ORIENTED_EDGE ( 'NONE', *, *, #2039, .F. ) ;
#491 = CARTESIAN_POINT ( 'NONE',  ( 1.763030157015726740, -4.200000000000000178, -1.081437149892607863 ) ) ;
#492 = ORIENTED_EDGE ( 'NONE', *, *, #959, .T. ) ;
#493 = CARTESIAN_POINT ( 'NONE',  ( 2.820632937500000548, -3.457916665983873372, -1.295286132538680413 ) ) ;
#494 = CARTESIAN_POINT ( 'NONE',  ( 5.408933717497023466E-16, -1.259999998634409479, 0.02070705457766185142 ) ) ;
#495 = CARTESIAN_POINT ( 'NONE',  ( 1.274999999999999245, -1.176666666666669636, -5.132144097939748129 ) ) ;
#496 = EDGE_CURVE ( 'NONE', #3068, #1672, #1163, .T. ) ;
#497 = ORIENTED_EDGE ( 'NONE', *, *, #52, .T. ) ;
#498 = ORIENTED_EDGE ( 'NONE', *, *, #2196, .F. ) ;
#499 = CARTESIAN_POINT ( 'NONE',  ( -4.549999999999998934, -4.000000000000000888, -5.862493294094193175 ) ) ;
#500 = DIRECTION ( 'NONE',  ( -0.000000000000000000, -0.000000000000000000, -1.000000000000000000 ) ) ;
#501 = CARTESIAN_POINT ( 'NONE',  ( 1.410316468749999386, -0.8329166659838730391, -5.366519096915554066 ) ) ;
#502 = CARTESIAN_POINT ( 'NONE',  ( -2.631817034777101050, -4.200000000000000178, -1.909131959071981743 ) ) ;
#503 = CARTESIAN_POINT ( 'NONE',  ( -2.820632937499999660, -3.228749999317201524, -2.923779318289429163 ) ) ;
#504 = CARTESIAN_POINT ( 'NONE',  ( -2.549999999999999822, -2.510000000000002895, -2.923779318289429163 ) ) ;
#505 = ORIENTED_EDGE ( 'NONE', *, *, #2020, .T. ) ;
#506 = DIRECTION ( 'NONE',  ( 0.000000000000000000, -0.8497617118223307342, -0.5271669878897790040 ) ) ;
#507 = ORIENTED_EDGE ( 'NONE', *, *, #395, .T. ) ;
#508 = CARTESIAN_POINT ( 'NONE',  ( -1.994328967362931715E-16, -3.791249999317206409, -6.180765689790928441 ) ) ;
#509 = CARTESIAN_POINT ( 'NONE',  ( 2.549999999999999378, -4.093333331967742517, -4.396022504722975732 ) ) ;
#510 = AXIS2_PLACEMENT_3D ( 'NONE', #2990, #1492, #2036 ) ;
#511 = CARTESIAN_POINT ( 'NONE',  ( -0.6832704406993630464, -2.112670900630742477, -5.473779318289428097 ) ) ;
#512 = CARTESIAN_POINT ( 'NONE',  ( 2.550000000000000266, -0.3016666666666697472, -1.451536131855884593 ) ) ;
#513 = EDGE_LOOP ( 'NONE', ( #1096, #1700, #3069, #2005 ) ) ;
#514 = DIRECTION ( 'NONE',  ( 0.000000000000000000, 0.000000000000000000, 1.000000000000000000 ) ) ;
#515 = CARTESIAN_POINT ( 'NONE',  ( 0.000000000000000000, -4.200000000000000178, -2.923779318289429163 ) ) ;
#516 = CARTESIAN_POINT ( 'NONE',  ( -1.103942166888327067E-15, -1.259999998634409479, -0.3737793182894292299 ) ) ;
#517 = AXIS2_PLACEMENT_3D ( 'NONE', #2748, #2509, #24 ) ;
#518 = CARTESIAN_POINT ( 'NONE',  ( -1.802977905832341484E-16, -3.635000000000002451, -5.868265691156519637 ) ) ;
#519 = VERTEX_POINT ( 'NONE', #844 ) ;
#520 = DIRECTION ( 'NONE',  ( 0.000000000000000000, -1.000000000000000000, 0.000000000000000000 ) ) ;
#521 = EDGE_CURVE ( 'NONE', #2768, #1367, #1060, .T. ) ;
#522 = ORIENTED_EDGE ( 'NONE', *, *, #3081, .F. ) ;
#523 = CARTESIAN_POINT ( 'NONE',  ( -2.820632937500000104, -1.270416665983872928, -4.552272504040177914 ) ) ;
#524 = CARTESIAN_POINT ( 'NONE',  ( 1.275000000000001021, -3.718333331967742517, -0.7154145386391113082 ) ) ;
#525 = DIRECTION ( 'NONE',  ( 0.000000000000000000, 0.000000000000000000, -1.000000000000000000 ) ) ;
#526 = CARTESIAN_POINT ( 'NONE',  ( -1.329469651338504255, -4.200000000000017941, -5.321462572321006945 ) ) ;
#527 = ORIENTED_EDGE ( 'NONE', *, *, #381, .F. ) ;
#528 = CARTESIAN_POINT ( 'NONE',  ( 3.135095805817228115E-16, 0.000000000000000000, -5.483779318289432325 ) ) ;
#529 = EDGE_CURVE ( 'NONE', #905, #1030, #265, .T. ) ;
#530 = CARTESIAN_POINT ( 'NONE',  ( 4.750000000000000000, -4.000000000000000888, 0.000000000000000000 ) ) ;
#531 = CARTESIAN_POINT ( 'NONE',  ( 4.549999999999999822, -1.700000000000000178, 1.441786509367187552 ) ) ;
#532 = CARTESIAN_POINT ( 'NONE',  ( -1.274999999999998135, -1.926666666666669636, -0.7154145386391096428 ) ) ;
#533 = ORIENTED_EDGE ( 'NONE', *, *, #606, .F. ) ;
#534 = DIRECTION ( 'NONE',  ( -1.000000000000000000, 0.000000000000000000, 0.000000000000000000 ) ) ;
#535 = CARTESIAN_POINT ( 'NONE',  ( -1.994328967362931715E-16, -1.353749999317206187, -6.180765689790928441 ) ) ;
#536 = AXIS2_PLACEMENT_3D ( 'NONE', #1074, #2059, #964 ) ;
#537 = CARTESIAN_POINT ( 'NONE',  ( 2.549999999999999822, -3.634999998634409479, -2.923779318289429607 ) ) ;
#538 = APPLICATION_CONTEXT ( 'automotive_design' ) ;
#539 = ORIENTED_EDGE ( 'NONE', *, *, #947, .F. ) ;
#540 = LINE ( 'NONE', #2506, #1961 ) ;
#541 = PRESENTATION_STYLE_ASSIGNMENT (( #2523 ) ) ;
#542 = EDGE_LOOP ( 'NONE', ( #1487, #1540, #2597, #1558 ) ) ;
#543 = FACE_BOUND ( 'NONE', #1887, .T. ) ;
#544 = DIRECTION ( 'NONE',  ( 0.000000000000000000, -1.000000000000000000, 0.000000000000000000 ) ) ;
#545 = CARTESIAN_POINT ( 'NONE',  ( 1.274999999999999245, -1.051666665301075998, -5.132144097939748129 ) ) ;
#546 = CARTESIAN_POINT ( 'NONE',  ( 1.275000000000001021, -1.843333333333336377, -0.7154145386391113082 ) ) ;
#547 = EDGE_CURVE ( 'NONE', #970, #2193, #2086, .T. ) ;
#548 = EDGE_CURVE ( 'NONE', #1661, #57, #2919, .T. ) ;
#549 = ORIENTED_EDGE ( 'NONE', *, *, #1251, .T. ) ;
#550 = CARTESIAN_POINT ( 'NONE',  ( -0.6832704406993590496, -2.612670900630743365, -5.473779318289429874 ) ) ;
#551 = CARTESIAN_POINT ( 'NONE',  ( -1.410316468749997831, -2.645416665983872928, -0.4810395396633035947 ) ) ;
#552 = CARTESIAN_POINT ( 'NONE',  ( -2.549999999999999822, -2.884999998634409479, -2.923779318289429163 ) ) ;
#553 = CARTESIAN_POINT ( 'NONE',  ( -1.994328967362931468E-16, -0.3537499993172018575, -6.180765689790928441 ) ) ;
#554 = CARTESIAN_POINT ( 'NONE',  ( 0.000000000000000000, -4.200000000000000178, -2.923779318289429163 ) ) ;
#555 = CARTESIAN_POINT ( 'NONE',  ( 0.000000000000000000, 0.000000000000000000, 0.000000000000000000 ) ) ;
#556 = ORIENTED_EDGE ( 'NONE', *, *, #3140, .T. ) ;
#557 = AXIS2_PLACEMENT_3D ( 'NONE', #2616, #3160, #923 ) ;
#558 = DIRECTION ( 'NONE',  ( 0.000000000000000000, 0.000000000000000000, 1.000000000000000000 ) ) ;
#559 = DIRECTION ( 'NONE',  ( 0.000000000000000000, 0.000000000000000000, 1.000000000000000000 ) ) ;
#560 = CARTESIAN_POINT ( 'NONE',  ( 4.549999999999999822, 0.000000000000000000, -0.07377931828942961567 ) ) ;
#561 = CARTESIAN_POINT ( 'NONE',  ( -2.820632937500000104, -1.207916665983872928, -4.552272504040178802 ) ) ;
#562 = EDGE_CURVE ( 'NONE', #281, #1273, #1117, .T. ) ;
#563 = VERTEX_POINT ( 'NONE', #2795 ) ;
#564 = CARTESIAN_POINT ( 'NONE',  ( -4.750000000000000000, -0.2000000000000000111, -0.07377931828942961567 ) ) ;
#565 = AXIS2_PLACEMENT_3D ( 'NONE', #2754, #15, #1478 ) ;
#566 = AXIS2_PLACEMENT_3D ( 'NONE', #3164, #484, #2195 ) ;
#567 = CARTESIAN_POINT ( 'NONE',  ( -1.994328967362931715E-16, -2.853749999317205965, -6.180765689790928441 ) ) ;
#568 = CARTESIAN_POINT ( 'NONE',  ( 1.275000000000001021, -2.218333331967742517, -0.7154145386391113082 ) ) ;
#569 = PRODUCT ( 'm5', 'm5', '', ( #2762 ) ) ;
#570 = LINE ( 'NONE', #1562, #2492 ) ;
#571 = CARTESIAN_POINT ( 'NONE',  ( -4.549999999999998934, -1.394566602422044221, -7.478826975924963705 ) ) ;
#572 = CARTESIAN_POINT ( 'NONE',  ( 0.6832704406993661550, -2.032329098003669454, -5.473779318289426321 ) ) ;
#573 = AXIS2_PLACEMENT_3D ( 'NONE', #499, #1908, #2454 ) ;
#574 = ORIENTED_EDGE ( 'NONE', *, *, #80, .T. ) ;
#575 = CARTESIAN_POINT ( 'NONE',  ( 0.000000000000000000, -4.200000000000000178, -2.923779318289429163 ) ) ;
#576 = CARTESIAN_POINT ( 'NONE',  ( -0.6832704406993590496, -4.112670900630742921, -5.473779318289429874 ) ) ;
#577 = CARTESIAN_POINT ( 'NONE',  ( -4.750000000000000000, -4.000000000000000888, -5.862493294094194063 ) ) ;
#578 = CARTESIAN_POINT ( 'NONE',  ( 5.982986902088794405E-16, -2.041249999317206409, 0.3332070532120704476 ) ) ;
#579 = CARTESIAN_POINT ( 'NONE',  ( 0.000000000000000000, -4.200000000000000178, -2.923779318289429163 ) ) ;
#580 = CARTESIAN_POINT ( 'NONE',  ( 2.549999999999999822, -2.760000000000002895, -2.923779318289429607 ) ) ;
#581 = CARTESIAN_POINT ( 'NONE',  ( 0.000000000000000000, -4.200000000000000178, -2.923779318289429163 ) ) ;
#582 = CARTESIAN_POINT ( 'NONE',  ( -1.275000000000000133, -4.468333331967741628, -5.132144097939747240 ) ) ;
#583 = CARTESIAN_POINT ( 'NONE',  ( -0.6832704406993590496, -3.487670899265149504, -5.473779318289429874 ) ) ;
#584 = CARTESIAN_POINT ( 'NONE',  ( -4.549999999999999822, -0.2000000000000000111, -0.07377931828942961567 ) ) ;
#585 = EDGE_CURVE ( 'NONE', #1980, #1479, #2325, .T. ) ;
#586 = CARTESIAN_POINT ( 'NONE',  ( 2.820632937499999660, -1.978749999317206409, -2.923779318289429607 ) ) ;
#587 =( BOUNDED_CURVE ( )  B_SPLINE_CURVE ( 2, ( #634, #900, #2056, #154, #580, #376, #2312, #1343, #1836 ),
 .UNSPECIFIED., .F., .T. ) 
 B_SPLINE_CURVE_WITH_KNOTS ( ( 3, 2, 2, 2, 3 ),
 ( 0.5833333333333333703, 0.5925925925925925597, 0.6111111111111111605, 0.6296296296296296502, 0.6388888888888889506 ),
 .UNSPECIFIED. ) 
 CURVE ( )  GEOMETRIC_REPRESENTATION_ITEM ( )  RATIONAL_B_SPLINE_CURVE ( ( 0.9330127018922194093, 0.9330127018922197424, 1.000000000000000000, 0.8660254037844387076, 1.000000000000000000, 0.8660254037844387076, 1.000000000000000000, 0.9330127018922189652, 0.9330127018922194093 ) ) 
 REPRESENTATION_ITEM ( '' )  );
#588 = ORIENTED_EDGE ( 'NONE', *, *, #899, .F. ) ;
#589 = ADVANCED_FACE ( 'NONE', ( #201 ), #3142, .T. ) ;
#590 = CARTESIAN_POINT ( 'NONE',  ( -2.820632937500000104, -4.166249999317206409, -2.923779318289429163 ) ) ;
#591 = DIRECTION ( 'NONE',  ( -0.000000000000000000, 1.000000000000000000, -0.000000000000000000 ) ) ;
#592 = CARTESIAN_POINT ( 'NONE',  ( -2.549999999999999822, -0.3849999986344094238, -2.923779318289429163 ) ) ;
#593 = CARTESIAN_POINT ( 'NONE',  ( -1.274999999999998135, -2.301666665301075998, -0.7154145386391096428 ) ) ;
#594 = CARTESIAN_POINT ( 'NONE',  ( 1.410316468750001162, -1.999583332650539669, -0.4810395396633048715 ) ) ;
#595 = CARTESIAN_POINT ( 'NONE',  ( -0.6832704406993630464, -1.612670900630742477, -5.473779318289428097 ) ) ;
#596 = VECTOR ( 'NONE', #2338, 1000.000000000000000 ) ;
#597 = CARTESIAN_POINT ( 'NONE',  ( 4.549999999999999822, -0.2000000000000000111, -5.773779318289429696 ) ) ;
#598 = DIRECTION ( 'NONE',  ( -1.000000000000000000, 0.000000000000000000, 0.000000000000000000 ) ) ;
#599 = CARTESIAN_POINT ( 'NONE',  ( 1.274999999999999245, -4.551666665301075554, -5.132144097939748129 ) ) ;
#600 = CARTESIAN_POINT ( 'NONE',  ( -1.994328967362931468E-16, -0.8537499993172017465, -6.180765689790928441 ) ) ;
#601 = CARTESIAN_POINT ( 'NONE',  ( 2.820632937500000104, -0.8745833326505396688, -4.552272504040179690 ) ) ;
#602 = CARTESIAN_POINT ( 'NONE',  ( -2.820632937499999660, -1.228749999317206409, -2.923779318289429163 ) ) ;
#603 = ORIENTED_EDGE ( 'NONE', *, *, #1544, .T. ) ;
#604 = EDGE_LOOP ( 'NONE', ( #3159, #1004, #3083, #3172 ) ) ;
#605 = CARTESIAN_POINT ( 'NONE',  ( 2.820632937500000104, -3.416249999317206409, -2.923779318289429607 ) ) ;
#606 = EDGE_CURVE ( 'NONE', #400, #1906, #114, .T. ) ;
#607 = DIRECTION ( 'NONE',  ( 0.000000000000000000, 0.000000000000000000, -1.000000000000000000 ) ) ;
#608 = DIRECTION ( 'NONE',  ( 0.000000000000000000, 1.000000000000000000, 0.000000000000000000 ) ) ;
#609 =( BOUNDED_CURVE ( )  B_SPLINE_CURVE ( 2, ( #2425, #2910, #757, #2944, #1212, #212, #442, #1457, #930 ),
 .UNSPECIFIED., .F., .F. ) 
 B_SPLINE_CURVE_WITH_KNOTS ( ( 3, 2, 2, 2, 3 ),
 ( 0.1944444444444444475, 0.2037037037037036924, 0.2222222222222222099, 0.2407407407407407274, 0.2500000000000000000 ),
 .UNSPECIFIED. ) 
 CURVE ( )  GEOMETRIC_REPRESENTATION_ITEM ( )  RATIONAL_B_SPLINE_CURVE ( ( 0.9330127018922192983, 0.9330127018922194093, 1.000000000000000000, 0.8660254037844387076, 1.000000000000000000, 0.8660254037844387076, 1.000000000000000000, 0.9330127018922191873, 0.9330127018922192983 ) ) 
 REPRESENTATION_ITEM ( '' )  );
#610 = LINE ( 'NONE', #2289, #2400 ) ;
#611 = DIRECTION ( 'NONE',  ( -1.000000000000000000, 0.000000000000000000, 0.000000000000000000 ) ) ;
#612 = CIRCLE ( 'NONE', #2817, 0.2000000000000000111 ) ;
#613 = CARTESIAN_POINT ( 'NONE',  ( -2.549999999999999822, -4.010000000000003340, -2.923779318289429163 ) ) ;
#614 = CARTESIAN_POINT ( 'NONE',  ( -1.103942166888327067E-15, -1.259999998634409479, -0.3737793182894292299 ) ) ;
#615 = CARTESIAN_POINT ( 'NONE',  ( 2.820632937500000104, -4.020416665983872484, -1.295286132538680635 ) ) ;
#616 = ADVANCED_FACE ( 'NONE', ( #1714 ), #330, .T. ) ;
#617 = CARTESIAN_POINT ( 'NONE',  ( -1.274999999999998135, -1.801666665301075998, -0.7154145386391096428 ) ) ;
#618 = CIRCLE ( 'NONE', #2826, 0.1999999999999996503 ) ;
#619 = CARTESIAN_POINT ( 'NONE',  ( -1.410316468750000052, -0.8120833326505350058, -5.366519096915554066 ) ) ;
#620 = AXIS2_PLACEMENT_3D ( 'NONE', #2423, #2889, #1405 ) ;
#621 = CARTESIAN_POINT ( 'NONE',  ( 5.982986902088794405E-16, -1.041249999317206409, 0.3332070532120704476 ) ) ;
#622 = CARTESIAN_POINT ( 'NONE',  ( -1.994328967362931715E-16, -1.353749999317206187, -6.180765689790928441 ) ) ;
#623 = EDGE_LOOP ( 'NONE', ( #323, #2080, #2320, #2962 ) ) ;
#624 = ORIENTED_EDGE ( 'NONE', *, *, #2559, .F. ) ;
#625 = CARTESIAN_POINT ( 'NONE',  ( 1.410316468750001162, -1.999583332650539669, -0.4810395396633048715 ) ) ;
#626 = CARTESIAN_POINT ( 'NONE',  ( 0.6832704406993636015, -2.737670899265149060, -0.3737793182894296740 ) ) ;
#627 = CARTESIAN_POINT ( 'NONE',  ( 0.000000000000000000, 0.000000000000000000, -0.3637793182894258903 ) ) ;
#628 = AXIS2_PLACEMENT_3D ( 'NONE', #727, #1992, #1052 ) ;
#629 = CARTESIAN_POINT ( 'NONE',  ( -4.549999999999999822, -0.2000000000000000111, -0.07377931828942961567 ) ) ;
#630 = LINE ( 'NONE', #3105, #2407 ) ;
#631 = CARTESIAN_POINT ( 'NONE',  ( -1.994328967362931715E-16, -2.291249999317206409, -6.180765689790928441 ) ) ;
#632 = EDGE_CURVE ( 'NONE', #1611, #2768, #2350, .T. ) ;
#633 = CARTESIAN_POINT ( 'NONE',  ( -2.550000000000000266, -1.426666665301075998, -4.396022504722974844 ) ) ;
#634 = CARTESIAN_POINT ( 'NONE',  ( 7.785697387528199762E-15, -2.635000000000002895, -5.473779318289427209 ) ) ;
#635 = DIRECTION ( 'NONE',  ( -1.000000000000000000, 0.000000000000000000, 0.000000000000000000 ) ) ;
#636 = CARTESIAN_POINT ( 'NONE',  ( 2.820632937499999215, -2.520416665983868487, -1.295286132538680635 ) ) ;
#637 = CARTESIAN_POINT ( 'NONE',  ( -2.820632937500000104, -0.2079166659838729836, -4.552272504040178802 ) ) ;
#638 = CARTESIAN_POINT ( 'NONE',  ( 1.410316468749999164, -2.895416665983872484, -5.366519096915554066 ) ) ;
#639 = ORIENTED_EDGE ( 'NONE', *, *, #1783, .T. ) ;
#640 = VERTEX_POINT ( 'NONE', #2668 ) ;
#641 = CARTESIAN_POINT ( 'NONE',  ( 2.820632937500000104, -2.916249999317206409, -2.923779318289429607 ) ) ;
#642 = DIRECTION ( 'NONE',  ( -0.000000000000000000, -0.000000000000000000, 1.000000000000000000 ) ) ;
#643 = CYLINDRICAL_SURFACE ( 'NONE', #2675, 0.2000000000000000944 ) ;
#644 = CARTESIAN_POINT ( 'NONE',  ( 4.750000000000000000, -1.700000000000000178, 0.000000000000000000 ) ) ;
#645 = CARTESIAN_POINT ( 'NONE',  ( 2.549999999999999822, -1.760000000000003118, -2.923779318289429607 ) ) ;
#646 = CARTESIAN_POINT ( 'NONE',  ( -4.549999999999998934, 0.000000000000000000, -5.773779318289429696 ) ) ;
#647 = CARTESIAN_POINT ( 'NONE',  ( 4.750000000000000000, -0.2000000000000000111, -5.973779318289428986 ) ) ;
#648 = EDGE_CURVE ( 'NONE', #1446, #2768, #3119, .T. ) ;
#649 = ADVANCED_FACE ( 'NONE', ( #2638 ), #208, .F. ) ;
#650 = DIRECTION ( 'NONE',  ( 1.000000000000000000, 0.000000000000000000, 0.000000000000000000 ) ) ;
#651 = SPHERICAL_SURFACE ( 'NONE', #397, 0.2000000000000000111 ) ;
#652 = CARTESIAN_POINT ( 'NONE',  ( 2.820632937499999215, -2.020416665983868487, -1.295286132538680635 ) ) ;
#653 = CARTESIAN_POINT ( 'NONE',  ( 2.820632937500000104, -2.374583332650540335, -4.552272504040179690 ) ) ;
#654 = CARTESIAN_POINT ( 'NONE',  ( 1.410316468750001162, -2.062083332650539447, -0.4810395396633053156 ) ) ;
#655 = ORIENTED_EDGE ( 'NONE', *, *, #2905, .T. ) ;
#656 = ORIENTED_EDGE ( 'NONE', *, *, #2310, .T. ) ;
#657 = CARTESIAN_POINT ( 'NONE',  ( -4.750000000000000000, -1.700000000000000178, -7.289345145946046323 ) ) ;
#658 =( BOUNDED_CURVE ( )  B_SPLINE_CURVE ( 2, ( #1948, #1409, #949, #682, #2124, #914, #3109, #1932, #1897 ),
 .UNSPECIFIED., .F., .T. ) 
 B_SPLINE_CURVE_WITH_KNOTS ( ( 3, 2, 2, 2, 3 ),
 ( 0.6944444444444445308, 0.7037037037037037202, 0.7222222222222222099, 0.7407407407407406996, 0.7500000000000000000 ),
 .UNSPECIFIED. ) 
 CURVE ( )  GEOMETRIC_REPRESENTATION_ITEM ( )  RATIONAL_B_SPLINE_CURVE ( ( 0.9330127018922194093, 0.9330127018922197424, 1.000000000000000000, 0.8660254037844387076, 1.000000000000000000, 0.8660254037844387076, 1.000000000000000000, 0.9330127018922194093, 0.9330127018922194093 ) ) 
 REPRESENTATION_ITEM ( '' )  );
#659 = CARTESIAN_POINT ( 'NONE',  ( 1.275000000000001021, -2.718333331967742517, -0.7154145386391113082 ) ) ;
#660 = DIRECTION ( 'NONE',  ( 0.000000000000000000, 0.000000000000000000, 1.000000000000000000 ) ) ;
#661 = CARTESIAN_POINT ( 'NONE',  ( -1.410316468750000274, -3.749583332650539891, -5.366519096915554066 ) ) ;
#662 = CARTESIAN_POINT ( 'NONE',  ( -0.6832704406993590496, -3.987670899265149060, -5.473779318289429874 ) ) ;
#663 = AXIS2_PLACEMENT_3D ( 'NONE', #1816, #373, #1601 ) ;
#664 = CARTESIAN_POINT ( 'NONE',  ( -2.549999999999999822, -2.884999998634409479, -2.923779318289429163 ) ) ;
#665 = DIRECTION ( 'NONE',  ( 0.000000000000000000, 0.000000000000000000, -1.000000000000000000 ) ) ;
#666 = CARTESIAN_POINT ( 'NONE',  ( -2.820632937499998771, -1.687083332650535006, -1.295286132538677970 ) ) ;
#667 = CARTESIAN_POINT ( 'NONE',  ( 1.410316468749999386, -1.832916665983872928, -5.366519096915554066 ) ) ;
#668 = EDGE_CURVE ( 'NONE', #931, #3115, #1119, .T. ) ;
#669 = CARTESIAN_POINT ( 'NONE',  ( 1.410316468749999164, -3.895416665983872928, -5.366519096915554066 ) ) ;
#670 = AXIS2_PLACEMENT_3D ( 'NONE', #515, #810, #1976 ) ;
#671 = AXIS2_PLACEMENT_3D ( 'NONE', #1534, #372, #1846 ) ;
#672 = VERTEX_POINT ( 'NONE', #883 ) ;
#673 = VERTEX_POINT ( 'NONE', #1864 ) ;
#674 = CARTESIAN_POINT ( 'NONE',  ( -4.549999999999998934, -0.2000000000000000111, -5.973779318289428986 ) ) ;
#675 = AXIS2_PLACEMENT_3D ( 'NONE', #1118, #863, #2087 ) ;
#676 = DIRECTION ( 'NONE',  ( -0.000000000000000000, 1.000000000000000000, -0.000000000000000000 ) ) ;
#677 = DIRECTION ( 'NONE',  ( -0.000000000000000000, 1.000000000000000000, -0.000000000000000000 ) ) ;
#678 = CARTESIAN_POINT ( 'NONE',  ( 2.820632937500000104, -2.916249999317206409, -2.923779318289429607 ) ) ;
#679 = FACE_OUTER_BOUND ( 'NONE', #2524, .T. ) ;
#680 = CARTESIAN_POINT ( 'NONE',  ( 1.274999999999999245, -1.551666665301075998, -5.132144097939748129 ) ) ;
#681 = ORIENTED_EDGE ( 'NONE', *, *, #1206, .T. ) ;
#682 = CARTESIAN_POINT ( 'NONE',  ( 2.549999999999999378, -3.218333333333336377, -4.396022504722975732 ) ) ;
#683 = CARTESIAN_POINT ( 'NONE',  ( 2.820632937499999215, -0.9370833326505395577, -4.552272504040179690 ) ) ;
#684 = CARTESIAN_POINT ( 'NONE',  ( 2.820632937499999215, -3.437083332650539447, -4.552272504040179690 ) ) ;
#685 = VERTEX_POINT ( 'NONE', #646 ) ;
#686 = ORIENTED_EDGE ( 'NONE', *, *, #3081, .T. ) ;
#687 = FACE_OUTER_BOUND ( 'NONE', #2301, .T. ) ;
#688 = EDGE_CURVE ( 'NONE', #1747, #2952, #101, .T. ) ;
#689 = CYLINDRICAL_SURFACE ( 'NONE', #2366, 2.549999999999999822 ) ;
#690 = EDGE_CURVE ( 'NONE', #32, #1736, #1631, .T. ) ;
#691 = PLANE ( 'NONE',  #566 ) ;
#692 = CARTESIAN_POINT ( 'NONE',  ( 2.820632937500000104, -3.374583332650539891, -4.552272504040179690 ) ) ;
#693 = AXIS2_PLACEMENT_3D ( 'NONE', #2546, #821, #1807 ) ;
#694 = CARTESIAN_POINT ( 'NONE',  ( 4.750000000000000000, -1.300000000000000044, -5.773779318289429696 ) ) ;
#695 = CARTESIAN_POINT ( 'NONE',  ( -1.410316468749997831, -3.145416665983867599, -0.4810395396633035947 ) ) ;
#696 = FACE_OUTER_BOUND ( 'NONE', #3084, .T. ) ;
#697 = ORIENTED_EDGE ( 'NONE', *, *, #2099, .T. ) ;
#698 = CARTESIAN_POINT ( 'NONE',  ( 1.275000000000001021, -0.7183333319677428497, -0.7154145386391113082 ) ) ;
#699 = ORIENTED_EDGE ( 'NONE', *, *, #688, .F. ) ;
#700 = CARTESIAN_POINT ( 'NONE',  ( -1.410316468749997831, -0.6454166659838729281, -0.4810395396633035947 ) ) ;
#701 = CARTESIAN_POINT ( 'NONE',  ( -1.994328967362931715E-16, -3.853749999317205521, -6.180765689790928441 ) ) ;
#702 = DIRECTION ( 'NONE',  ( -0.000000000000000000, -0.000000000000000000, 1.000000000000000000 ) ) ;
#703 = AXIS2_PLACEMENT_3D ( 'NONE', #3129, #924, #607 ) ;
#704 = VERTEX_POINT ( 'NONE', #657 ) ;
#705 = ORIENTED_EDGE ( 'NONE', *, *, #1588, .F. ) ;
#706 = DIRECTION ( 'NONE',  ( -0.000000000000000000, 1.000000000000000000, -0.000000000000000000 ) ) ;
#707 = DIRECTION ( 'NONE',  ( -1.000000000000000000, 0.000000000000000000, 0.000000000000000000 ) ) ;
#708 = DIRECTION ( 'NONE',  ( 1.000000000000000000, -0.000000000000000000, -0.000000000000000000 ) ) ;
#709 = DIRECTION ( 'NONE',  ( 0.000000000000000000, 0.000000000000000000, 1.000000000000000000 ) ) ;
#710 = DIRECTION ( 'NONE',  ( 1.000000000000000000, -0.000000000000000000, -0.000000000000000000 ) ) ;
#711 = DIRECTION ( 'NONE',  ( 0.000000000000000000, 1.000000000000000000, 0.000000000000000000 ) ) ;
#712 = VERTEX_POINT ( 'NONE', #450 ) ;
#713 = CARTESIAN_POINT ( 'NONE',  ( -2.550000000000000266, -0.05166666666666972635, -4.396022504722974844 ) ) ;
#714 = EDGE_LOOP ( 'NONE', ( #1497, #2641, #1968, #3144 ) ) ;
#715 = EDGE_CURVE ( 'NONE', #2319, #2159, #2399, .T. ) ;
#716 = CARTESIAN_POINT ( 'NONE',  ( 2.820632937500000548, -3.957916665983872484, -1.295286132538680413 ) ) ;
#717 = CARTESIAN_POINT ( 'NONE',  ( -2.820632937499999660, -3.228749999317205965, -2.923779318289429163 ) ) ;
#718 = CARTESIAN_POINT ( 'NONE',  ( 1.274999999999999245, -0.6766666666666697472, -5.132144097939748129 ) ) ;
#719 = ORIENTED_EDGE ( 'NONE', *, *, #2810, .F. ) ;
#720 = EDGE_LOOP ( 'NONE', ( #2984, #1508, #938, #2689 ) ) ;
#721 = CARTESIAN_POINT ( 'NONE',  ( 0.6832704406993627133, -0.1573290993692633144, -5.473779318289429874 ) ) ;
#722 = FACE_OUTER_BOUND ( 'NONE', #1113, .T. ) ;
#723 = VECTOR ( 'NONE', #611, 1000.000000000000000 ) ;
#724 = CARTESIAN_POINT ( 'NONE',  ( 2.820632937500000104, -1.416249999317206409, -2.923779318289429607 ) ) ;
#725 = CARTESIAN_POINT ( 'NONE',  ( -4.750000000000000000, -4.000000000000000888, 0.01493465751533546229 ) ) ;
#726 = CARTESIAN_POINT ( 'NONE',  ( -1.994328967362931468E-16, -3.353749999317201080, -6.180765689790928441 ) ) ;
#727 = CARTESIAN_POINT ( 'NONE',  ( -4.549999999999999822, -4.000000000000000888, 0.01493465751533575372 ) ) ;
#728 = CARTESIAN_POINT ( 'NONE',  ( 1.274999999999999245, -3.676666666666669858, -5.132144097939748129 ) ) ;
#729 = VERTEX_POINT ( 'NONE', #1888 ) ;
#730 = EDGE_CURVE ( 'NONE', #2319, #32, #2459, .T. ) ;
#731 = DIRECTION ( 'NONE',  ( 0.000000000000000000, 0.000000000000000000, 1.000000000000000000 ) ) ;
#732 = B_SPLINE_CURVE_WITH_KNOTS ( 'NONE', 3,
 ( #1008, #2247, #2702, #2732, #1733, #2458, #2717, #67, #243, #2217, #785, #1975, #1990, #1232, #53, #306, #1490, #502 ),
 .UNSPECIFIED., .F., .F.,
 ( 4, 2, 2, 2, 2, 2, 2, 2, 4 ),
 ( 0.000000000000000000, 0.0006602168952383664392, 0.001320433790476732878, 0.001980650685715099318, 0.002640867580953465757, 0.003301084476191832196, 0.003961301371430198635, 0.004621518266668565508, 0.005281735161906931514 ),
 .UNSPECIFIED. ) ;
#733 = VERTEX_POINT ( 'NONE', #188 ) ;
#734 = CARTESIAN_POINT ( 'NONE',  ( -1.994328967362931715E-16, -3.291249999317205965, -6.180765689790928441 ) ) ;
#735 = CARTESIAN_POINT ( 'NONE',  ( -2.820632937499998771, -3.687083332650539447, -1.295286132538677970 ) ) ;
#736 = CARTESIAN_POINT ( 'NONE',  ( 2.549999999999999822, -0.8016666666666696361, -1.451536131855884593 ) ) ;
#737 = CARTESIAN_POINT ( 'NONE',  ( -3.486133158594716510E-16, -2.135000000000002895, -5.473779318289427209 ) ) ;
#738 = VERTEX_POINT ( 'NONE', #674 ) ;
#739 = DIRECTION ( 'NONE',  ( -4.336808689942025625E-15, 0.000000000000000000, -1.000000000000000000 ) ) ;
#740 = CARTESIAN_POINT ( 'NONE',  ( 0.000000000000000000, -4.200000000000000178, -2.923779318289429163 ) ) ;
#741 = CARTESIAN_POINT ( 'NONE',  ( -1.410316468750000274, -1.249583332650539669, -5.366519096915554066 ) ) ;
#742 = DIRECTION ( 'NONE',  ( 0.000000000000000000, -0.000000000000000000, -1.000000000000000000 ) ) ;
#743 = CARTESIAN_POINT ( 'NONE',  ( 5.982986902088794405E-16, -4.103749999317201969, 0.3332070532120700035 ) ) ;
#744 = CARTESIAN_POINT ( 'NONE',  ( -1.802977905832341484E-16, -2.135000000000002895, -5.868265691156519637 ) ) ;
#745 = VERTEX_POINT ( 'NONE', #1628 ) ;
#746 = DIRECTION ( 'NONE',  ( 0.000000000000000000, 0.000000000000000000, 1.000000000000000000 ) ) ;
#747 = ORIENTED_EDGE ( 'NONE', *, *, #2995, .T. ) ;
#748 = CARTESIAN_POINT ( 'NONE',  ( 1.410316468750001162, -0.5620833326505395577, -0.4810395396633053156 ) ) ;
#749 = CARTESIAN_POINT ( 'NONE',  ( -1.274999999999998135, -3.301666665301075998, -0.7154145386391096428 ) ) ;
#750 = LINE ( 'NONE', #2256, #287 ) ;
#751 = DIRECTION ( 'NONE',  ( -1.000000000000000000, 0.000000000000000000, 0.000000000000000000 ) ) ;
#752 = AXIS2_PLACEMENT_3D ( 'NONE', #2827, #642, #1614 ) ;
#753 = VERTEX_POINT ( 'NONE', #1647 ) ;
#754 = EDGE_CURVE ( 'NONE', #2676, #2697, #3116, .T. ) ;
#755 = CARTESIAN_POINT ( 'NONE',  ( -1.103942166888327067E-15, -0.8850000000000031175, -0.3737793182894292299 ) ) ;
#756 = FACE_OUTER_BOUND ( 'NONE', #1112, .T. ) ;
#757 = CARTESIAN_POINT ( 'NONE',  ( -1.274999999999998135, -0.9266666666666697472, -0.7154145386391096428 ) ) ;
#758 = CARTESIAN_POINT ( 'NONE',  ( 2.549999999999999822, -2.301666666666669858, -1.451536131855884593 ) ) ;
#759 = EDGE_LOOP ( 'NONE', ( #747, #2285, #948, #448 ) ) ;
#760 = CARTESIAN_POINT ( 'NONE',  ( 4.549999999999999822, -1.118310356081282597, 1.802649529205650802 ) ) ;
#761 = ORIENTED_EDGE ( 'NONE', *, *, #1016, .T. ) ;
#762 = CARTESIAN_POINT ( 'NONE',  ( -1.410316468750000052, -2.812083332650539447, -5.366519096915554066 ) ) ;
#763 = CARTESIAN_POINT ( 'NONE',  ( 2.549999999999999822, -2.134999998634409479, -2.923779318289429607 ) ) ;
#764 = CARTESIAN_POINT ( 'NONE',  ( 2.549999999999999822, -1.301666666666669858, -1.451536131855884593 ) ) ;
#765 = ADVANCED_FACE ( 'NONE', ( #1435 ), #420, .F. ) ;
#766 = DIRECTION ( 'NONE',  ( 0.000000000000000000, 0.000000000000000000, -1.000000000000000000 ) ) ;
#767 =( LENGTH_UNIT ( ) NAMED_UNIT ( * ) SI_UNIT ( .MILLI., .METRE. ) );
#768 = VERTEX_POINT ( 'NONE', #2382 ) ;
#769 = FACE_OUTER_BOUND ( 'NONE', #1014, .T. ) ;
#770 = DIRECTION ( 'NONE',  ( 0.000000000000000000, 0.000000000000000000, 1.000000000000000000 ) ) ;
#771 = DIRECTION ( 'NONE',  ( 0.000000000000000000, -1.000000000000000000, 0.000000000000000000 ) ) ;
#772 = VECTOR ( 'NONE', #3072, 1000.000000000000000 ) ;
#773 = CARTESIAN_POINT ( 'NONE',  ( -2.549999999999999822, -3.510000000000003340, -2.923779318289429163 ) ) ;
#774 = ORIENTED_EDGE ( 'NONE', *, *, #1079, .F. ) ;
#775 = CARTESIAN_POINT ( 'NONE',  ( -1.274999999999998135, -2.426666666666669858, -0.7154145386391096428 ) ) ;
#776 = EDGE_LOOP ( 'NONE', ( #1173, #2011, #2755, #1691 ) ) ;
#777 = MECHANICAL_DESIGN_GEOMETRIC_PRESENTATION_REPRESENTATION (  '', ( #1750 ), #926 ) ;
#778 = CARTESIAN_POINT ( 'NONE',  ( 1.410316468749999164, -1.395416665983872928, -5.366519096915554066 ) ) ;
#779 = CARTESIAN_POINT ( 'NONE',  ( -1.802977905832341484E-16, -3.509999998634409035, -5.868265691156519637 ) ) ;
#780 = ORIENTED_EDGE ( 'NONE', *, *, #1253, .F. ) ;
#781 = DIRECTION ( 'NONE',  ( 0.000000000000000000, -1.000000000000000000, 0.000000000000000000 ) ) ;
#782 = ADVANCED_FACE ( 'NONE', ( #2633 ), #2176, .F. ) ;
#783 = EDGE_LOOP ( 'NONE', ( #2647, #1216, #48 ) ) ;
#784 = EDGE_CURVE ( 'NONE', #2680, #963, #2309, .T. ) ;
#785 = CARTESIAN_POINT ( 'NONE',  ( -1.077298752017823880, -4.200000000000000178, -0.4258954450409769277 ) ) ;
#786 = FACE_OUTER_BOUND ( 'NONE', #291, .T. ) ;
#787 = CYLINDRICAL_SURFACE ( 'NONE', #1698, 0.2000000000000000111 ) ;
#788 = CARTESIAN_POINT ( 'NONE',  ( -1.275000000000000133, -3.593333333333336377, -5.132144097939747240 ) ) ;
#789 = ORIENTED_EDGE ( 'NONE', *, *, #2797, .F. ) ;
#790 = CARTESIAN_POINT ( 'NONE',  ( -2.820632937499999660, -2.228749999317205965, -2.923779318289429163 ) ) ;
#791 = CARTESIAN_POINT ( 'NONE',  ( -2.549999999999999822, -1.926666665301075998, -4.396022504722974844 ) ) ;
#792 = DIRECTION ( 'NONE',  ( 1.000000000000000000, 0.000000000000000000, 0.000000000000000000 ) ) ;
#793 = DIRECTION ( 'NONE',  ( -1.000000000000000000, 0.000000000000000000, 0.000000000000000000 ) ) ;
#794 = ORIENTED_EDGE ( 'NONE', *, *, #818, .F. ) ;
#795 = ADVANCED_FACE ( 'NONE', ( #687 ), #2436, .T. ) ;
#796 = CARTESIAN_POINT ( 'NONE',  ( 4.750000000000000000, -1.300000000000000044, 0.3262206817105703927 ) ) ;
#797 = CARTESIAN_POINT ( 'NONE',  ( -1.103942166888327067E-15, -1.259999998634409479, -0.3737793182894292299 ) ) ;
#798 = CARTESIAN_POINT ( 'NONE',  ( -4.549999999999998934, -4.000000000000000888, -2.923779318289429163 ) ) ;
#799 = VECTOR ( 'NONE', #860, 1000.000000000000000 ) ;
#800 = CARTESIAN_POINT ( 'NONE',  ( 1.410316468749999386, -0.3329166659838730391, -5.366519096915554066 ) ) ;
#801 = ORIENTED_EDGE ( 'NONE', *, *, #668, .T. ) ;
#802 = CARTESIAN_POINT ( 'NONE',  ( -1.275000000000000133, -2.593333333333336377, -5.132144097939747240 ) ) ;
#803 = CARTESIAN_POINT ( 'NONE',  ( -2.820632937499999660, -3.228749999317205965, -2.923779318289429163 ) ) ;
#804 = CARTESIAN_POINT ( 'NONE',  ( -2.549999999999998934, -3.343333331967742961, -1.451536131855882372 ) ) ;
#805 = CYLINDRICAL_SURFACE ( 'NONE', #2619, 2.549999999999999822 ) ;
#806 = DIRECTION ( 'NONE',  ( 1.000000000000000000, 0.000000000000000000, 0.000000000000000000 ) ) ;
#807 = ORIENTED_EDGE ( 'NONE', *, *, #2671, .F. ) ;
#808 = VECTOR ( 'NONE', #1464, 1000.000000000000000 ) ;
#809 = CARTESIAN_POINT ( 'NONE',  ( 1.743066579297358403E-15, -0.6350000000000031175, -5.473779318289428097 ) ) ;
#810 = DIRECTION ( 'NONE',  ( -0.000000000000000000, 1.000000000000000000, -0.000000000000000000 ) ) ;
#811 = DIRECTION ( 'NONE',  ( 0.000000000000000000, 0.000000000000000000, 1.000000000000000000 ) ) ;
#812 = CARTESIAN_POINT ( 'NONE',  ( -2.820632937500000104, -1.166249999317206409, -2.923779318289429163 ) ) ;
#813 = CARTESIAN_POINT ( 'NONE',  ( 1.743066579297358403E-15, -1.509999998634409479, -5.473779318289428097 ) ) ;
#814 = AXIS2_PLACEMENT_3D ( 'NONE', #441, #1720, #1930 ) ;
#815 = CIRCLE ( 'NONE', #2620, 0.2000000000000000111 ) ;
#816 = AXIS2_PLACEMENT_3D ( 'NONE', #1606, #598, #3027 ) ;
#817 = CIRCLE ( 'NONE', #1229, 0.2000000000000000111 ) ;
#818 = EDGE_CURVE ( 'NONE', #3068, #704, #2561, .T. ) ;
#819 = CARTESIAN_POINT ( 'NONE',  ( 5.982986902088794405E-16, -3.603749999317205965, 0.3332070532120700035 ) ) ;
#820 = DIRECTION ( 'NONE',  ( 0.000000000000000000, 0.000000000000000000, 1.000000000000000000 ) ) ;
#821 = DIRECTION ( 'NONE',  ( 5.715555935327391940E-16, -0.8497617118223306232, -0.5271669878897792261 ) ) ;
#822 = EDGE_CURVE ( 'NONE', #400, #3025, #3099, .T. ) ;
#823 = CARTESIAN_POINT ( 'NONE',  ( -0.6832704406993653778, -3.282329098003669898, -0.3737793182894309507 ) ) ;
#824 = CARTESIAN_POINT ( 'NONE',  ( 1.014922452726945146, -4.199999999999998401, -5.334457678912658984 ) ) ;
#825 = AXIS2_PLACEMENT_3D ( 'NONE', #246, #2656, #996 ) ;
#826 = ORIENTED_EDGE ( 'NONE', *, *, #2239, .F. ) ;
#827 = CARTESIAN_POINT ( 'NONE',  ( -2.820632937499999215, -4.124583332650539447, -1.295286132538677748 ) ) ;
#828 = CYLINDRICAL_SURFACE ( 'NONE', #1171, 2.549999999999999822 ) ;
#829 = CARTESIAN_POINT ( 'NONE',  ( -4.549999999999998934, -1.300000000000000044, -0.07377931828942961567 ) ) ;
#830 = FACE_OUTER_BOUND ( 'NONE', #202, .T. ) ;
#831 = CARTESIAN_POINT ( 'NONE',  ( 5.982986902088794405E-16, -0.5412499993172064094, 0.3332070532120704476 ) ) ;
#832 = DIRECTION ( 'NONE',  ( 0.000000000000000000, 0.000000000000000000, 1.000000000000000000 ) ) ;
#833 = DIRECTION ( 'NONE',  ( 1.000000000000000000, 0.000000000000000000, 0.000000000000000000 ) ) ;
#834 = FACE_OUTER_BOUND ( 'NONE', #2408, .T. ) ;
#835 = CARTESIAN_POINT ( 'NONE',  ( -2.549999999999998934, -4.343333331967741628, -1.451536131855882372 ) ) ;
#836 = EDGE_CURVE ( 'NONE', #905, #1446, #2769, .T. ) ;
#837 = CARTESIAN_POINT ( 'NONE',  ( 2.820632937499999215, -0.4370833326505350613, -4.552272504040179690 ) ) ;
#838 = AXIS2_PLACEMENT_3D ( 'NONE', #1043, #520, #2500 ) ;
#839 = CARTESIAN_POINT ( 'NONE',  ( -1.410316468750000274, -1.249583332650539669, -5.366519096915554066 ) ) ;
#840 = CARTESIAN_POINT ( 'NONE',  ( -1.994328967362931715E-16, -0.8537499993172062984, -6.180765689790928441 ) ) ;
#841 = ORIENTED_EDGE ( 'NONE', *, *, #426, .F. ) ;
#842 = CARTESIAN_POINT ( 'NONE',  ( 2.820632937500000548, -2.457916665983873372, -1.295286132538680191 ) ) ;
#843 = DIRECTION ( 'NONE',  ( 0.000000000000000000, -0.5271669878897804473, -0.8497617118223297350 ) ) ;
#844 = CARTESIAN_POINT ( 'NONE',  ( 9.877377282685029372E-16, -2.385000000000002451, -0.3737793182894292299 ) ) ;
#845 = CARTESIAN_POINT ( 'NONE',  ( -4.750000000000000000, -1.300000000000000044, -5.973779318289428986 ) ) ;
#846 = EDGE_CURVE ( 'NONE', #3115, #2064, #2072, .T. ) ;
#847 = CARTESIAN_POINT ( 'NONE',  ( 2.820632937500000104, -0.8745833326505396688, -4.552272504040179690 ) ) ;
#848 = CARTESIAN_POINT ( 'NONE',  ( -3.486133158594716510E-16, -1.635000000000002451, -5.473779318289427209 ) ) ;
#849 = VECTOR ( 'NONE', #410, 1000.000000000000000 ) ;
#850 = CARTESIAN_POINT ( 'NONE',  ( -1.410316468750000052, -4.312083332650539447, -5.366519096915554066 ) ) ;
#851 = LINE ( 'NONE', #2297, #2187 ) ;
#852 = CARTESIAN_POINT ( 'NONE',  ( 2.062997752102569304, -4.584622870896840396, -4.422625632899350734 ) ) ;
#853 = CARTESIAN_POINT ( 'NONE',  ( -7.146572975119167637E-15, -3.259999998634409035, -0.3737793182894292299 ) ) ;
#854 = CARTESIAN_POINT ( 'NONE',  ( -1.410316468750000274, -0.2495833326505396410, -5.366519096915554066 ) ) ;
#855 = CARTESIAN_POINT ( 'NONE',  ( 2.820632937499999215, -0.4370833326505396133, -4.552272504040179690 ) ) ;
#856 = ORIENTED_EDGE ( 'NONE', *, *, #1567, .T. ) ;
#857 = ORIENTED_EDGE ( 'NONE', *, *, #632, .T. ) ;
#858 = CARTESIAN_POINT ( 'NONE',  ( 1.410316468750001162, -3.499583332650539447, -0.4810395396633048715 ) ) ;
#859 = ADVANCED_FACE ( 'NONE', ( #349 ), #104, .T. ) ;
#860 = DIRECTION ( 'NONE',  ( 8.659560562355121445E-17, 0.7071067811865321406, -0.7071067811865628938 ) ) ;
#861 = CARTESIAN_POINT ( 'NONE',  ( 4.549999999999999822, -1.300000000000000044, 0.1262206817105703816 ) ) ;
#862 = CARTESIAN_POINT ( 'NONE',  ( 2.549999999999999822, -4.134999998634408591, -2.923779318289429607 ) ) ;
#863 = DIRECTION ( 'NONE',  ( 1.000000000000000000, -0.000000000000000000, -0.000000000000000000 ) ) ;
#864 = CARTESIAN_POINT ( 'NONE',  ( 2.820632937500000104, -1.416249999317206409, -2.923779318289429607 ) ) ;
#865 = FACE_OUTER_BOUND ( 'NONE', #1503, .T. ) ;
#866 = CARTESIAN_POINT ( 'NONE',  ( -1.994328967362931715E-16, -4.353749999317206409, -6.180765689790928441 ) ) ;
#867 = CARTESIAN_POINT ( 'NONE',  ( -1.275000000000000133, -1.968333331967742961, -5.132144097939747240 ) ) ;
#868 = CARTESIAN_POINT ( 'NONE',  ( -2.820632937499999660, -2.228749999317201969, -2.923779318289429163 ) ) ;
#869 = VECTOR ( 'NONE', #1585, 1000.000000000000000 ) ;
#870 = CARTESIAN_POINT ( 'NONE',  ( 2.820632937500000548, -1.957916665983873150, -1.295286132538680413 ) ) ;
#871 = CARTESIAN_POINT ( 'NONE',  ( -2.820632937499998771, -2.187083332650539447, -1.295286132538677970 ) ) ;
#872 = VERTEX_POINT ( 'NONE', #491 ) ;
#873 = ORIENTED_EDGE ( 'NONE', *, *, #2228, .T. ) ;
#874 = CARTESIAN_POINT ( 'NONE',  ( 2.820632937500000548, -1.957916665983873150, -1.295286132538680191 ) ) ;
#875 = CARTESIAN_POINT ( 'NONE',  ( 0.000000000000000000, -0.01000000000000306200, -2.923779318289429163 ) ) ;
#876 = CARTESIAN_POINT ( 'NONE',  ( 4.750000000000000000, -1.700000000000000178, 1.441786509367187330 ) ) ;
#877 = VECTOR ( 'NONE', #781, 1000.000000000000000 ) ;
#878 = EDGE_CURVE ( 'NONE', #970, #2064, #2491, .T. ) ;
#879 = DIRECTION ( 'NONE',  ( 0.000000000000000000, 0.000000000000000000, 1.000000000000000000 ) ) ;
#880 = ADVANCED_FACE ( 'NONE', ( #181 ), #2138, .F. ) ;
#881 = CARTESIAN_POINT ( 'NONE',  ( -2.549999999999999822, -2.384999998634409479, -2.923779318289429163 ) ) ;
#882 = EDGE_CURVE ( 'NONE', #2697, #465, #1443, .T. ) ;
#883 = CARTESIAN_POINT ( 'NONE',  ( -3.486133158594716510E-16, -1.635000000000002673, -5.473779318289427209 ) ) ;
#884 = LINE ( 'NONE', #1865, #1379 ) ;
#885 = DIRECTION ( 'NONE',  ( 0.000000000000000000, 1.000000000000000000, 0.000000000000000000 ) ) ;
#886 = CARTESIAN_POINT ( 'NONE',  ( 4.750000000000000000, -1.300000000000000044, -6.173779318289428275 ) ) ;
#887 = CARTESIAN_POINT ( 'NONE',  ( 5.982986902088794405E-16, -2.603749999317201080, 0.3332070532120700035 ) ) ;
#888 = CARTESIAN_POINT ( 'NONE',  ( -2.820632937499999215, -1.124583332650539669, -1.295286132538677748 ) ) ;
#889 = CARTESIAN_POINT ( 'NONE',  ( -1.410316468750000052, -0.8120833326505395577, -5.366519096915554066 ) ) ;
#890 = ORIENTED_EDGE ( 'NONE', *, *, #730, .F. ) ;
#891 = VERTEX_POINT ( 'NONE', #1673 ) ;
#892 = CARTESIAN_POINT ( 'NONE',  ( -1.410316468750000274, -2.749583332650539891, -5.366519096915554066 ) ) ;
#893 = DIRECTION ( 'NONE',  ( 0.000000000000000000, 1.000000000000000000, 0.000000000000000000 ) ) ;
#894 = DIRECTION ( 'NONE',  ( -0.000000000000000000, 1.000000000000000000, -0.000000000000000000 ) ) ;
#895 = EDGE_CURVE ( 'NONE', #1843, #1937, #2645, .T. ) ;
#896 =( BOUNDED_CURVE ( )  B_SPLINE_CURVE ( 2, ( #1180, #3134, #1911, #1687, #1135, #180, #1421, #3107, #898 ),
 .UNSPECIFIED., .F., .T. ) 
 B_SPLINE_CURVE_WITH_KNOTS ( ( 3, 2, 2, 2, 3 ),
 ( 0.8055555555555555802, 0.8148148148148147696, 0.8333333333333333703, 0.8518518518518518601, 0.8611111111111111605 ),
 .UNSPECIFIED. ) 
 CURVE ( )  GEOMETRIC_REPRESENTATION_ITEM ( )  RATIONAL_B_SPLINE_CURVE ( ( 0.9330127018922194093, 0.9330127018922197424, 1.000000000000000000, 0.8660254037844387076, 1.000000000000000000, 0.8660254037844387076, 1.000000000000000000, 0.9330127018922189652, 0.9330127018922194093 ) ) 
 REPRESENTATION_ITEM ( '' )  );
#897 = CARTESIAN_POINT ( 'NONE',  ( -1.994328967362931715E-16, -3.791249999317206409, -6.180765689790928441 ) ) ;
#898 = CARTESIAN_POINT ( 'NONE',  ( -7.146572975119167637E-15, -3.885000000000002895, -0.3737793182894292299 ) ) ;
#899 = EDGE_CURVE ( 'NONE', #2706, #57, #2690, .T. ) ;
#900 = CARTESIAN_POINT ( 'NONE',  ( 0.6832704406993661550, -2.657329099369262870, -5.473779318289426321 ) ) ;
#901 = CARTESIAN_POINT ( 'NONE',  ( 2.549999999999999822, -2.260000000000002895, -2.923779318289429607 ) ) ;
#902 = CARTESIAN_POINT ( 'NONE',  ( 5.982986902088794405E-16, -2.103749999317201524, 0.3332070532120700035 ) ) ;
#903 = CARTESIAN_POINT ( 'NONE',  ( -2.820632937499999215, -0.6245833326505396688, -1.295286132538677748 ) ) ;
#904 = CARTESIAN_POINT ( 'NONE',  ( 2.549999999999999378, -1.093333331967742739, -4.396022504722975732 ) ) ;
#905 = VERTEX_POINT ( 'NONE', #2880 ) ;
#906 = ORIENTED_EDGE ( 'NONE', *, *, #3108, .T. ) ;
#907 = CARTESIAN_POINT ( 'NONE',  ( 4.549999999999999822, -1.500000000000000000, -7.648779318289428808 ) ) ;
#908 = CARTESIAN_POINT ( 'NONE',  ( 4.750000000000000000, -1.500000000000000000, 0.1262206817105703816 ) ) ;
#909 = DIRECTION ( 'NONE',  ( -0.000000000000000000, 0.000000000000000000, -1.000000000000000000 ) ) ;
#910 = CARTESIAN_POINT ( 'NONE',  ( 1.410316468750001162, -2.999583332650539447, -0.4810395396633048715 ) ) ;
#911 = AXIS2_PLACEMENT_3D ( 'NONE', #264, #54, #559 ) ;
#912 = CARTESIAN_POINT ( 'NONE',  ( -2.820632937499999215, -3.270416665983868487, -4.552272504040177914 ) ) ;
#913 =( BOUNDED_CURVE ( )  B_SPLINE_CURVE ( 2, ( #1377, #1881, #2862, #1394, #664, #428, #2626, #1637, #2100 ),
 .UNSPECIFIED., .F., .F. ) 
 B_SPLINE_CURVE_WITH_KNOTS ( ( 3, 2, 2, 2, 3 ),
 ( 0.3500408983190462786, 0.3593001575783055790, 0.3778186760968240687, 0.3963371946153425585, 0.4055964538746018588 ),
 .UNSPECIFIED. ) 
 CURVE ( )  GEOMETRIC_REPRESENTATION_ITEM ( )  RATIONAL_B_SPLINE_CURVE ( ( 0.9330127018922194093, 0.9330127018922189652, 1.000000000000000000, 0.8660254037844387076, 1.000000000000000000, 0.8660254037844387076, 1.000000000000000000, 0.9330127018922194093, 0.9330127018922194093 ) ) 
 REPRESENTATION_ITEM ( '' )  );
#914 = CARTESIAN_POINT ( 'NONE',  ( 2.550000000000000266, -3.301666666666669414, -1.451536131855884593 ) ) ;
#915 = EDGE_CURVE ( 'NONE', #704, #2730, #932, .T. ) ;
#916 = CARTESIAN_POINT ( 'NONE',  ( -2.820632937500000104, -0.7704166659838729281, -4.552272504040177914 ) ) ;
#917 = ADVANCED_FACE ( 'NONE', ( #2169 ), #2642, .T. ) ;
#918 = CARTESIAN_POINT ( 'NONE',  ( -1.410316468750000052, -3.312083332650539447, -5.366519096915554066 ) ) ;
#919 = CIRCLE ( 'NONE', #2205, 0.1999999999999996503 ) ;
#920 = CIRCLE ( 'NONE', #2153, 2.550000000000000266 ) ;
#921 = ORIENTED_EDGE ( 'NONE', *, *, #1187, .F. ) ;
#922 = EDGE_LOOP ( 'NONE', ( #2467, #2841, #1237, #2392, #656, #1510, #432, #2551, #1333, #223 ) ) ;
#923 = DIRECTION ( 'NONE',  ( 0.000000000000000000, 0.000000000000000000, -1.000000000000000000 ) ) ;
#924 = DIRECTION ( 'NONE',  ( 1.000000000000000000, 0.000000000000000000, -0.000000000000000000 ) ) ;
#925 = CYLINDRICAL_SURFACE ( 'NONE', #421, 2.549999999999999822 ) ;
#926 =( GEOMETRIC_REPRESENTATION_CONTEXT ( 3 ) GLOBAL_UNCERTAINTY_ASSIGNED_CONTEXT ( ( #407 ) ) GLOBAL_UNIT_ASSIGNED_CONTEXT ( ( #767, #50, #336 ) ) REPRESENTATION_CONTEXT ( 'NONE', 'WORKASPACE' ) );
#927 = CARTESIAN_POINT ( 'NONE',  ( -2.820632937500000104, -3.207916665983873372, -4.552272504040178802 ) ) ;
#928 = DIRECTION ( 'NONE',  ( 0.000000000000000000, 0.000000000000000000, 1.000000000000000000 ) ) ;
#929 = CARTESIAN_POINT ( 'NONE',  ( 3.122849337825750419E-16, -4.200000000000000178, -5.473779318289428986 ) ) ;
#930 = CARTESIAN_POINT ( 'NONE',  ( 1.743066579297358403E-15, -1.135000000000003118, -5.473779318289428097 ) ) ;
#931 = VERTEX_POINT ( 'NONE', #1395 ) ;
#932 = LINE ( 'NONE', #1184, #1924 ) ;
#933 =( BOUNDED_CURVE ( )  B_SPLINE_CURVE ( 2, ( #2507, #2954, #1987, #304, #1502, #1272, #2489, #572, #1531 ),
 .UNSPECIFIED., .F., .T. ) 
 B_SPLINE_CURVE_WITH_KNOTS ( ( 3, 2, 2, 2, 3 ),
 ( 0.5167075649857129083, 0.5259668242449722086, 0.5444853427634908094, 0.5630038612820092991, 0.5722631205412684885 ),
 .UNSPECIFIED. ) 
 CURVE ( )  GEOMETRIC_REPRESENTATION_ITEM ( )  RATIONAL_B_SPLINE_CURVE ( ( 0.9330127018922194093, 0.9330127018922189652, 1.000000000000000000, 0.8660254037844387076, 1.000000000000000000, 0.8660254037844387076, 1.000000000000000000, 0.9330127018922197424, 0.9330127018922194093 ) ) 
 REPRESENTATION_ITEM ( '' )  );
#934 = ORIENTED_EDGE ( 'NONE', *, *, #1342, .T. ) ;
#935 = CARTESIAN_POINT ( 'NONE',  ( -1.410316468750000052, -0.3120833326505396688, -5.366519096915554066 ) ) ;
#936 = CARTESIAN_POINT ( 'NONE',  ( -2.820632937499999660, -4.228749999317206409, -2.923779318289429163 ) ) ;
#937 = CARTESIAN_POINT ( 'NONE',  ( -2.643919488462348255, -4.199999999999998401, -3.924344451256828403 ) ) ;
#938 = ORIENTED_EDGE ( 'NONE', *, *, #29, .T. ) ;
#939 = ORIENTED_EDGE ( 'NONE', *, *, #163, .F. ) ;
#940 = DIRECTION ( 'NONE',  ( 0.000000000000000000, 0.000000000000000000, 1.000000000000000000 ) ) ;
#941 = DIRECTION ( 'NONE',  ( 0.000000000000000000, 0.000000000000000000, -1.000000000000000000 ) ) ;
#942 = CARTESIAN_POINT ( 'NONE',  ( -4.549999999999998934, -1.700000000000000178, -6.173779318289428275 ) ) ;
#943 = CARTESIAN_POINT ( 'NONE',  ( -2.820632937499999215, -3.624583332650539447, -1.295286132538677748 ) ) ;
#944 = VECTOR ( 'NONE', #232, 1000.000000000000000 ) ;
#945 = DIRECTION ( 'NONE',  ( -0.000000000000000000, -1.000000000000000000, -0.000000000000000000 ) ) ;
#946 = CARTESIAN_POINT ( 'NONE',  ( -4.549999999999998934, -4.200000000000000178, -5.862493294094194063 ) ) ;
#947 = EDGE_CURVE ( 'NONE', #963, #400, #658, .T. ) ;
#948 = ORIENTED_EDGE ( 'NONE', *, *, #1825, .T. ) ;
#949 = CARTESIAN_POINT ( 'NONE',  ( 1.274999999999999245, -3.176666666666669858, -5.132144097939748129 ) ) ;
#950 = ORIENTED_EDGE ( 'NONE', *, *, #233, .F. ) ;
#951 = CARTESIAN_POINT ( 'NONE',  ( 2.820632937499999660, -0.9787499993172064094, -2.923779318289429607 ) ) ;
#952 = CARTESIAN_POINT ( 'NONE',  ( 5.982986902088794405E-16, -3.103749999317205965, 0.3332070532120700035 ) ) ;
#953 = CARTESIAN_POINT ( 'NONE',  ( 1.274999999999999245, -0.1766666666666697194, -5.132144097939748129 ) ) ;
#954 = CIRCLE ( 'NONE', #2548, 0.1999999999999996503 ) ;
#955 = ORIENTED_EDGE ( 'NONE', *, *, #1808, .T. ) ;
#956 = ORIENTED_EDGE ( 'NONE', *, *, #1764, .T. ) ;
#957 = DIRECTION ( 'NONE',  ( -1.000000000000000000, 0.000000000000000000, 0.000000000000000000 ) ) ;
#958 = DIRECTION ( 'NONE',  ( 1.000000000000000000, 0.000000000000000000, 0.000000000000000000 ) ) ;
#959 = EDGE_CURVE ( 'NONE', #1273, #1973, #2973, .T. ) ;
#960 = CARTESIAN_POINT ( 'NONE',  ( -2.820632937500000104, -0.6662499993172062984, -2.923779318289429163 ) ) ;
#961 = CARTESIAN_POINT ( 'NONE',  ( -1.410316468750000052, -3.812083332650535006, -5.366519096915554066 ) ) ;
#962 = CARTESIAN_POINT ( 'NONE',  ( -2.550000000000000266, -0.5516666666666697472, -4.396022504722974844 ) ) ;
#963 = VERTEX_POINT ( 'NONE', #2894 ) ;
#964 = DIRECTION ( 'NONE',  ( 1.000000000000000000, 0.000000000000000000, 0.000000000000000000 ) ) ;
#965 = VERTEX_POINT ( 'NONE', #2912 ) ;
#966 = AXIS2_PLACEMENT_3D ( 'NONE', #1682, #1907, #940 ) ;
#967 = CARTESIAN_POINT ( 'NONE',  ( 1.410316468750001162, -3.999583332650539003, -0.4810395396633048715 ) ) ;
#968 = CARTESIAN_POINT ( 'NONE',  ( -2.549999999999998934, -0.8433333319677427387, -1.451536131855882372 ) ) ;
#969 = CARTESIAN_POINT ( 'NONE',  ( -2.549999999999998934, -0.9683333333333362658, -1.451536131855882372 ) ) ;
#970 = VERTEX_POINT ( 'NONE', #1692 ) ;
#971 = CARTESIAN_POINT ( 'NONE',  ( 4.549999999999999822, -1.300000000000000044, 0.3262206817105703927 ) ) ;
#972 = CIRCLE ( 'NONE', #565, 0.1999999999999996503 ) ;
#973 = AXIS2_PLACEMENT_3D ( 'NONE', #2101, #2035, #1798 ) ;
#974 = DIRECTION ( 'NONE',  ( 0.000000000000000000, -0.5271669878897804473, -0.8497617118223297350 ) ) ;
#975 = AXIS2_PLACEMENT_3D ( 'NONE', #1602, #2324, #2587 ) ;
#976 = CARTESIAN_POINT ( 'NONE',  ( -2.820632937499999215, -1.124583332650539669, -1.295286132538677748 ) ) ;
#977 = DIRECTION ( 'NONE',  ( 1.000000000000000000, 0.000000000000000000, 0.000000000000000000 ) ) ;
#978 = EDGE_CURVE ( 'NONE', #2185, #519, #1404, .T. ) ;
#979 = CARTESIAN_POINT ( 'NONE',  ( 2.820632937499999660, -3.978749999317201969, -2.923779318289429607 ) ) ;
#980 = CARTESIAN_POINT ( 'NONE',  ( 4.750000000000000000, -4.000000000000000888, 0.01493465751533544841 ) ) ;
#981 = CARTESIAN_POINT ( 'NONE',  ( 1.275000000000001021, -2.843333333333336377, -0.7154145386391113082 ) ) ;
#982 = EDGE_LOOP ( 'NONE', ( #2955, #1244, #2979, #1315 ) ) ;
#983 = LINE ( 'NONE', #30, #2929 ) ;
#984 = ADVANCED_FACE ( 'NONE', ( #1252 ), #2237, .T. ) ;
#985 = AXIS2_PLACEMENT_3D ( 'NONE', #584, #290, #2778 ) ;
#986 = ORIENTED_EDGE ( 'NONE', *, *, #316, .F. ) ;
#987 = CARTESIAN_POINT ( 'NONE',  ( 2.820632937500000104, -2.916249999317206409, -2.923779318289429607 ) ) ;
#988 = CARTESIAN_POINT ( 'NONE',  ( 5.408933717497023466E-16, -3.759999998634409923, 0.02070705457766185142 ) ) ;
#989 = ORIENTED_EDGE ( 'NONE', *, *, #1361, .T. ) ;
#990 = EDGE_CURVE ( 'NONE', #704, #753, #3153, .T. ) ;
#991 = LINE ( 'NONE', #205, #2240 ) ;
#992 = ORIENTED_EDGE ( 'NONE', *, *, #1981, .T. ) ;
#993 = CARTESIAN_POINT ( 'NONE',  ( 2.820632937500000104, -0.4162499993172063539, -2.923779318289429607 ) ) ;
#994 = DIRECTION ( 'NONE',  ( -0.000000000000000000, -0.000000000000000000, -1.000000000000000000 ) ) ;
#995 = CARTESIAN_POINT ( 'NONE',  ( 4.549999999999999822, -1.500000000000000000, -7.289345145946046323 ) ) ;
#996 = DIRECTION ( 'NONE',  ( 0.000000000000000000, 0.000000000000000000, 1.000000000000000000 ) ) ;
#997 = CARTESIAN_POINT ( 'NONE',  ( 1.275000000000001021, -1.343333333333336377, -0.7154145386391113082 ) ) ;
#998 = EDGE_LOOP ( 'NONE', ( #2763, #2444, #174 ) ) ;
#999 = CARTESIAN_POINT ( 'NONE',  ( -4.549999999999998934, -4.000000000000000888, -5.862493294094194063 ) ) ;
#1000 = VERTEX_POINT ( 'NONE', #2515 ) ;
#1001 = ADVANCED_FACE ( 'NONE', ( #2223 ), #2464, .T. ) ;
#1002 = CARTESIAN_POINT ( 'NONE',  ( -2.820632937499998771, -2.187083332650539447, -1.295286132538677970 ) ) ;
#1003 = CARTESIAN_POINT ( 'NONE',  ( 1.275000000000001021, -3.218333331967742517, -0.7154145386391113082 ) ) ;
#1004 = ORIENTED_EDGE ( 'NONE', *, *, #2949, .T. ) ;
#1005 = CARTESIAN_POINT ( 'NONE',  ( 0.000000000000000000, -0.01000000000000306200, -2.923779318289429163 ) ) ;
#1006 = AXIS2_PLACEMENT_3D ( 'NONE', #1243, #739, #2699 ) ;
#1007 = VERTEX_POINT ( 'NONE', #72 ) ;
#1008 = CARTESIAN_POINT ( 'NONE',  ( 1.763030157015726740, -4.200000000000000178, -1.081437149892607863 ) ) ;
#1009 = DIRECTION ( 'NONE',  ( 1.000000000000000000, -0.000000000000000000, 0.000000000000000000 ) ) ;
#1010 = DIRECTION ( 'NONE',  ( 0.000000000000000000, 0.000000000000000000, -1.000000000000000000 ) ) ;
#1011 = CARTESIAN_POINT ( 'NONE',  ( 2.549999999999999822, -2.801666666666669858, -1.451536131855884593 ) ) ;
#1012 = EDGE_LOOP ( 'NONE', ( #1949, #699, #556, #2508 ) ) ;
#1013 = DIRECTION ( 'NONE',  ( 0.000000000000000000, 0.000000000000000000, 1.000000000000000000 ) ) ;
#1014 = EDGE_LOOP ( 'NONE', ( #2380, #1222, #2780, #1842 ) ) ;
#1015 = CARTESIAN_POINT ( 'NONE',  ( -1.994328967362931715E-16, -1.853749999317206187, -6.180765689790928441 ) ) ;
#1016 = EDGE_CURVE ( 'NONE', #3115, #970, #388, .T. ) ;
#1017 = CARTESIAN_POINT ( 'NONE',  ( -2.549999999999999822, -3.884999998634409479, -2.923779318289429163 ) ) ;
#1018 = AXIS2_PLACEMENT_3D ( 'NONE', #2261, #2022, #1779 ) ;
#1019 = EDGE_CURVE ( 'NONE', #2730, #259, #1768, .T. ) ;
#1020 = CARTESIAN_POINT ( 'NONE',  ( -2.550000000000000266, -2.051666666666669414, -4.396022504722974844 ) ) ;
#1021 =( BOUNDED_CURVE ( )  B_SPLINE_CURVE ( 2, ( #1085, #1371, #1817, #1133, #881, #177, #593, #3055, #2358 ),
 .UNSPECIFIED., .F., .F. ) 
 B_SPLINE_CURVE_WITH_KNOTS ( ( 3, 2, 2, 2, 3 ),
 ( 0.4611520094301574391, 0.4704112686894166839, 0.4889297872079352292, 0.5074483057264537189, 0.5167075649857129083 ),
 .UNSPECIFIED. ) 
 CURVE ( )  GEOMETRIC_REPRESENTATION_ITEM ( )  RATIONAL_B_SPLINE_CURVE ( ( 0.9330127018922194093, 0.9330127018922194093, 1.000000000000000000, 0.8660254037844387076, 1.000000000000000000, 0.8660254037844387076, 1.000000000000000000, 0.9330127018922197424, 0.9330127018922194093 ) ) 
 REPRESENTATION_ITEM ( '' )  );
#1022 = FACE_OUTER_BOUND ( 'NONE', #2416, .T. ) ;
#1023 = ORIENTED_EDGE ( 'NONE', *, *, #1251, .F. ) ;
#1024 = CARTESIAN_POINT ( 'NONE',  ( -0.6832704406993617141, -3.782329098003669454, -0.3737793182894287303 ) ) ;
#1025 = CARTESIAN_POINT ( 'NONE',  ( 7.785697387528199762E-15, -4.135000000000003340, -5.473779318289427209 ) ) ;
#1026 = FACE_OUTER_BOUND ( 'NONE', #2129, .T. ) ;
#1027 = CIRCLE ( 'NONE', #1488, 0.1999999999999996503 ) ;
#1028 = AXIS2_PLACEMENT_3D ( 'NONE', #425, #2376, #928 ) ;
#1029 = CARTESIAN_POINT ( 'NONE',  ( -2.549999999999999822, -3.010000000000003340, -2.923779318289429163 ) ) ;
#1030 = VERTEX_POINT ( 'NONE', #564 ) ;
#1031 = CARTESIAN_POINT ( 'NONE',  ( -0.6832704406993617141, -2.407329099369263314, -0.3737793182894287303 ) ) ;
#1032 = CARTESIAN_POINT ( 'NONE',  ( 1.410316468749999164, -1.895416665983872928, -5.366519096915554066 ) ) ;
#1033 = CIRCLE ( 'NONE', #2835, 2.560000000000003162 ) ;
#1034 = CARTESIAN_POINT ( 'NONE',  ( 1.274999999999999245, -2.551666665301075998, -5.132144097939748129 ) ) ;
#1035 = CARTESIAN_POINT ( 'NONE',  ( 2.820632937499999660, -0.9787499993172017465, -2.923779318289429607 ) ) ;
#1036 = FACE_OUTER_BOUND ( 'NONE', #998, .T. ) ;
#1037 = EDGE_LOOP ( 'NONE', ( #1565, #1724, #239, #3010 ) ) ;
#1038 = DIRECTION ( 'NONE',  ( -1.000000000000000000, 0.000000000000000000, 0.000000000000000000 ) ) ;
#1039 = DIRECTION ( 'NONE',  ( -1.000000000000000000, 0.000000000000000000, 0.000000000000000000 ) ) ;
#1040 = DIRECTION ( 'NONE',  ( 0.000000000000000000, -1.000000000000000000, 0.000000000000000000 ) ) ;
#1041 = CARTESIAN_POINT ( 'NONE',  ( -1.994328967362931715E-16, -0.2912499993172063539, -6.180765689790928441 ) ) ;
#1042 = ORIENTED_EDGE ( 'NONE', *, *, #3161, .T. ) ;
#1043 = CARTESIAN_POINT ( 'NONE',  ( 4.549999999999999822, -1.700000000000000178, 1.441786509367187330 ) ) ;
#1044 = ADVANCED_FACE ( 'NONE', ( #298 ), #1979, .F. ) ;
#1045 = CARTESIAN_POINT ( 'NONE',  ( 5.982986902088794405E-16, -3.103749999317205965, 0.3332070532120700035 ) ) ;
#1046 = CARTESIAN_POINT ( 'NONE',  ( -2.549999999999998934, -3.843333331967742517, -1.451536131855882372 ) ) ;
#1047 = CARTESIAN_POINT ( 'NONE',  ( -2.820632937499999660, -0.2287499993172062984, -2.923779318289429163 ) ) ;
#1048 = CYLINDRICAL_SURFACE ( 'NONE', #2938, 0.1999999999999998168 ) ;
#1049 = ORIENTED_EDGE ( 'NONE', *, *, #178, .F. ) ;
#1050 = DIRECTION ( 'NONE',  ( 0.000000000000000000, 0.000000000000000000, 1.000000000000000000 ) ) ;
#1051 = FACE_OUTER_BOUND ( 'NONE', #2415, .T. ) ;
#1052 = DIRECTION ( 'NONE',  ( 1.000000000000000000, 0.000000000000000000, 0.000000000000000000 ) ) ;
#1053 = ADVANCED_FACE ( 'NONE', ( #1496 ), #439, .T. ) ;
#1054 = CARTESIAN_POINT ( 'NONE',  ( -1.410316468750000274, -0.7495833326505395577, -5.366519096915554066 ) ) ;
#1055 = CARTESIAN_POINT ( 'NONE',  ( 4.549999999999999822, -4.000000000000000888, 0.01493465751533544841 ) ) ;
#1056 = CARTESIAN_POINT ( 'NONE',  ( 1.410316468750001162, -3.562083332650539447, -0.4810395396633053156 ) ) ;
#1057 = CARTESIAN_POINT ( 'NONE',  ( 7.785697387528199762E-15, -3.635000000000002895, -5.473779318289427209 ) ) ;
#1058 = CARTESIAN_POINT ( 'NONE',  ( -4.549999999999998934, -4.105433397577956889, -6.032445636458659166 ) ) ;
#1059 = SPHERICAL_SURFACE ( 'NONE', #2476, 0.2000000000000000111 ) ;
#1060 = CIRCLE ( 'NONE', #1889, 0.2000000000000000111 ) ;
#1061 = ORIENTED_EDGE ( 'NONE', *, *, #120, .F. ) ;
#1062 = CARTESIAN_POINT ( 'NONE',  ( 5.982986902088794405E-16, -4.041249999317206409, 0.3332070532120704476 ) ) ;
#1063 = VECTOR ( 'NONE', #2871, 1000.000000000000000 ) ;
#1064 = CARTESIAN_POINT ( 'NONE',  ( 4.750000000000000000, -1.300000000000000044, 0.1262206817105703816 ) ) ;
#1065 = CYLINDRICAL_SURFACE ( 'NONE', #109, 2.549999999999999822 ) ;
#1066 = CARTESIAN_POINT ( 'NONE',  ( 2.820632937500000548, -1.957916665983873150, -1.295286132538680413 ) ) ;
#1067 = EDGE_CURVE ( 'NONE', #2697, #1872, #1123, .T. ) ;
#1068 = CYLINDRICAL_SURFACE ( 'NONE', #159, 2.549999999999999822 ) ;
#1069 = AXIS2_PLACEMENT_3D ( 'NONE', #2909, #1009, #3004 ) ;
#1070 = AXIS2_PLACEMENT_3D ( 'NONE', #2135, #408, #2639 ) ;
#1071 = AXIS2_PLACEMENT_3D ( 'NONE', #1587, #2859, #660 ) ;
#1072 = DIRECTION ( 'NONE',  ( -1.000000000000000000, 0.000000000000000000, 0.000000000000000000 ) ) ;
#1073 = DIRECTION ( 'NONE',  ( 0.000000000000000000, 0.8497617118223305122, -0.5271669878897791151 ) ) ;
#1074 = CARTESIAN_POINT ( 'NONE',  ( 4.549999999999999822, -1.700000000000000178, -7.289345145946046323 ) ) ;
#1075 =( GEOMETRIC_REPRESENTATION_CONTEXT ( 3 ) GLOBAL_UNCERTAINTY_ASSIGNED_CONTEXT ( ( #344 ) ) GLOBAL_UNIT_ASSIGNED_CONTEXT ( ( #2986, #2017, #1761 ) ) REPRESENTATION_CONTEXT ( 'NONE', 'WORKASPACE' ) );
#1076 = DIRECTION ( 'NONE',  ( -0.000000000000000000, 0.8497617118223306232, 0.5271669878897788930 ) ) ;
#1077 = CARTESIAN_POINT ( 'NONE',  ( -2.820632937500000104, -1.166249999317206409, -2.923779318289429163 ) ) ;
#1078 = CARTESIAN_POINT ( 'NONE',  ( 2.820632937499999660, -2.978749999317205965, -2.923779318289429607 ) ) ;
#1079 = EDGE_CURVE ( 'NONE', #2251, #733, #972, .T. ) ;
#1080 = CIRCLE ( 'NONE', #215, 2.550000000000000266 ) ;
#1081 = ORIENTED_EDGE ( 'NONE', *, *, #2733, .F. ) ;
#1082 = CARTESIAN_POINT ( 'NONE',  ( 5.982986902088794405E-16, -2.541249999317206854, 0.3332070532120704476 ) ) ;
#1083 = CYLINDRICAL_SURFACE ( 'NONE', #1325, 0.1999999999999996503 ) ;
#1084 = DIRECTION ( 'NONE',  ( -0.000000000000000000, -1.000000000000000000, 0.000000000000000000 ) ) ;
#1085 = CARTESIAN_POINT ( 'NONE',  ( -3.486133158594716510E-16, -2.509999998634409479, -5.473779318289427209 ) ) ;
#1086 = CARTESIAN_POINT ( 'NONE',  ( 5.982986902088794405E-16, -1.541249999317206187, 0.3332070532120704476 ) ) ;
#1087 = LINE ( 'NONE', #119, #1533 ) ;
#1088 = CARTESIAN_POINT ( 'NONE',  ( -2.820632937500000104, -3.770416665983872484, -4.552272504040177914 ) ) ;
#1089 = DIRECTION ( 'NONE',  ( 0.000000000000000000, 0.000000000000000000, -1.000000000000000000 ) ) ;
#1090 = CARTESIAN_POINT ( 'NONE',  ( -2.549999999999999822, -4.426666665301075554, -4.396022504722974844 ) ) ;
#1091 = EDGE_CURVE ( 'NONE', #71, #673, #983, .T. ) ;
#1092 = CARTESIAN_POINT ( 'NONE',  ( -1.410316468749997831, -1.145416665983868265, -0.4810395396633035947 ) ) ;
#1093 = AXIS2_PLACEMENT_3D ( 'NONE', #1657, #2674, #731 ) ;
#1094 = CARTESIAN_POINT ( 'NONE',  ( 1.410316468750001162, -1.999583332650539669, -0.4810395396633048715 ) ) ;
#1095 = CARTESIAN_POINT ( 'NONE',  ( 2.820632937500000104, -2.520416665983872928, -1.295286132538680635 ) ) ;
#1096 = ORIENTED_EDGE ( 'NONE', *, *, #1187, .T. ) ;
#1097 = ORIENTED_EDGE ( 'NONE', *, *, #2347, .F. ) ;
#1098 = CARTESIAN_POINT ( 'NONE',  ( -1.410316468749998053, -1.582916665983872928, -0.4810395396633031506 ) ) ;
#1099 = FACE_OUTER_BOUND ( 'NONE', #542, .T. ) ;
#1100 = CARTESIAN_POINT ( 'NONE',  ( -2.820632937499999660, -0.2287499993172062984, -2.923779318289429163 ) ) ;
#1101 = CARTESIAN_POINT ( 'NONE',  ( 0.6832704406993661550, -4.157329099369262870, -5.473779318289426321 ) ) ;
#1102 = CARTESIAN_POINT ( 'NONE',  ( 2.820632937500000104, -1.916249999317206409, -2.923779318289429607 ) ) ;
#1103 = DIRECTION ( 'NONE',  ( 0.000000000000000000, 1.000000000000000000, 0.000000000000000000 ) ) ;
#1104 = TOROIDAL_SURFACE ( 'NONE', #2907, 0.4000000000000000222, 0.2000000000000000111 ) ;
#1105 = CARTESIAN_POINT ( 'NONE',  ( -4.549999999999998934, -1.805433397577955956, 1.611738851731653543 ) ) ;
#1106 = CARTESIAN_POINT ( 'NONE',  ( -2.550000000000000266, -1.926666665301075998, -4.396022504722974844 ) ) ;
#1107 = CARTESIAN_POINT ( 'NONE',  ( -1.994328967362931468E-16, -1.853749999317201524, -6.180765689790928441 ) ) ;
#1108 = ADVANCED_FACE ( 'NONE', ( #1996 ), #2978, .F. ) ;
#1109 = CARTESIAN_POINT ( 'NONE',  ( 5.982986902088794405E-16, -1.541249999317206187, 0.3332070532120704476 ) ) ;
#1110 = ADVANCED_FACE ( 'NONE', ( #2252 ), #3030, .F. ) ;
#1111 = CARTESIAN_POINT ( 'NONE',  ( 2.820632937500000104, -3.020416665983872928, -1.295286132538680635 ) ) ;
#1112 = EDGE_LOOP ( 'NONE', ( #2227, #574, #639, #234 ) ) ;
#1113 = EDGE_LOOP ( 'NONE', ( #1049, #655, #143, #2175 ) ) ;
#1114 = CARTESIAN_POINT ( 'NONE',  ( 5.982986902088794405E-16, -1.541249999317206187, 0.3332070532120704476 ) ) ;
#1115 = DIRECTION ( 'NONE',  ( 0.000000000000000000, -0.000000000000000000, -1.000000000000000000 ) ) ;
#1116 = DIRECTION ( 'NONE',  ( 0.000000000000000000, 1.000000000000000000, 0.000000000000000000 ) ) ;
#1117 = LINE ( 'NONE', #1319, #1528 ) ;
#1118 = CARTESIAN_POINT ( 'NONE',  ( -4.549999999999998934, -1.300000000000000044, -6.173779318289428275 ) ) ;
#1119 = LINE ( 'NONE', #2103, #153 ) ;
#1120 = CARTESIAN_POINT ( 'NONE',  ( -2.549999999999998934, -1.343333331967742739, -1.451536131855882372 ) ) ;
#1121 = CARTESIAN_POINT ( 'NONE',  ( 1.929536837149508077, -4.410756614496152750, -5.066747077451361214 ) ) ;
#1122 = DIRECTION ( 'NONE',  ( -1.000000000000000000, 0.000000000000000000, 0.000000000000000000 ) ) ;
#1123 = CIRCLE ( 'NONE', #266, 0.1999999999999999833 ) ;
#1124 = AXIS2_PLACEMENT_3D ( 'NONE', #2921, #1703, #226 ) ;
#1125 = CARTESIAN_POINT ( 'NONE',  ( 2.820632937499999215, -1.937083332650535006, -4.552272504040179690 ) ) ;
#1126 = CARTESIAN_POINT ( 'NONE',  ( -2.820632937499999215, -1.624583332650539447, -1.295286132538677748 ) ) ;
#1127 = EDGE_CURVE ( 'NONE', #519, #2855, #2749, .T. ) ;
#1128 = CARTESIAN_POINT ( 'NONE',  ( 5.982986902088794405E-16, -1.103749999317206187, 0.3332070532120700035 ) ) ;
#1129 = EDGE_LOOP ( 'NONE', ( #1266, #248, #1332, #2435 ) ) ;
#1130 = EDGE_LOOP ( 'NONE', ( #443, #16, #369, #2807 ) ) ;
#1131 = CARTESIAN_POINT ( 'NONE',  ( 2.820632937499999215, -3.874583332650539891, -4.552272504040179690 ) ) ;
#1132 = CARTESIAN_POINT ( 'NONE',  ( 2.549999999999999378, -2.593333331967743405, -4.396022504722975732 ) ) ;
#1133 = CARTESIAN_POINT ( 'NONE',  ( -2.550000000000000266, -2.426666665301075998, -4.396022504722974844 ) ) ;
#1134 = CARTESIAN_POINT ( 'NONE',  ( 2.820632937500000104, -2.874583332650540335, -4.552272504040179690 ) ) ;
#1135 = CARTESIAN_POINT ( 'NONE',  ( 2.549999999999999822, -3.760000000000002895, -2.923779318289429607 ) ) ;
#1136 =( BOUNDED_CURVE ( )  B_SPLINE_CURVE ( 2, ( #3131, #1892, #2873, #1941, #1650, #436, #1718, #1160, #2438 ),
 .UNSPECIFIED., .F., .F. ) 
 B_SPLINE_CURVE_WITH_KNOTS ( ( 3, 2, 2, 2, 3 ),
 ( 0.2500000000000000000, 0.2592592592592592449, 0.2777777777777777901, 0.2962962962962962798, 0.3055555555555555802 ),
 .UNSPECIFIED. ) 
 CURVE ( )  GEOMETRIC_REPRESENTATION_ITEM ( )  RATIONAL_B_SPLINE_CURVE ( ( 0.9330127018922192983, 0.9330127018922194093, 1.000000000000000000, 0.8660254037844387076, 1.000000000000000000, 0.8660254037844387076, 1.000000000000000000, 0.9330127018922191873, 0.9330127018922194093 ) ) 
 REPRESENTATION_ITEM ( '' )  );
#1137 = LINE ( 'NONE', #1309, #2339 ) ;
#1138 = CARTESIAN_POINT ( 'NONE',  ( 4.750000000000000000, -1.700000000000000178, -6.173779318289428275 ) ) ;
#1139 = CARTESIAN_POINT ( 'NONE',  ( -1.994328967362931468E-16, -2.853749999317201524, -6.180765689790928441 ) ) ;
#1140 = CARTESIAN_POINT ( 'NONE',  ( -2.820632937499999215, -2.124583332650539891, -1.295286132538677748 ) ) ;
#1141 = CARTESIAN_POINT ( 'NONE',  ( -1.410316468750000052, -1.312083332650539669, -5.366519096915554066 ) ) ;
#1142 = ORIENTED_EDGE ( 'NONE', *, *, #496, .T. ) ;
#1143 = ORIENTED_EDGE ( 'NONE', *, *, #1925, .T. ) ;
#1144 = CARTESIAN_POINT ( 'NONE',  ( -1.410316468750000052, -0.3120833326505396688, -5.366519096915554066 ) ) ;
#1145 = CARTESIAN_POINT ( 'NONE',  ( 4.549999999999999822, -1.500000000000000000, 1.441786509367187330 ) ) ;
#1146 = CARTESIAN_POINT ( 'NONE',  ( 2.549999999999999378, -1.718333333333336377, -4.396022504722975732 ) ) ;
#1147 = CARTESIAN_POINT ( 'NONE',  ( -2.820632937499999215, -4.124583332650539447, -1.295286132538677748 ) ) ;
#1148 = PLANE ( 'NONE',  #1070 ) ;
#1149 = EDGE_CURVE ( 'NONE', #2319, #1736, #1225, .T. ) ;
#1150 = CARTESIAN_POINT ( 'NONE',  ( 0.000000000000000000, 0.000000000000000000, -2.923779318289429163 ) ) ;
#1151 = EDGE_CURVE ( 'NONE', #729, #353, #1740, .T. ) ;
#1152 = CARTESIAN_POINT ( 'NONE',  ( -0.6832704406993627133, -0.1126709006307428235, -5.473779318289428097 ) ) ;
#1153 = AXIS2_PLACEMENT_3D ( 'NONE', #1369, #2383, #2568 ) ;
#1154 = CARTESIAN_POINT ( 'NONE',  ( -2.820632937499999215, -3.624583332650539447, -1.295286132538677748 ) ) ;
#1155 = CARTESIAN_POINT ( 'NONE',  ( -1.802977905832341484E-16, -1.509999998634409257, -5.868265691156519637 ) ) ;
#1156 = ORIENTED_EDGE ( 'NONE', *, *, #1555, .F. ) ;
#1157 = EDGE_LOOP ( 'NONE', ( #2336, #549, #2692 ) ) ;
#1158 = CARTESIAN_POINT ( 'NONE',  ( 0.000000000000000000, -4.200000000000000178, -2.923779318289429163 ) ) ;
#1159 = CARTESIAN_POINT ( 'NONE',  ( 1.274999999999999245, -2.551666665301075998, -5.132144097939748129 ) ) ;
#1160 = CARTESIAN_POINT ( 'NONE',  ( 0.6832704406993619362, -1.362670900630742477, -0.3737793182894286748 ) ) ;
#1161 = CARTESIAN_POINT ( 'NONE',  ( -2.820632937499999215, -2.624583332650539891, -1.295286132538677748 ) ) ;
#1162 = CARTESIAN_POINT ( 'NONE',  ( -0.6832704406993668211, -0.9876708992651492824, -5.473779318289425433 ) ) ;
#1163 = CIRCLE ( 'NONE', #2971, 0.4000000000000001887 ) ;
#1164 = CARTESIAN_POINT ( 'NONE',  ( -1.410316468749997831, -3.645416665983868043, -0.4810395396633035947 ) ) ;
#1165 = CARTESIAN_POINT ( 'NONE',  ( -4.549999999999999822, -1.700000000000000178, 0.3262206817105703927 ) ) ;
#1166 = ADVANCED_FACE ( 'NONE', ( #100 ), #1068, .F. ) ;
#1167 = ORIENTED_EDGE ( 'NONE', *, *, #1755, .T. ) ;
#1168 = CARTESIAN_POINT ( 'NONE',  ( 0.6832704406993661550, -0.5323290980036698983, -5.473779318289426321 ) ) ;
#1169 = CARTESIAN_POINT ( 'NONE',  ( 5.982986902088794405E-16, -0.6037499993172064094, 0.3332070532120700035 ) ) ;
#1170 = CARTESIAN_POINT ( 'NONE',  ( -2.549999999999999822, -0.8849999986344094793, -2.923779318289429163 ) ) ;
#1171 = AXIS2_PLACEMENT_3D ( 'NONE', #575, #1815, #147 ) ;
#1172 = ORIENTED_EDGE ( 'NONE', *, *, #1783, .F. ) ;
#1173 = ORIENTED_EDGE ( 'NONE', *, *, #1555, .T. ) ;
#1174 = CARTESIAN_POINT ( 'NONE',  ( -2.820632937500000104, -0.2704166659838729836, -4.552272504040177914 ) ) ;
#1175 = CARTESIAN_POINT ( 'NONE',  ( -4.750000000000000000, -1.700000000000000178, 0.3262206817105703927 ) ) ;
#1176 = EDGE_CURVE ( 'NONE', #465, #2168, #1087, .T. ) ;
#1177 = DIRECTION ( 'NONE',  ( 0.000000000000000000, 0.000000000000000000, 1.000000000000000000 ) ) ;
#1178 = CARTESIAN_POINT ( 'NONE',  ( 0.000000000000000000, -4.200000000000000178, -2.923779318289429163 ) ) ;
#1179 = COLOUR_RGB ( '',0.7921568627450980005, 0.8196078431372548767, 0.9333333333333333481 ) ;
#1180 = CARTESIAN_POINT ( 'NONE',  ( 7.785697387528199762E-15, -3.635000000000002895, -5.473779318289427209 ) ) ;
#1181 = LINE ( 'NONE', #193, #2774 ) ;
#1182 = CARTESIAN_POINT ( 'NONE',  ( -2.549999999999999822, -0.5100000000000031175, -2.923779318289429163 ) ) ;
#1183 = ORIENTED_EDGE ( 'NONE', *, *, #1764, .F. ) ;
#1184 = CARTESIAN_POINT ( 'NONE',  ( -4.750000000000000000, -4.094566602422044177, -5.803826975924962994 ) ) ;
#1185 = ORIENTED_EDGE ( 'NONE', *, *, #1853, .T. ) ;
#1186 = CARTESIAN_POINT ( 'NONE',  ( -2.820632937500000104, -4.207916665983872484, -4.552272504040178802 ) ) ;
#1187 = EDGE_CURVE ( 'NONE', #738, #2706, #391, .T. ) ;
#1188 = CARTESIAN_POINT ( 'NONE',  ( -1.410316468750000052, -3.812083332650539447, -5.366519096915554066 ) ) ;
#1189 = CARTESIAN_POINT ( 'NONE',  ( 2.549999999999999822, -1.260000000000003118, -2.923779318289429607 ) ) ;
#1190 = ORIENTED_EDGE ( 'NONE', *, *, #3006, .T. ) ;
#1191 = ORIENTED_EDGE ( 'NONE', *, *, #52, .F. ) ;
#1192 = DIRECTION ( 'NONE',  ( 0.000000000000000000, 0.000000000000000000, -1.000000000000000000 ) ) ;
#1193 = CARTESIAN_POINT ( 'NONE',  ( -2.820632937500000104, -1.166249999317206409, -2.923779318289429163 ) ) ;
#1194 = CARTESIAN_POINT ( 'NONE',  ( 4.750000000000000000, -4.200000000000000178, -2.923779318289429163 ) ) ;
#1195 = CARTESIAN_POINT ( 'NONE',  ( 1.410316468750001162, -4.062083332650535006, -0.4810395396633053156 ) ) ;
#1196 = SPHERICAL_SURFACE ( 'NONE', #628, 0.2000000000000000111 ) ;
#1197 = ORIENTED_EDGE ( 'NONE', *, *, #63, .T. ) ;
#1198 = EDGE_LOOP ( 'NONE', ( #3017, #3137, #382, #1143 ) ) ;
#1199 = CARTESIAN_POINT ( 'NONE',  ( 3.175113950822463060, -4.410520821959564408, -3.352357257638820975 ) ) ;
#1200 = CARTESIAN_POINT ( 'NONE',  ( 5.408933717497023466E-16, -0.7599999986344093683, 0.02070705457766185142 ) ) ;
#1201 = CARTESIAN_POINT ( 'NONE',  ( -1.274999999999998135, -0.4266666666666696917, -0.7154145386391096428 ) ) ;
#1202 = VECTOR ( 'NONE', #2666, 1000.000000000000000 ) ;
#1203 = CARTESIAN_POINT ( 'NONE',  ( 2.550000000000000266, -3.676666665301076442, -1.451536131855884593 ) ) ;
#1204 = ORIENTED_EDGE ( 'NONE', *, *, #2117, .F. ) ;
#1205 = EDGE_CURVE ( 'NONE', #2224, #672, #2067, .T. ) ;
#1206 = EDGE_CURVE ( 'NONE', #2246, #1466, #1835, .T. ) ;
#1207 = FACE_OUTER_BOUND ( 'NONE', #3102, .T. ) ;
#1208 = DIRECTION ( 'NONE',  ( 2.286222374130962693E-15, -0.8497617118223298460, 0.5271669878897805583 ) ) ;
#1209 = CARTESIAN_POINT ( 'NONE',  ( 2.820632937500000548, -0.9579166659838729281, -1.295286132538680191 ) ) ;
#1210 = CARTESIAN_POINT ( 'NONE',  ( 0.6832704406993636015, -0.8626709006307428096, -0.3737793182894296740 ) ) ;
#1211 = CARTESIAN_POINT ( 'NONE',  ( 0.6832704406993623802, -1.532329098003669676, -5.473779318289429874 ) ) ;
#1212 = CARTESIAN_POINT ( 'NONE',  ( -2.549999999999999822, -1.010000000000003118, -2.923779318289429163 ) ) ;
#1213 = CARTESIAN_POINT ( 'NONE',  ( 2.549999999999999378, -2.218333333333336377, -4.396022504722975732 ) ) ;
#1214 = ORIENTED_EDGE ( 'NONE', *, *, #3, .F. ) ;
#1215 = CARTESIAN_POINT ( 'NONE',  ( 4.750000000000000000, -1.500000000000000000, -7.648779318289428808 ) ) ;
#1216 = ORIENTED_EDGE ( 'NONE', *, *, #2691, .T. ) ;
#1217 = VECTOR ( 'NONE', #1370, 1000.000000000000000 ) ;
#1218 = CARTESIAN_POINT ( 'NONE',  ( -1.410316468750000274, -4.249583332650539447, -5.366519096915554066 ) ) ;
#1219 = CARTESIAN_POINT ( 'NONE',  ( -1.275000000000000133, -0.9683333319677427387, -5.132144097939747240 ) ) ;
#1220 = CARTESIAN_POINT ( 'NONE',  ( 2.549999999999999822, -0.7600000000000031175, -2.923779318289429607 ) ) ;
#1221 = CARTESIAN_POINT ( 'NONE',  ( 2.549999999999999822, -3.634999998634409479, -2.923779318289429607 ) ) ;
#1222 = ORIENTED_EDGE ( 'NONE', *, *, #648, .T. ) ;
#1223 = FACE_OUTER_BOUND ( 'NONE', #3101, .T. ) ;
#1224 = AXIS2_PLACEMENT_3D ( 'NONE', #1150, #3150, #3121 ) ;
#1225 = CIRCLE ( 'NONE', #2520, 0.2000000000000001776 ) ;
#1226 = CIRCLE ( 'NONE', #1432, 0.1999999999999996503 ) ;
#1227 = CARTESIAN_POINT ( 'NONE',  ( 4.549999999999999822, -4.000000000000000888, -5.862493294094193175 ) ) ;
#1228 = ORIENTED_EDGE ( 'NONE', *, *, #1176, .F. ) ;
#1229 = AXIS2_PLACEMENT_3D ( 'NONE', #2163, #3147, #2637 ) ;
#1230 = B_SPLINE_CURVE_WITH_KNOTS ( 'NONE', 1,
 ( #2608, #169 ),
 .UNSPECIFIED., .F., .F.,
 ( 2, 2 ),
 ( 0.000000000000000000, 1.000000000000000000 ),
 .UNSPECIFIED. ) ;
#1231 = CARTESIAN_POINT ( 'NONE',  ( 5.982986902088794405E-16, -1.041249999317206409, 0.3332070532120704476 ) ) ;
#1232 = CARTESIAN_POINT ( 'NONE',  ( -2.006141768529444036, -4.200000000000007283, -1.009654458645113717 ) ) ;
#1233 = ADVANCED_FACE ( 'NONE', ( #3092 ), #2816, .F. ) ;
#1234 = DIRECTION ( 'NONE',  ( 1.000000000000000000, 0.000000000000000000, 0.000000000000000000 ) ) ;
#1235 = DIRECTION ( 'NONE',  ( -1.000000000000000000, 0.000000000000000000, 0.000000000000000000 ) ) ;
#1236 = CARTESIAN_POINT ( 'NONE',  ( -1.802977905832341484E-16, -3.135000000000002895, -5.868265691156519637 ) ) ;
#1237 = ORIENTED_EDGE ( 'NONE', *, *, #1491, .F. ) ;
#1238 = DIRECTION ( 'NONE',  ( -0.000000000000000000, -0.8497617118223300681, 0.5271669878897796702 ) ) ;
#1239 = EDGE_LOOP ( 'NONE', ( #505, #1301, #2097, #588 ) ) ;
#1240 = CARTESIAN_POINT ( 'NONE',  ( 5.982986902088794405E-16, -1.103749999317206187, 0.3332070532120700035 ) ) ;
#1241 = CARTESIAN_POINT ( 'NONE',  ( -1.275000000000000133, -2.468333331967742961, -5.132144097939747240 ) ) ;
#1242 = CARTESIAN_POINT ( 'NONE',  ( -1.274999999999998135, -1.926666666666669636, -0.7154145386391096428 ) ) ;
#1243 = CARTESIAN_POINT ( 'NONE',  ( 4.549999999999999822, -1.700000000000000178, -7.289345145946046323 ) ) ;
#1244 = ORIENTED_EDGE ( 'NONE', *, *, #947, .T. ) ;
#1245 = CARTESIAN_POINT ( 'NONE',  ( 2.550000000000000266, -0.8016666666666697472, -1.451536131855884593 ) ) ;
#1246 = DIRECTION ( 'NONE',  ( -0.000000000000000000, 1.000000000000000000, -0.000000000000000000 ) ) ;
#1247 = CARTESIAN_POINT ( 'NONE',  ( 1.275000000000001021, -1.218333331967742517, -0.7154145386391113082 ) ) ;
#1248 = CARTESIAN_POINT ( 'NONE',  ( -2.549999999999998934, -1.468333333333336377, -1.451536131855882372 ) ) ;
#1249 = AXIS2_PLACEMENT_3D ( 'NONE', #282, #2027, #44 ) ;
#1250 = ORIENTED_EDGE ( 'NONE', *, *, #2830, .T. ) ;
#1251 = EDGE_CURVE ( 'NONE', #1937, #2026, #884, .T. ) ;
#1252 = FACE_OUTER_BOUND ( 'NONE', #623, .T. ) ;
#1253 = EDGE_CURVE ( 'NONE', #673, #1000, #1951, .T. ) ;
#1254 = ORIENTED_EDGE ( 'NONE', *, *, #2349, .T. ) ;
#1255 = CARTESIAN_POINT ( 'NONE',  ( -1.410316468749997831, -2.145416665983872928, -0.4810395396633035947 ) ) ;
#1256 = CARTESIAN_POINT ( 'NONE',  ( 2.549999999999999822, -4.134999998634408591, -2.923779318289429607 ) ) ;
#1257 = DIRECTION ( 'NONE',  ( -0.000000000000000000, 1.000000000000000000, -0.000000000000000000 ) ) ;
#1258 = DIRECTION ( 'NONE',  ( 0.000000000000000000, -0.8497617118223305122, 0.5271669878897791151 ) ) ;
#1259 = AXIS2_PLACEMENT_3D ( 'NONE', #36, #941, #957 ) ;
#1260 =( BOUNDED_CURVE ( )  B_SPLINE_CURVE ( 2, ( #2617, #626, #659, #2356, #164, #1132, #1159, #131, #3104 ),
 .UNSPECIFIED., .F., .F. ) 
 B_SPLINE_CURVE_WITH_KNOTS ( ( 3, 2, 2, 2, 3 ),
 ( 0.4055964538746018588, 0.4148557131338611592, 0.4333742316523796489, 0.4518927501708981942, 0.4611520094301574391 ),
 .UNSPECIFIED. ) 
 CURVE ( )  GEOMETRIC_REPRESENTATION_ITEM ( )  RATIONAL_B_SPLINE_CURVE ( ( 0.9330127018922194093, 0.9330127018922194093, 1.000000000000000000, 0.8660254037844387076, 1.000000000000000000, 0.8660254037844387076, 1.000000000000000000, 0.9330127018922194093, 0.9330127018922194093 ) ) 
 REPRESENTATION_ITEM ( '' )  );
#1261 = ORIENTED_EDGE ( 'NONE', *, *, #178, .T. ) ;
#1262 = FACE_OUTER_BOUND ( 'NONE', #714, .T. ) ;
#1263 = CARTESIAN_POINT ( 'NONE',  ( -1.103942166888327067E-15, -0.8850000000000031175, -0.3737793182894292299 ) ) ;
#1264 = CARTESIAN_POINT ( 'NONE',  ( 2.549999999999999378, -1.093333331967742739, -4.396022504722975732 ) ) ;
#1265 = CARTESIAN_POINT ( 'NONE',  ( -2.549999999999999822, -2.051666666666669414, -4.396022504722974844 ) ) ;
#1266 = ORIENTED_EDGE ( 'NONE', *, *, #990, .T. ) ;
#1267 = DIRECTION ( 'NONE',  ( -0.000000000000000000, -0.000000000000000000, 1.000000000000000000 ) ) ;
#1268 = CARTESIAN_POINT ( 'NONE',  ( -2.820632937500000104, -2.270416665983872928, -4.552272504040177914 ) ) ;
#1269 = CARTESIAN_POINT ( 'NONE',  ( -2.549999999999998934, -2.343333331967742517, -1.451536131855882372 ) ) ;
#1270 = ORIENTED_EDGE ( 'NONE', *, *, #2254, .F. ) ;
#1271 = FACE_OUTER_BOUND ( 'NONE', #35, .T. ) ;
#1272 = CARTESIAN_POINT ( 'NONE',  ( 2.549999999999999378, -2.093333331967742517, -4.396022504722975732 ) ) ;
#1273 = VERTEX_POINT ( 'NONE', #1573 ) ;
#1274 = EDGE_CURVE ( 'NONE', #2224, #353, #1803, .T. ) ;
#1275 = DIRECTION ( 'NONE',  ( 1.000000000000000000, 0.000000000000000000, 0.000000000000000000 ) ) ;
#1276 = PLANE ( 'NONE',  #1018 ) ;
#1277 = CARTESIAN_POINT ( 'NONE',  ( -4.549999999999998934, 0.000000000000000000, -0.07377931828942961567 ) ) ;
#1278 = AXIS2_PLACEMENT_3D ( 'NONE', #2572, #1356, #1876 ) ;
#1279 = CARTESIAN_POINT ( 'NONE',  ( -2.549999999999999822, -1.551666666666669858, -4.396022504722974844 ) ) ;
#1280 = ORIENTED_EDGE ( 'NONE', *, *, #836, .F. ) ;
#1281 = DIRECTION ( 'NONE',  ( 0.000000000000000000, 1.000000000000000000, 0.000000000000000000 ) ) ;
#1282 = ORIENTED_EDGE ( 'NONE', *, *, #2927, .T. ) ;
#1283 = CARTESIAN_POINT ( 'NONE',  ( 1.410316468749999164, -2.895416665983872484, -5.366519096915554066 ) ) ;
#1284 = CARTESIAN_POINT ( 'NONE',  ( 1.274999999999999245, -3.051666665301075998, -5.132144097939748129 ) ) ;
#1285 = CARTESIAN_POINT ( 'NONE',  ( 2.820632937499999215, -1.520416665983868709, -1.295286132538680635 ) ) ;
#1286 = CARTESIAN_POINT ( 'NONE',  ( 1.732063647977466037, -4.200000000000001066, -4.824976108310510270 ) ) ;
#1287 = EDGE_CURVE ( 'NONE', #1479, #1843, #2279, .T. ) ;
#1288 = APPLICATION_PROTOCOL_DEFINITION ( 'draft international standard', 'automotive_design', 1998, #1348 ) ;
#1289 = ORIENTED_EDGE ( 'NONE', *, *, #846, .F. ) ;
#1290 = DIRECTION ( 'NONE',  ( 1.000000000000000000, 0.000000000000000000, 0.000000000000000000 ) ) ;
#1291 = CARTESIAN_POINT ( 'NONE',  ( -2.549999999999998934, -3.968333333333336377, -1.451536131855882372 ) ) ;
#1292 = CARTESIAN_POINT ( 'NONE',  ( -4.549999999999998934, -1.700000000000000178, -7.289345145946046323 ) ) ;
#1293 = CARTESIAN_POINT ( 'NONE',  ( -2.549999999999999822, -4.051666666666669414, -4.396022504722974844 ) ) ;
#1294 = EDGE_LOOP ( 'NONE', ( #328, #1261, #2948, #2484 ) ) ;
#1295 = CARTESIAN_POINT ( 'NONE',  ( 0.000000000000000000, -4.200000000000000178, -2.923779318289429163 ) ) ;
#1296 = ORIENTED_EDGE ( 'NONE', *, *, #260, .F. ) ;
#1297 = CARTESIAN_POINT ( 'NONE',  ( 2.820632937499999660, -3.478749999317205965, -2.923779318289429607 ) ) ;
#1298 = CARTESIAN_POINT ( 'NONE',  ( -1.802977905832341484E-16, -2.509999998634409479, -5.868265691156519637 ) ) ;
#1299 = DIRECTION ( 'NONE',  ( 0.000000000000000000, -0.8497617118223298460, -0.5271669878897805583 ) ) ;
#1300 = CARTESIAN_POINT ( 'NONE',  ( 0.3882651675742666009, -4.200000000000001066, -5.545750749612411212 ) ) ;
#1301 = ORIENTED_EDGE ( 'NONE', *, *, #1755, .F. ) ;
#1302 = CARTESIAN_POINT ( 'NONE',  ( -2.820632937500000104, -3.666249999317206409, -2.923779318289429163 ) ) ;
#1303 = EDGE_CURVE ( 'NONE', #1931, #1756, #815, .T. ) ;
#1304 = FACE_OUTER_BOUND ( 'NONE', #1350, .T. ) ;
#1305 = DIRECTION ( 'NONE',  ( 0.000000000000000000, 0.000000000000000000, 1.000000000000000000 ) ) ;
#1306 = CARTESIAN_POINT ( 'NONE',  ( 4.549999999999999822, -1.500000000000000000, 0.3262206817105703927 ) ) ;
#1307 = CARTESIAN_POINT ( 'NONE',  ( 2.820632937500000104, -0.4162499993172063539, -2.923779318289429607 ) ) ;
#1308 = DIRECTION ( 'NONE',  ( -0.000000000000000000, 1.000000000000000000, -0.000000000000000000 ) ) ;
#1309 = CARTESIAN_POINT ( 'NONE',  ( 0.000000000000000000, -4.200000000000000178, -0.3737793182894293964 ) ) ;
#1310 = ADVANCED_FACE ( 'NONE', ( #361 ), #136, .F. ) ;
#1311 = CARTESIAN_POINT ( 'NONE',  ( -4.549999999999998934, -0.2000000000000000111, -5.773779318289429696 ) ) ;
#1312 = LINE ( 'NONE', #90, #1324 ) ;
#1313 = VECTOR ( 'NONE', #39, 1000.000000000000000 ) ;
#1314 = CARTESIAN_POINT ( 'NONE',  ( 5.982986902088794405E-16, -2.603749999317206409, 0.3332070532120700035 ) ) ;
#1315 = ORIENTED_EDGE ( 'NONE', *, *, #2318, .T. ) ;
#1316 = CARTESIAN_POINT ( 'NONE',  ( -1.410316468750000274, -3.249583332650539891, -5.366519096915554066 ) ) ;
#1317 =( BOUNDED_CURVE ( )  B_SPLINE_CURVE ( 2, ( #76, #583, #1790, #1545, #2547, #2534, #350, #823, #853 ),
 .UNSPECIFIED., .F., .F. ) 
 B_SPLINE_CURVE_WITH_KNOTS ( ( 3, 2, 2, 2, 3 ),
 ( 0.2389297872079351182, 0.2481890464671944185, 0.2667075649857130193, 0.2852260835042315090, 0.2944853427634906984 ),
 .UNSPECIFIED. ) 
 CURVE ( )  GEOMETRIC_REPRESENTATION_ITEM ( )  RATIONAL_B_SPLINE_CURVE ( ( 0.9330127018922194093, 0.9330127018922189652, 1.000000000000000000, 0.8660254037844387076, 1.000000000000000000, 0.8660254037844387076, 1.000000000000000000, 0.9330127018922197424, 0.9330127018922194093 ) ) 
 REPRESENTATION_ITEM ( '' )  );
#1318 = LINE ( 'NONE', #2585, #2469 ) ;
#1319 = CARTESIAN_POINT ( 'NONE',  ( 0.000000000000000000, -4.200000000000000178, -0.3737793182894293964 ) ) ;
#1320 = CARTESIAN_POINT ( 'NONE',  ( 4.750000000000000000, -0.2000000000000000111, -5.773779318289429696 ) ) ;
#1321 = CARTESIAN_POINT ( 'NONE',  ( -2.820632937500000104, -0.1662499993172063262, -2.923779318289429163 ) ) ;
#1322 = ADVANCED_FACE ( 'NONE', ( #865 ), #2908, .T. ) ;
#1323 = DIRECTION ( 'NONE',  ( 0.000000000000000000, 0.5271669878897820016, 0.8497617118223286248 ) ) ;
#1324 = VECTOR ( 'NONE', #2999, 1000.000000000000000 ) ;
#1325 = AXIS2_PLACEMENT_3D ( 'NONE', #2764, #324, #82 ) ;
#1326 = CARTESIAN_POINT ( 'NONE',  ( -2.820632937499999660, -0.2287499993172062984, -2.923779318289429163 ) ) ;
#1327 = CARTESIAN_POINT ( 'NONE',  ( 4.750000000000000000, -1.805433397577955956, 1.611738851731653543 ) ) ;
#1328 = CARTESIAN_POINT ( 'NONE',  ( -1.802977905832341484E-16, -4.509999998634409479, -5.868265691156519637 ) ) ;
#1329 = CARTESIAN_POINT ( 'NONE',  ( 1.410316468750001162, -1.062083332650535006, -0.4810395396633053156 ) ) ;
#1330 = CARTESIAN_POINT ( 'NONE',  ( 5.982986902088794405E-16, -0.5412499993172064094, 0.3332070532120704476 ) ) ;
#1331 = CARTESIAN_POINT ( 'NONE',  ( 1.410316468750001162, -0.5620833326505395577, -0.4810395396633053156 ) ) ;
#1332 = ORIENTED_EDGE ( 'NONE', *, *, #1705, .F. ) ;
#1333 = ORIENTED_EDGE ( 'NONE', *, *, #915, .T. ) ;
#1334 = CARTESIAN_POINT ( 'NONE',  ( -2.820632937499999215, -2.124583332650539891, -1.295286132538677748 ) ) ;
#1335 = FACE_OUTER_BOUND ( 'NONE', #513, .T. ) ;
#1336 = DIRECTION ( 'NONE',  ( -0.000000000000000000, -0.000000000000000000, -1.000000000000000000 ) ) ;
#1337 = CARTESIAN_POINT ( 'NONE',  ( 2.550000000000000266, -4.165827418920732939, -1.834528290964705821 ) ) ;
#1338 = DIRECTION ( 'NONE',  ( 0.000000000000000000, 0.000000000000000000, 1.000000000000000000 ) ) ;
#1339 = CARTESIAN_POINT ( 'NONE',  ( 2.062998737846430064, -4.209622926767946360, -4.422624276129976550 ) ) ;
#1340 = CARTESIAN_POINT ( 'NONE',  ( -1.275000000000000133, -1.468333331967742739, -5.132144097939747240 ) ) ;
#1341 = ADVANCED_FACE ( 'NONE', ( #2387 ), #1640, .T. ) ;
#1342 = EDGE_CURVE ( 'NONE', #2251, #1611, #440, .T. ) ;
#1343 = CARTESIAN_POINT ( 'NONE',  ( 0.6832704406993598267, -2.862670900630742921, -0.3737793182894275090 ) ) ;
#1344 = CARTESIAN_POINT ( 'NONE',  ( -0.6832704406993617141, -1.782329098003669454, -0.3737793182894287303 ) ) ;
#1345 = DIRECTION ( 'NONE',  ( 0.000000000000000000, 0.5271669878897802253, -0.8497617118223297350 ) ) ;
#1346 = AXIS2_PLACEMENT_3D ( 'NONE', #3122, #2658, #429 ) ;
#1347 = CARTESIAN_POINT ( 'NONE',  ( -1.410316468749998053, -1.582916665983872928, -0.4810395396633031506 ) ) ;
#1348 = APPLICATION_CONTEXT ( 'automotive_design' ) ;
#1349 = CARTESIAN_POINT ( 'NONE',  ( -2.820632937499999660, -2.728749999317205965, -2.923779318289429163 ) ) ;
#1350 = EDGE_LOOP ( 'NONE', ( #302, #1957, #1351 ) ) ;
#1351 = ORIENTED_EDGE ( 'NONE', *, *, #2219, .T. ) ;
#1352 = CARTESIAN_POINT ( 'NONE',  ( 2.820632937500000548, -3.957916665983872484, -1.295286132538680191 ) ) ;
#1353 = DIRECTION ( 'NONE',  ( 1.000000000000000000, 0.000000000000000000, 0.000000000000000000 ) ) ;
#1354 = CARTESIAN_POINT ( 'NONE',  ( 0.6832704406993586055, -0.6573290993692632034, -5.473779318289430762 ) ) ;
#1355 = DIRECTION ( 'NONE',  ( 0.000000000000000000, 0.000000000000000000, -1.000000000000000000 ) ) ;
#1356 = DIRECTION ( 'NONE',  ( -0.000000000000000000, -1.000000000000000000, -0.000000000000000000 ) ) ;
#1357 = CARTESIAN_POINT ( 'NONE',  ( 2.820632937500000104, -2.416249999317206409, -2.923779318289429607 ) ) ;
#1358 = CARTESIAN_POINT ( 'NONE',  ( -2.549999999999998934, -1.468333333333336155, -1.451536131855882372 ) ) ;
#1359 = VECTOR ( 'NONE', #1072, 1000.000000000000000 ) ;
#1360 =( BOUNDED_CURVE ( )  B_SPLINE_CURVE ( 2, ( #2847, #2307, #1833, #1146, #645, #2603, #149, #2555, #405 ),
 .UNSPECIFIED., .F., .F. ) 
 B_SPLINE_CURVE_WITH_KNOTS ( ( 3, 2, 2, 2, 3 ),
 ( 0.3611111111111111049, 0.3703703703703703498, 0.3888888888888888951, 0.4074074074074073848, 0.4166666666666666852 ),
 .UNSPECIFIED. ) 
 CURVE ( )  GEOMETRIC_REPRESENTATION_ITEM ( )  RATIONAL_B_SPLINE_CURVE ( ( 0.9330127018922194093, 0.9330127018922194093, 1.000000000000000000, 0.8660254037844387076, 1.000000000000000000, 0.8660254037844387076, 1.000000000000000000, 0.9330127018922191873, 0.9330127018922194093 ) ) 
 REPRESENTATION_ITEM ( '' )  );
#1361 = EDGE_CURVE ( 'NONE', #2680, #1656, #2165, .T. ) ;
#1362 = CARTESIAN_POINT ( 'NONE',  ( -2.550000000000000266, -0.4266666653010761090, -4.396022504722974844 ) ) ;
#1363 = CARTESIAN_POINT ( 'NONE',  ( 1.410316468750001162, -2.562083332650534562, -0.4810395396633053156 ) ) ;
#1364 = CARTESIAN_POINT ( 'NONE',  ( -1.410316468750000274, -1.749583332650539669, -5.366519096915554066 ) ) ;
#1365 = CARTESIAN_POINT ( 'NONE',  ( 5.982986902088794405E-16, -1.603749999317206187, 0.3332070532120700035 ) ) ;
#1366 = ORIENTED_EDGE ( 'NONE', *, *, #1274, .T. ) ;
#1367 = VERTEX_POINT ( 'NONE', #1652 ) ;
#1368 = CARTESIAN_POINT ( 'NONE',  ( 1.410316468749999386, -3.832916665983872928, -5.366519096915554066 ) ) ;
#1369 = CARTESIAN_POINT ( 'NONE',  ( -4.549999999999998934, -1.300000000000000044, -6.173779318289428275 ) ) ;
#1370 = DIRECTION ( 'NONE',  ( -1.000000000000000000, 0.000000000000000000, 0.000000000000000000 ) ) ;
#1371 = CARTESIAN_POINT ( 'NONE',  ( -0.6832704406993630464, -2.487670899265149060, -5.473779318289428097 ) ) ;
#1372 = AXIS2_PLACEMENT_3D ( 'NONE', #629, #1084, #1305 ) ;
#1373 = EDGE_CURVE ( 'NONE', #891, #1273, #2394, .T. ) ;
#1374 = CARTESIAN_POINT ( 'NONE',  ( -2.820632937500000104, -3.166249999317206409, -2.923779318289429163 ) ) ;
#1375 = CARTESIAN_POINT ( 'NONE',  ( -2.550000000000000266, -3.926666665301075998, -4.396022504722974844 ) ) ;
#1376 = AXIS2_PLACEMENT_3D ( 'NONE', #3019, #544, #25 ) ;
#1377 = CARTESIAN_POINT ( 'NONE',  ( 7.785697387528199762E-15, -3.009999998634409479, -5.473779318289427209 ) ) ;
#1378 = DIRECTION ( 'NONE',  ( 0.000000000000000000, 0.000000000000000000, 1.000000000000000000 ) ) ;
#1379 = VECTOR ( 'NONE', #2328, 1000.000000000000000 ) ;
#1380 = AXIS2_PLACEMENT_3D ( 'NONE', #579, #1557, #2090 ) ;
#1381 = VECTOR ( 'NONE', #2421, 1000.000000000000114 ) ;
#1382 = CARTESIAN_POINT ( 'NONE',  ( -2.820632937499999660, -2.728749999317201524, -2.923779318289429163 ) ) ;
#1383 = CARTESIAN_POINT ( 'NONE',  ( -1.410316468749998053, -1.082916665983873150, -0.4810395396633031506 ) ) ;
#1384 = CARTESIAN_POINT ( 'NONE',  ( -2.820632937499999660, -1.728749999317206409, -2.923779318289429163 ) ) ;
#1385 = ORIENTED_EDGE ( 'NONE', *, *, #2559, .T. ) ;
#1386 = ORIENTED_EDGE ( 'NONE', *, *, #124, .T. ) ;
#1387 = DIRECTION ( 'NONE',  ( 0.000000000000000000, 0.000000000000000000, 1.000000000000000000 ) ) ;
#1388 = ADVANCED_FACE ( 'NONE', ( #2148, #2404 ), #228, .F. ) ;
#1389 = LINE ( 'NONE', #2116, #799 ) ;
#1390 = CIRCLE ( 'NONE', #168, 2.549999999999999822 ) ;
#1391 = EDGE_CURVE ( 'NONE', #3025, #2246, #896, .T. ) ;
#1392 = CARTESIAN_POINT ( 'NONE',  ( 4.549999999999999822, -1.700000000000000178, 0.000000000000000000 ) ) ;
#1393 = CARTESIAN_POINT ( 'NONE',  ( 2.281945956859046998, -4.365872926085149430, -4.581697536442702834 ) ) ;
#1394 = CARTESIAN_POINT ( 'NONE',  ( -2.550000000000000266, -2.926666665301075554, -4.396022504722974844 ) ) ;
#1395 = CARTESIAN_POINT ( 'NONE',  ( 4.750000000000000000, -1.700000000000000178, 0.3262206817105703927 ) ) ;
#1396 = CARTESIAN_POINT ( 'NONE',  ( -2.820632937500000104, -0.7079166659838729281, -4.552272504040178802 ) ) ;
#1397 = CARTESIAN_POINT ( 'NONE',  ( -2.549999999999999822, -1.426666665301075998, -4.396022504722974844 ) ) ;
#1398 = ORIENTED_EDGE ( 'NONE', *, *, #150, .F. ) ;
#1399 = VERTEX_POINT ( 'NONE', #725 ) ;
#1400 = CARTESIAN_POINT ( 'NONE',  ( 1.410316468749999164, -0.3954166659838729836, -5.366519096915554066 ) ) ;
#1401 = CARTESIAN_POINT ( 'NONE',  ( 4.750000000000000000, 0.000000000000000000, -5.973779318289428986 ) ) ;
#1402 = LINE ( 'NONE', #2384, #2105 ) ;
#1403 = CARTESIAN_POINT ( 'NONE',  ( 2.820632937500000104, -3.874583332650539891, -4.552272504040179690 ) ) ;
#1404 =( BOUNDED_CURVE ( )  B_SPLINE_CURVE ( 2, ( #1882, #2627, #2186, #3171, #901, #1710, #2863, #2994, #2707 ),
 .UNSPECIFIED., .F., .T. ) 
 B_SPLINE_CURVE_WITH_KNOTS ( ( 3, 2, 2, 2, 3 ),
 ( 0.4722222222222222099, 0.4814814814814814548, 0.5000000000000000000, 0.5185185185185184897, 0.5277777777777777901 ),
 .UNSPECIFIED. ) 
 CURVE ( )  GEOMETRIC_REPRESENTATION_ITEM ( )  RATIONAL_B_SPLINE_CURVE ( ( 0.9330127018922194093, 0.9330127018922194093, 1.000000000000000000, 0.8660254037844387076, 1.000000000000000000, 0.8660254037844387076, 1.000000000000000000, 0.9330127018922194093, 0.9330127018922194093 ) ) 
 REPRESENTATION_ITEM ( '' )  );
#1405 = DIRECTION ( 'NONE',  ( 1.000000000000000000, 0.000000000000000000, 0.000000000000000000 ) ) ;
#1406 = CARTESIAN_POINT ( 'NONE',  ( 0.000000000000000000, -0.01000000000000306200, -0.3737793182894293964 ) ) ;
#1407 = DIRECTION ( 'NONE',  ( 0.000000000000000000, 0.000000000000000000, 1.000000000000000000 ) ) ;
#1408 = ORIENTED_EDGE ( 'NONE', *, *, #688, .T. ) ;
#1409 = CARTESIAN_POINT ( 'NONE',  ( 0.6832704406993661550, -3.157329099369263314, -5.473779318289426321 ) ) ;
#1410 = AXIS2_PLACEMENT_3D ( 'NONE', #176, #3117, #1845 ) ;
#1411 = ADVANCED_FACE ( 'NONE', ( #1634 ), #2623, .F. ) ;
#1412 = CARTESIAN_POINT ( 'NONE',  ( 2.820632937500000104, -0.5204166659838730391, -1.295286132538680635 ) ) ;
#1413 = CARTESIAN_POINT ( 'NONE',  ( 1.274999999999999245, -0.5516666653010761090, -5.132144097939748129 ) ) ;
#1414 = ORIENTED_EDGE ( 'NONE', *, *, #1079, .T. ) ;
#1415 = ORIENTED_EDGE ( 'NONE', *, *, #124, .F. ) ;
#1416 = CARTESIAN_POINT ( 'NONE',  ( -2.820632937500000104, -4.181951485181126138, -3.537453623942735881 ) ) ;
#1417 = FACE_OUTER_BOUND ( 'NONE', #1693, .T. ) ;
#1418 = CARTESIAN_POINT ( 'NONE',  ( -4.750000000000000000, -1.394566602422044221, 1.631268339346104268 ) ) ;
#1419 = ADVANCED_BREP_SHAPE_REPRESENTATION ( 'm5', ( #2560, #2575 ), #1075 ) ;
#1420 = CARTESIAN_POINT ( 'NONE',  ( 1.929541438132892583, -4.348256750428509676, -5.066744421072367111 ) ) ;
#1421 = CARTESIAN_POINT ( 'NONE',  ( 1.275000000000001021, -3.843333333333336377, -0.7154145386391113082 ) ) ;
#1422 = FACE_OUTER_BOUND ( 'NONE', #1947, .T. ) ;
#1423 = SPHERICAL_SURFACE ( 'NONE', #2417, 0.2000000000000000111 ) ;
#1424 = EDGE_CURVE ( 'NONE', #3126, #1672, #210, .T. ) ;
#1425 = ORIENTED_EDGE ( 'NONE', *, *, #2020, .F. ) ;
#1426 = CARTESIAN_POINT ( 'NONE',  ( -2.549999999999999822, -0.01000000000000306200, -2.923779318289429163 ) ) ;
#1427 = ORIENTED_EDGE ( 'NONE', *, *, #1274, .F. ) ;
#1428 = CARTESIAN_POINT ( 'NONE',  ( 5.982986902088794405E-16, -3.541249999317206854, 0.3332070532120704476 ) ) ;
#1429 = CARTESIAN_POINT ( 'NONE',  ( 2.820632937499999660, -3.978749999317206409, -2.923779318289429607 ) ) ;
#1430 = CIRCLE ( 'NONE', #975, 0.2000000000000000944 ) ;
#1431 = CARTESIAN_POINT ( 'NONE',  ( -1.275000000000000133, -0.09333333333333639070, -5.132144097939747240 ) ) ;
#1432 = AXIS2_PLACEMENT_3D ( 'NONE', #277, #994, #1275 ) ;
#1433 = VERTEX_POINT ( 'NONE', #694 ) ;
#1434 = ORIENTED_EDGE ( 'NONE', *, *, #454, .F. ) ;
#1435 = FACE_OUTER_BOUND ( 'NONE', #2931, .T. ) ;
#1436 = CARTESIAN_POINT ( 'NONE',  ( 2.549999999999999822, -0.2600000000000030620, -2.923779318289429607 ) ) ;
#1437 = CARTESIAN_POINT ( 'NONE',  ( 7.785697387528199762E-15, -3.635000000000002895, -5.473779318289427209 ) ) ;
#1438 = DIRECTION ( 'NONE',  ( -0.000000000000000000, 1.000000000000000000, -0.000000000000000000 ) ) ;
#1439 = CIRCLE ( 'NONE', #65, 0.2000000000000000944 ) ;
#1440 = CARTESIAN_POINT ( 'NONE',  ( -1.275000000000000133, -0.9683333319677427387, -5.132144097939747240 ) ) ;
#1441 = CARTESIAN_POINT ( 'NONE',  ( -2.820632937499998771, -3.187083332650535006, -1.295286132538677970 ) ) ;
#1442 = ORIENTED_EDGE ( 'NONE', *, *, #2892, .T. ) ;
#1443 = LINE ( 'NONE', #2445, #944 ) ;
#1444 = ADVANCED_FACE ( 'NONE', ( #679 ), #1148, .F. ) ;
#1445 = EDGE_CURVE ( 'NONE', #563, #1466, #244, .T. ) ;
#1446 = VERTEX_POINT ( 'NONE', #2440 ) ;
#1447 = CARTESIAN_POINT ( 'NONE',  ( 1.410316468750001162, -3.499583332650539447, -0.4810395396633048715 ) ) ;
#1448 = CARTESIAN_POINT ( 'NONE',  ( 2.549999999999999822, -1.134999998634409257, -2.923779318289429607 ) ) ;
#1449 = CARTESIAN_POINT ( 'NONE',  ( 5.408933717497023466E-16, -0.8850000000000030065, 0.02070705457766185142 ) ) ;
#1450 = CARTESIAN_POINT ( 'NONE',  ( -0.6832704406993633794, -1.907329099369263314, -0.3737793182894298405 ) ) ;
#1451 = ORIENTED_EDGE ( 'NONE', *, *, #1825, .F. ) ;
#1452 = CARTESIAN_POINT ( 'NONE',  ( -1.103942166888326870E-15, -0.3850000000000031730, -0.3737793182894292299 ) ) ;
#1453 = CARTESIAN_POINT ( 'NONE',  ( 4.750000000000000000, -1.700000000000000178, 1.441786509367187552 ) ) ;
#1454 = CARTESIAN_POINT ( 'NONE',  ( -1.410316468750000274, -0.2495833326505396410, -5.366519096915554066 ) ) ;
#1455 = DIRECTION ( 'NONE',  ( 0.000000000000000000, 0.000000000000000000, -1.000000000000000000 ) ) ;
#1456 = CARTESIAN_POINT ( 'NONE',  ( 4.750000000000000000, -3.737819691454565163, -6.025142189210344057 ) ) ;
#1457 = CARTESIAN_POINT ( 'NONE',  ( -0.6832704406993621582, -1.112670900630742699, -5.473779318289428097 ) ) ;
#1458 = CARTESIAN_POINT ( 'NONE',  ( 2.549999999999999822, -3.760000000000002895, -2.923779318289429607 ) ) ;
#1459 = EDGE_LOOP ( 'NONE', ( #1680, #1451, #1495, #890, #250 ) ) ;
#1460 = CARTESIAN_POINT ( 'NONE',  ( 2.550000000000000266, -0.6766666653010761090, -1.451536131855884593 ) ) ;
#1461 = ORIENTED_EDGE ( 'NONE', *, *, #85, .T. ) ;
#1462 = CARTESIAN_POINT ( 'NONE',  ( 5.982986902088794405E-16, -3.041249999317206409, 0.3332070532120704476 ) ) ;
#1463 = CARTESIAN_POINT ( 'NONE',  ( -2.549999999999998934, -1.343333331967742739, -1.451536131855882372 ) ) ;
#1464 = DIRECTION ( 'NONE',  ( -0.000000000000000000, 1.000000000000000000, -0.000000000000000000 ) ) ;
#1465 = ORIENTED_EDGE ( 'NONE', *, *, #1091, .T. ) ;
#1466 = VERTEX_POINT ( 'NONE', #2006 ) ;
#1467 =( BOUNDED_CURVE ( )  B_SPLINE_CURVE ( 2, ( #225, #5, #2474, #2437, #257, #2953, #2178, #2920, #275 ),
 .UNSPECIFIED., .F., .F. ) 
 B_SPLINE_CURVE_WITH_KNOTS ( ( 3, 2, 2, 2, 3 ),
 ( 0.2944853427634906984, 0.3037446020227499988, 0.3222631205412684885, 0.3407816390597870893, 0.3500408983190462786 ),
 .UNSPECIFIED. ) 
 CURVE ( )  GEOMETRIC_REPRESENTATION_ITEM ( )  RATIONAL_B_SPLINE_CURVE ( ( 0.9330127018922194093, 0.9330127018922189652, 1.000000000000000000, 0.8660254037844387076, 1.000000000000000000, 0.8660254037844387076, 1.000000000000000000, 0.9330127018922197424, 0.9330127018922194093 ) ) 
 REPRESENTATION_ITEM ( '' )  );
#1468 = ADVANCED_FACE ( 'NONE', ( #769, #543 ), #2942, .F. ) ;
#1469 = CARTESIAN_POINT ( 'NONE',  ( 0.000000000000000000, -4.200000000000000178, -0.3737793182894293964 ) ) ;
#1470 = DIRECTION ( 'NONE',  ( -0.000000000000000000, 1.000000000000000000, -0.000000000000000000 ) ) ;
#1471 = CARTESIAN_POINT ( 'NONE',  ( -2.820632937499999215, -0.7079166659838729281, -4.552272504040178802 ) ) ;
#1472 = DIRECTION ( 'NONE',  ( 0.000000000000000000, 0.000000000000000000, 1.000000000000000000 ) ) ;
#1473 = LINE ( 'NONE', #2926, #2724 ) ;
#1474 = CARTESIAN_POINT ( 'NONE',  ( 4.549999999999999822, -4.105433397577956889, 0.1848869998798017555 ) ) ;
#1475 = CARTESIAN_POINT ( 'NONE',  ( 1.275000000000001021, -3.843333333333336377, -0.7154145386391113082 ) ) ;
#1476 = AXIS2_PLACEMENT_3D ( 'NONE', #307, #1039, #2510 ) ;
#1477 = ORIENTED_EDGE ( 'NONE', *, *, #690, .T. ) ;
#1478 = DIRECTION ( 'NONE',  ( -1.000000000000000000, 0.000000000000000000, 0.000000000000000000 ) ) ;
#1479 = VERTEX_POINT ( 'NONE', #292 ) ;
#1480 = CARTESIAN_POINT ( 'NONE',  ( 1.410316468750001162, -1.062083332650539669, -0.4810395396633053156 ) ) ;
#1481 = CARTESIAN_POINT ( 'NONE',  ( 2.549999999999999822, -4.176666665301076442, -1.451536131855884593 ) ) ;
#1482 = CARTESIAN_POINT ( 'NONE',  ( 2.549999999999999378, -3.593333331967742961, -4.396022504722975732 ) ) ;
#1483 = CARTESIAN_POINT ( 'NONE',  ( 0.000000000000000000, -4.200000000000000178, -2.923779318289429163 ) ) ;
#1484 = CIRCLE ( 'NONE', #1896, 0.1999999999999996503 ) ;
#1485 = VECTOR ( 'NONE', #945, 1000.000000000000000 ) ;
#1486 = DIRECTION ( 'NONE',  ( 0.000000000000000000, -1.000000000000000000, -6.776263578034415038E-17 ) ) ;
#1487 = ORIENTED_EDGE ( 'NONE', *, *, #1176, .T. ) ;
#1488 = AXIS2_PLACEMENT_3D ( 'NONE', #942, #2904, #958 ) ;
#1489 = ADVANCED_FACE ( 'NONE', ( #1262 ), #2989, .F. ) ;
#1490 = CARTESIAN_POINT ( 'NONE',  ( -2.541512759113563114, -4.200000000000000178, -1.706088280938358182 ) ) ;
#1491 = EDGE_CURVE ( 'NONE', #2715, #2369, #2622, .T. ) ;
#1492 = DIRECTION ( 'NONE',  ( 1.000000000000000000, -0.000000000000000000, -0.000000000000000000 ) ) ;
#1493 = FACE_OUTER_BOUND ( 'NONE', #1538, .T. ) ;
#1494 = CARTESIAN_POINT ( 'NONE',  ( 2.549999999999999822, -3.801666666666669858, -1.451536131855884593 ) ) ;
#1495 = ORIENTED_EDGE ( 'NONE', *, *, #1544, .F. ) ;
#1496 = FACE_OUTER_BOUND ( 'NONE', #14, .T. ) ;
#1497 = ORIENTED_EDGE ( 'NONE', *, *, #3140, .F. ) ;
#1498 = CARTESIAN_POINT ( 'NONE',  ( 2.820632937500000104, -1.520416665983873150, -1.295286132538680635 ) ) ;
#1499 = CARTESIAN_POINT ( 'NONE',  ( 5.408933717497023466E-16, -3.259999998634409479, 0.02070705457766185142 ) ) ;
#1500 = CARTESIAN_POINT ( 'NONE',  ( 4.549999999999999822, -1.700000000000000178, -7.489345145946045612 ) ) ;
#1501 = CARTESIAN_POINT ( 'NONE',  ( -0.7084738071198827258, -4.200000000000001066, -5.539088120376523428 ) ) ;
#1502 = CARTESIAN_POINT ( 'NONE',  ( 2.549999999999999822, -2.134999998634409479, -2.923779318289429607 ) ) ;
#1503 = EDGE_LOOP ( 'NONE', ( #474, #1185, #1988 ) ) ;
#1504 = CARTESIAN_POINT ( 'NONE',  ( 9.877377282685029372E-16, -3.759999998634409479, -0.3737793182894292299 ) ) ;
#1505 = DIRECTION ( 'NONE',  ( -0.000000000000000000, -1.000000000000000000, -0.000000000000000000 ) ) ;
#1506 = LINE ( 'NONE', #2480, #274 ) ;
#1507 = CARTESIAN_POINT ( 'NONE',  ( 1.274999999999999245, -1.676666666666669636, -5.132144097939748129 ) ) ;
#1508 = ORIENTED_EDGE ( 'NONE', *, *, #1743, .T. ) ;
#1509 = DIRECTION ( 'NONE',  ( -0.000000000000000000, 0.5271669878897791151, 0.8497617118223305122 ) ) ;
#1510 = ORIENTED_EDGE ( 'NONE', *, *, #1424, .T. ) ;
#1511 = CARTESIAN_POINT ( 'NONE',  ( -1.410316468750000052, -1.312083332650539669, -5.366519096915554066 ) ) ;
#1512 = CARTESIAN_POINT ( 'NONE',  ( 1.275000000000001021, -4.218333331967742517, -0.7154145386391113082 ) ) ;
#1513 = LINE ( 'NONE', #238, #3056 ) ;
#1514 = EDGE_CURVE ( 'NONE', #872, #745, #732, .T. ) ;
#1515 = CARTESIAN_POINT ( 'NONE',  ( 4.750000000000000000, 0.000000000000000000, -0.07377931828942961567 ) ) ;
#1516 = CARTESIAN_POINT ( 'NONE',  ( -4.549999999999999822, -4.000000000000000888, 0.01493465751533546229 ) ) ;
#1517 = VERTEX_POINT ( 'NONE', #528 ) ;
#1518 = DIRECTION ( 'NONE',  ( 0.000000000000000000, 1.000000000000000000, 0.000000000000000000 ) ) ;
#1519 = CARTESIAN_POINT ( 'NONE',  ( -2.549999999999999822, -4.010000000000003340, -2.923779318289429163 ) ) ;
#1520 = CARTESIAN_POINT ( 'NONE',  ( 4.750000000000000000, -4.000000000000000888, -5.862493294094194063 ) ) ;
#1521 = CARTESIAN_POINT ( 'NONE',  ( 5.408933717497023466E-16, -2.385000000000003340, 0.02070705457766185142 ) ) ;
#1522 = EDGE_LOOP ( 'NONE', ( #1742, #1250, #1581, #1142 ) ) ;
#1523 = CARTESIAN_POINT ( 'NONE',  ( 7.785697387528199762E-15, -2.635000000000002895, -5.473779318289427209 ) ) ;
#1524 = ORIENTED_EDGE ( 'NONE', *, *, #218, .F. ) ;
#1525 = ADVANCED_FACE ( 'NONE', ( #486 ), #2021, .T. ) ;
#1526 = CARTESIAN_POINT ( 'NONE',  ( -2.820632937499998771, -2.687083332650539003, -1.295286132538677970 ) ) ;
#1527 = CARTESIAN_POINT ( 'NONE',  ( -1.802977905832341484E-16, -2.009999998634409035, -5.868265691156519637 ) ) ;
#1528 = VECTOR ( 'NONE', #1832, 1000.000000000000000 ) ;
#1529 = CARTESIAN_POINT ( 'NONE',  ( 1.410316468749999164, -1.395416665983868265, -5.366519096915554066 ) ) ;
#1530 = DIRECTION ( 'NONE',  ( 0.000000000000000000, 1.000000000000000000, 0.000000000000000000 ) ) ;
#1531 = CARTESIAN_POINT ( 'NONE',  ( -3.486133158594716510E-16, -2.009999998634409479, -5.473779318289427209 ) ) ;
#1532 = ORIENTED_EDGE ( 'NONE', *, *, #2733, .T. ) ;
#1533 = VECTOR ( 'NONE', #2071, 1000.000000000000000 ) ;
#1534 = CARTESIAN_POINT ( 'NONE',  ( -4.549999999999998934, -1.700000000000000178, 0.1262206817105703816 ) ) ;
#1535 = CARTESIAN_POINT ( 'NONE',  ( 0.000000000000000000, -4.200000000000000178, -2.923779318289429163 ) ) ;
#1536 = VECTOR ( 'NONE', #190, 1000.000000000000000 ) ;
#1537 = CARTESIAN_POINT ( 'NONE',  ( -1.802977905832341484E-16, -4.135000000000003340, -5.868265691156519637 ) ) ;
#1538 = EDGE_LOOP ( 'NONE', ( #2335, #1794, #2482, #2884 ) ) ;
#1539 = CARTESIAN_POINT ( 'NONE',  ( 4.750000000000000000, -1.500000000000000000, -5.973779318289428986 ) ) ;
#1540 = ORIENTED_EDGE ( 'NONE', *, *, #2966, .T. ) ;
#1541 = CARTESIAN_POINT ( 'NONE',  ( -1.410316468750000052, -3.312083332650539447, -5.366519096915554066 ) ) ;
#1542 = AXIS2_PLACEMENT_3D ( 'NONE', #1165, #3136, #1235 ) ;
#1543 = CARTESIAN_POINT ( 'NONE',  ( 2.549999999999999378, -3.593333331967742961, -4.396022504722975732 ) ) ;
#1544 = EDGE_CURVE ( 'NONE', #32, #313, #2207, .T. ) ;
#1545 = CARTESIAN_POINT ( 'NONE',  ( -2.550000000000000266, -3.426666665301075998, -4.396022504722974844 ) ) ;
#1546 = DIRECTION ( 'NONE',  ( -1.000000000000000000, 0.000000000000000000, 0.000000000000000000 ) ) ;
#1547 = ADVANCED_FACE ( 'NONE', ( #2232 ), #1763, .F. ) ;
#1548 = FILL_AREA_STYLE_COLOUR ( '', #1802 ) ;
#1549 = ORIENTED_EDGE ( 'NONE', *, *, #2925, .F. ) ;
#1550 = CARTESIAN_POINT ( 'NONE',  ( 2.820632937500000104, -1.916249999317206409, -2.923779318289429607 ) ) ;
#1551 =( BOUNDED_CURVE ( )  B_SPLINE_CURVE ( 2, ( #755, #1210, #2198, #1245, #9, #1962, #262, #1354, #809 ),
 .UNSPECIFIED., .F., .F. ) 
 B_SPLINE_CURVE_WITH_KNOTS ( ( 3, 2, 2, 2, 3 ),
 ( 0.7389297986023515286, 0.7481890578616108289, 0.7667075763801293187, 0.7852260948986478084, 0.7944853541579071088 ),
 .UNSPECIFIED. ) 
 CURVE ( )  GEOMETRIC_REPRESENTATION_ITEM ( )  RATIONAL_B_SPLINE_CURVE ( ( 0.9330127018922194093, 0.9330127018922194093, 1.000000000000000000, 0.8660254037844387076, 1.000000000000000000, 0.8660254037844387076, 1.000000000000000000, 0.9330127018922189652, 0.9330127018922194093 ) ) 
 REPRESENTATION_ITEM ( '' )  );
#1552 = SPHERICAL_SURFACE ( 'NONE', #2725, 0.2000000000000000111 ) ;
#1553 = CARTESIAN_POINT ( 'NONE',  ( -7.146572975119167637E-15, -3.885000000000002895, -0.3737793182894292299 ) ) ;
#1554 = DIRECTION ( 'NONE',  ( -1.000000000000000000, 0.000000000000000000, 0.000000000000000000 ) ) ;
#1555 = EDGE_CURVE ( 'NONE', #1661, #1858, #1226, .T. ) ;
#1556 = CARTESIAN_POINT ( 'NONE',  ( -2.820632937500000104, -2.207916665983872928, -4.552272504040178802 ) ) ;
#1557 = DIRECTION ( 'NONE',  ( -0.000000000000000000, 1.000000000000000000, -0.000000000000000000 ) ) ;
#1558 = ORIENTED_EDGE ( 'NONE', *, *, #882, .T. ) ;
#1559 = CARTESIAN_POINT ( 'NONE',  ( 4.549999999999999822, -1.700000000000000178, 0.000000000000000000 ) ) ;
#1560 = CARTESIAN_POINT ( 'NONE',  ( -4.549999999999998934, -1.300000000000000044, 0.1262206817105703816 ) ) ;
#1561 = CARTESIAN_POINT ( 'NONE',  ( -1.275000000000000133, -3.593333333333336377, -5.132144097939747240 ) ) ;
#1562 = CARTESIAN_POINT ( 'NONE',  ( 4.549999999999999822, -1.500000000000000000, 1.801220681710570481 ) ) ;
#1563 = CARTESIAN_POINT ( 'NONE',  ( 0.000000000000000000, -0.01000000000000306200, -0.3737793182894293964 ) ) ;
#1564 = CARTESIAN_POINT ( 'NONE',  ( -1.410316468749997831, -1.645416665983872928, -0.4810395396633035947 ) ) ;
#1565 = ORIENTED_EDGE ( 'NONE', *, *, #2388, .F. ) ;
#1566 = CARTESIAN_POINT ( 'NONE',  ( -1.994328967362931715E-16, -2.791249999317206409, -6.180765689790928441 ) ) ;
#1567 = EDGE_CURVE ( 'NONE', #281, #712, #1551, .T. ) ;
#1568 = AXIS2_PLACEMENT_3D ( 'NONE', #875, #893, #3071 ) ;
#1569 = LINE ( 'NONE', #2794, #3133 ) ;
#1570 = CARTESIAN_POINT ( 'NONE',  ( 4.549999999999999822, -1.700000000000000178, -7.289345145946046323 ) ) ;
#1571 = CYLINDRICAL_SURFACE ( 'NONE', #1954, 0.1999999999999996503 ) ;
#1572 = CARTESIAN_POINT ( 'NONE',  ( -2.820632937500000104, -1.707916665983873150, -4.552272504040178802 ) ) ;
#1573 = CARTESIAN_POINT ( 'NONE',  ( 9.877377282685029372E-16, -0.7599999986344093683, -0.3737793182894292299 ) ) ;
#1574 = CARTESIAN_POINT ( 'NONE',  ( 2.820632937499999215, -3.937083332650539003, -4.552272504040179690 ) ) ;
#1575 = CARTESIAN_POINT ( 'NONE',  ( -3.486133158594716510E-16, -2.009999998634409479, -5.473779318289427209 ) ) ;
#1576 = CARTESIAN_POINT ( 'NONE',  ( -4.750000000000000000, -1.700000000000000178, -7.648779318289428808 ) ) ;
#1577 = CARTESIAN_POINT ( 'NONE',  ( 1.410316468749999164, -0.8954166659838683762, -5.366519096915554066 ) ) ;
#1578 = CARTESIAN_POINT ( 'NONE',  ( 2.820632937500000104, -1.416249999317206409, -2.923779318289429607 ) ) ;
#1579 = CIRCLE ( 'NONE', #510, 0.2000000000000000111 ) ;
#1580 = CARTESIAN_POINT ( 'NONE',  ( 1.410316468749999164, -0.8954166659838729281, -5.366519096915554066 ) ) ;
#1581 = ORIENTED_EDGE ( 'NONE', *, *, #3108, .F. ) ;
#1582 = ORIENTED_EDGE ( 'NONE', *, *, #668, .F. ) ;
#1583 = CARTESIAN_POINT ( 'NONE',  ( 5.982986902088794405E-16, -3.541249999317206854, 0.3332070532120704476 ) ) ;
#1584 = PLANE ( 'NONE',  #140 ) ;
#1585 = DIRECTION ( 'NONE',  ( -0.000000000000000000, 1.000000000000000000, -0.000000000000000000 ) ) ;
#1586 = LINE ( 'NONE', #1064, #1994 ) ;
#1587 = CARTESIAN_POINT ( 'NONE',  ( 4.549999999999999822, -0.2000000000000000111, -0.07377931828942961567 ) ) ;
#1588 = EDGE_CURVE ( 'NONE', #931, #1931, #2981, .T. ) ;
#1589 = CARTESIAN_POINT ( 'NONE',  ( 1.410316468750001162, -0.9995833326505395577, -0.4810395396633048715 ) ) ;
#1590 = CARTESIAN_POINT ( 'NONE',  ( -3.079417623425332942E-15, -1.385000000000002895, -0.3737793182894292299 ) ) ;
#1591 = CARTESIAN_POINT ( 'NONE',  ( 5.982986902088794405E-16, -4.103749999317206409, 0.3332070532120700035 ) ) ;
#1592 = FACE_OUTER_BOUND ( 'NONE', #2967, .T. ) ;
#1593 = CARTESIAN_POINT ( 'NONE',  ( -1.410316468750000052, -1.312083332650535006, -5.366519096915554066 ) ) ;
#1594 = AXIS2_PLACEMENT_3D ( 'NONE', #2549, #806, #2299 ) ;
#1595 = CARTESIAN_POINT ( 'NONE',  ( 1.410316468750001162, -1.562083332650539669, -0.4810395396633053156 ) ) ;
#1596 = VERTEX_POINT ( 'NONE', #2066 ) ;
#1597 = ORIENTED_EDGE ( 'NONE', *, *, #2388, .T. ) ;
#1598 = CARTESIAN_POINT ( 'NONE',  ( 5.982986902088794405E-16, -2.041249999317206409, 0.3332070532120704476 ) ) ;
#1599 = LINE ( 'NONE', #1926, #1202 ) ;
#1600 = CARTESIAN_POINT ( 'NONE',  ( -4.549999999999999822, -1.700000000000000178, 1.441786509367187330 ) ) ;
#1601 = DIRECTION ( 'NONE',  ( 0.000000000000000000, 0.000000000000000000, 1.000000000000000000 ) ) ;
#1602 = CARTESIAN_POINT ( 'NONE',  ( -4.549999999999998934, -1.700000000000000178, 1.441786509367187330 ) ) ;
#1603 = CARTESIAN_POINT ( 'NONE',  ( -2.820632937500000104, -0.7079166659838729281, -4.552272504040178802 ) ) ;
#1604 = CARTESIAN_POINT ( 'NONE',  ( -1.274999999999998135, -1.301666665301075998, -0.7154145386391096428 ) ) ;
#1605 = DIRECTION ( 'NONE',  ( -0.000000000000000000, 1.000000000000000000, -0.000000000000000000 ) ) ;
#1606 = CARTESIAN_POINT ( 'NONE',  ( 4.750000000000000000, -1.700000000000000178, -7.289345145946046323 ) ) ;
#1607 = CARTESIAN_POINT ( 'NONE',  ( 5.982986902088794405E-16, -1.603749999317201747, 0.3332070532120700035 ) ) ;
#1608 = CARTESIAN_POINT ( 'NONE',  ( -2.820632937500000104, -0.6662499993172062984, -2.923779318289429163 ) ) ;
#1609 = CARTESIAN_POINT ( 'NONE',  ( -1.410316468749997831, -1.145416665983872928, -0.4810395396633035947 ) ) ;
#1610 = ADVANCED_FACE ( 'NONE', ( #2340 ), #828, .F. ) ;
#1611 = VERTEX_POINT ( 'NONE', #2274 ) ;
#1612 = ORIENTED_EDGE ( 'NONE', *, *, #1303, .T. ) ;
#1613 = CARTESIAN_POINT ( 'NONE',  ( -2.820632937499999215, -3.124583332650539891, -1.295286132538677748 ) ) ;
#1614 = DIRECTION ( 'NONE',  ( -1.000000000000000000, 0.000000000000000000, 0.000000000000000000 ) ) ;
#1615 = DIRECTION ( 'NONE',  ( -1.000000000000000000, 0.000000000000000000, 0.000000000000000000 ) ) ;
#1616 = CARTESIAN_POINT ( 'NONE',  ( 1.274999999999999245, -4.051666665301076442, -5.132144097939748129 ) ) ;
#1617 = CARTESIAN_POINT ( 'NONE',  ( -1.994328967362931715E-16, -2.791249999317206409, -6.180765689790928441 ) ) ;
#1618 = CARTESIAN_POINT ( 'NONE',  ( 0.000000000000000000, -4.200000000000000178, -2.923779318289429163 ) ) ;
#1619 = AXIS2_PLACEMENT_3D ( 'NONE', #2818, #2544, #1820 ) ;
#1620 = LINE ( 'NONE', #2607, #849 ) ;
#1621 = DIRECTION ( 'NONE',  ( 0.000000000000000000, 1.000000000000000000, 0.000000000000000000 ) ) ;
#1622 = EDGE_CURVE ( 'NONE', #2026, #1843, #920, .T. ) ;
#1623 = CARTESIAN_POINT ( 'NONE',  ( -1.410316468749997831, -2.145416665983868487, -0.4810395396633035947 ) ) ;
#1624 = CARTESIAN_POINT ( 'NONE',  ( 2.820632937500000104, -1.874583332650539669, -4.552272504040179690 ) ) ;
#1625 = CARTESIAN_POINT ( 'NONE',  ( -1.410316468749997831, -2.145416665983872928, -0.4810395396633035947 ) ) ;
#1626 = ORIENTED_EDGE ( 'NONE', *, *, #1019, .F. ) ;
#1627 = ORIENTED_EDGE ( 'NONE', *, *, #1149, .F. ) ;
#1628 = CARTESIAN_POINT ( 'NONE',  ( -2.631817034777101050, -4.200000000000000178, -1.909131959071981743 ) ) ;
#1629 = CARTESIAN_POINT ( 'NONE',  ( 7.785697387528199762E-15, -4.135000000000003340, -5.473779318289427209 ) ) ;
#1630 = DIRECTION ( 'NONE',  ( 1.000000000000000000, 0.000000000000000000, 0.000000000000000000 ) ) ;
#1631 = CIRCLE ( 'NONE', #2044, 0.1999999999999996503 ) ;
#1632 = CARTESIAN_POINT ( 'NONE',  ( -1.410316468749998053, -4.082916665983872484, -0.4810395396633031506 ) ) ;
#1633 =( BOUNDED_CURVE ( )  B_SPLINE_CURVE ( 2, ( #254, #1450, #1242, #2487, #1, #1020, #2711, #511, #737 ),
 .UNSPECIFIED., .F., .T. ) 
 B_SPLINE_CURVE_WITH_KNOTS ( ( 3, 2, 2, 2, 3 ),
 ( 0.4166666666666666852, 0.4259259259259259300, 0.4444444444444444198, 0.4629629629629629650, 0.4722222222222222099 ),
 .UNSPECIFIED. ) 
 CURVE ( )  GEOMETRIC_REPRESENTATION_ITEM ( )  RATIONAL_B_SPLINE_CURVE ( ( 0.9330127018922194093, 0.9330127018922195203, 1.000000000000000000, 0.8660254037844387076, 1.000000000000000000, 0.8660254037844387076, 1.000000000000000000, 0.9330127018922194093, 0.9330127018922194093 ) ) 
 REPRESENTATION_ITEM ( '' )  );
#1634 = FACE_OUTER_BOUND ( 'NONE', #1985, .T. ) ;
#1635 = B_SPLINE_CURVE_WITH_KNOTS ( 'NONE', 3,
 ( #2899, #2323, #2602, #2068, #404, #95, #937, #2846 ),
 .UNSPECIFIED., .F., .F.,
 ( 4, 2, 2, 4 ),
 ( 0.000000000000000000, 0.001129742079149167241, 0.001694613118723750861, 0.002259484158298334482 ),
 .UNSPECIFIED. ) ;
#1636 = VECTOR ( 'NONE', #2136, 1000.000000000000000 ) ;
#1637 = CARTESIAN_POINT ( 'NONE',  ( -0.6832704406993617141, -2.782329098003670342, -0.3737793182894287303 ) ) ;
#1638 = CARTESIAN_POINT ( 'NONE',  ( -1.275000000000000133, -0.09333333333333639070, -5.132144097939747240 ) ) ;
#1639 = VECTOR ( 'NONE', #3058, 1000.000000000000000 ) ;
#1640 = TOROIDAL_SURFACE ( 'NONE', #1028, 0.4000000000000000222, 0.2000000000000000111 ) ;
#1641 = AXIS2_PLACEMENT_3D ( 'NONE', #1227, #1208, #974 ) ;
#1642 = CARTESIAN_POINT ( 'NONE',  ( -1.410316468749998053, -2.582916665983873372, -0.4810395396633031506 ) ) ;
#1643 = ADVANCED_FACE ( 'NONE', ( #2305 ), #1831, .T. ) ;
#1644 = CARTESIAN_POINT ( 'NONE',  ( -1.410316468749997831, -3.645416665983872484, -0.4810395396633035947 ) ) ;
#1645 = ORIENTED_EDGE ( 'NONE', *, *, #414, .T. ) ;
#1646 = ORIENTED_EDGE ( 'NONE', *, *, #1966, .F. ) ;
#1647 = CARTESIAN_POINT ( 'NONE',  ( -4.549999999999998934, -1.805433397577955956, -7.459297488310512314 ) ) ;
#1648 = CARTESIAN_POINT ( 'NONE',  ( -3.486133158594716510E-16, -2.135000000000002895, -5.473779318289427209 ) ) ;
#1649 = AXIS2_PLACEMENT_3D ( 'NONE', #308, #1040, #1010 ) ;
#1650 = CARTESIAN_POINT ( 'NONE',  ( 2.549999999999999822, -1.260000000000003118, -2.923779318289429607 ) ) ;
#1651 = CARTESIAN_POINT ( 'NONE',  ( 5.982986902088794405E-16, -3.041249999317206409, 0.3332070532120704476 ) ) ;
#1652 = CARTESIAN_POINT ( 'NONE',  ( 4.549999999999999822, -0.2000000000000000111, 0.1262206817105703816 ) ) ;
#1653 = CARTESIAN_POINT ( 'NONE',  ( 1.743066579297358403E-15, -1.509999998634409479, -5.473779318289428097 ) ) ;
#1654 = ADVANCED_FACE ( 'NONE', ( #1304 ), #1552, .T. ) ;
#1655 =( BOUNDED_CURVE ( )  B_SPLINE_CURVE ( 2, ( #1553, #1765, #2958, #1291, #1519, #2248, #2218, #576, #1025 ),
 .UNSPECIFIED., .F., .T. ) 
 B_SPLINE_CURVE_WITH_KNOTS ( ( 3, 2, 2, 2, 3 ),
 ( 0.8611111111111111605, 0.8703703703703703498, 0.8888888888888888395, 0.9074074074074074403, 0.9166666666666667407 ),
 .UNSPECIFIED. ) 
 CURVE ( )  GEOMETRIC_REPRESENTATION_ITEM ( )  RATIONAL_B_SPLINE_CURVE ( ( 0.9330127018922194093, 0.9330127018922197424, 1.000000000000000000, 0.8660254037844387076, 1.000000000000000000, 0.8660254037844387076, 1.000000000000000000, 0.9330127018922189652, 0.9330127018922194093 ) ) 
 REPRESENTATION_ITEM ( '' )  );
#1656 = VERTEX_POINT ( 'NONE', #113 ) ;
#1657 = CARTESIAN_POINT ( 'NONE',  ( 0.000000000000000000, -4.200000000000000178, -2.923779318289429163 ) ) ;
#1658 = CARTESIAN_POINT ( 'NONE',  ( -1.410316468750000274, -3.249583332650539891, -5.366519096915554066 ) ) ;
#1659 = CARTESIAN_POINT ( 'NONE',  ( 1.410316468750001162, -4.062083332650539447, -0.4810395396633053156 ) ) ;
#1660 = ORIENTED_EDGE ( 'NONE', *, *, #1373, .F. ) ;
#1661 = VERTEX_POINT ( 'NONE', #2526 ) ;
#1662 = CARTESIAN_POINT ( 'NONE',  ( -2.549999999999998934, -2.968333333333336377, -1.451536131855882372 ) ) ;
#1663 = AXIS2_PLACEMENT_3D ( 'NONE', #999, #746, #534 ) ;
#1664 = FACE_OUTER_BOUND ( 'NONE', #2632, .T. ) ;
#1665 = CIRCLE ( 'NONE', #2073, 0.1999999999999996503 ) ;
#1666 = CARTESIAN_POINT ( 'NONE',  ( -2.565671987061221682, -4.200000000000000178, -4.095657052065100778 ) ) ;
#1667 = ADVANCED_FACE ( 'NONE', ( #2781 ), #1083, .T. ) ;
#1668 = CARTESIAN_POINT ( 'NONE',  ( -1.410316468749998053, -2.582916665983873372, -0.4810395396633031506 ) ) ;
#1669 = CARTESIAN_POINT ( 'NONE',  ( 4.750000000000000000, -0.2000000000000000111, 0.000000000000000000 ) ) ;
#1670 = CARTESIAN_POINT ( 'NONE',  ( -1.410316468749997831, -4.145416665983868931, -0.4810395396633035947 ) ) ;
#1671 = CYLINDRICAL_SURFACE ( 'NONE', #825, 2.549999999999999822 ) ;
#1672 = VERTEX_POINT ( 'NONE', #3018 ) ;
#1673 = CARTESIAN_POINT ( 'NONE',  ( 1.743066579297358403E-15, -1.009999998634409479, -5.473779318289428097 ) ) ;
#1674 = CIRCLE ( 'NONE', #116, 0.1999999999999999833 ) ;
#1675 = ORIENTED_EDGE ( 'NONE', *, *, #959, .F. ) ;
#1676 =( BOUNDED_CURVE ( )  B_SPLINE_CURVE ( 2, ( #2092, #122, #2364, #1362, #393 ),
 .UNSPECIFIED., .F., .T. ) 
 B_SPLINE_CURVE_WITH_KNOTS ( ( 3, 2, 3 ),
 ( 0.9055964538746018588, 0.9148557131338611592, 0.9333742316523796489 ),
 .UNSPECIFIED. ) 
 CURVE ( )  GEOMETRIC_REPRESENTATION_ITEM ( )  RATIONAL_B_SPLINE_CURVE ( ( 0.9330127018922194093, 0.9330127018922189652, 1.000000000000000000, 0.8660254037844387076, 1.000000000000000000 ) ) 
 REPRESENTATION_ITEM ( '' )  );
#1677 = CARTESIAN_POINT ( 'NONE',  ( 2.820632937499999215, -0.4370833326505396133, -4.552272504040179690 ) ) ;
#1678 = CARTESIAN_POINT ( 'NONE',  ( -1.994328967362931715E-16, -4.353749999317206409, -6.180765689790928441 ) ) ;
#1679 = CARTESIAN_POINT ( 'NONE',  ( -1.802977905832341484E-16, -1.135000000000002895, -5.868265691156519637 ) ) ;
#1680 = ORIENTED_EDGE ( 'NONE', *, *, #2691, .F. ) ;
#1681 = EDGE_LOOP ( 'NONE', ( #2236, #1442, #2033, #1183 ) ) ;
#1682 = CARTESIAN_POINT ( 'NONE',  ( 0.000000000000000000, -4.200000000000000178, -2.923779318289429163 ) ) ;
#1683 = CARTESIAN_POINT ( 'NONE',  ( 2.324088772396477673E-16, -0.1350000000000030898, -5.473779318289429874 ) ) ;
#1684 = LINE ( 'NONE', #2146, #314 ) ;
#1685 = CARTESIAN_POINT ( 'NONE',  ( 2.820632937500000548, -3.957916665983872484, -1.295286132538680413 ) ) ;
#1686 = EDGE_CURVE ( 'NONE', #255, #2792, #1318, .T. ) ;
#1687 = CARTESIAN_POINT ( 'NONE',  ( 2.549999999999999378, -3.718333333333335933, -4.396022504722975732 ) ) ;
#1688 = EDGE_CURVE ( 'NONE', #672, #729, #340, .T. ) ;
#1689 = CARTESIAN_POINT ( 'NONE',  ( 2.820632937499999215, -3.020416665983868043, -1.295286132538680635 ) ) ;
#1690 = DIRECTION ( 'NONE',  ( 1.000000000000000000, 0.000000000000000000, 0.000000000000000000 ) ) ;
#1691 = ORIENTED_EDGE ( 'NONE', *, *, #2497, .F. ) ;
#1692 = CARTESIAN_POINT ( 'NONE',  ( 4.549999999999999822, -1.700000000000000178, 1.641786509367187508 ) ) ;
#1693 = EDGE_LOOP ( 'NONE', ( #2615, #305, #213, #492 ) ) ;
#1694 = AXIS2_PLACEMENT_3D ( 'NONE', #1539, #269, #1967 ) ;
#1695 = CARTESIAN_POINT ( 'NONE',  ( -1.994328967362931715E-16, -2.791249999317206409, -6.180765689790928441 ) ) ;
#1696 = PRODUCT_DEFINITION ( 'BÝLÝNMEYEN', '', #2625, #118 ) ;
#1697 = CARTESIAN_POINT ( 'NONE',  ( 2.549999999999999822, -0.6349999986344094793, -2.923779318289429607 ) ) ;
#1698 = AXIS2_PLACEMENT_3D ( 'NONE', #1277, #342, #96 ) ;
#1699 = CARTESIAN_POINT ( 'NONE',  ( 1.275000000000001021, -0.3433333333333363768, -0.7154145386391113082 ) ) ;
#1700 = ORIENTED_EDGE ( 'NONE', *, *, #899, .T. ) ;
#1701 = ORIENTED_EDGE ( 'NONE', *, *, #529, .T. ) ;
#1702 = DIRECTION ( 'NONE',  ( -0.000000000000000000, 0.000000000000000000, -1.000000000000000000 ) ) ;
#1703 = DIRECTION ( 'NONE',  ( 0.000000000000000000, -0.000000000000000000, 1.000000000000000000 ) ) ;
#1704 = DIRECTION ( 'NONE',  ( 1.000000000000000000, 0.000000000000000000, -0.000000000000000000 ) ) ;
#1705 = EDGE_CURVE ( 'NONE', #2730, #128, #209, .T. ) ;
#1706 = CARTESIAN_POINT ( 'NONE',  ( 1.410316468750001162, -3.562083332650535006, -0.4810395396633053156 ) ) ;
#1707 = CARTESIAN_POINT ( 'NONE',  ( -1.103942166888327067E-15, -0.3850000000000031730, -0.3737793182894292299 ) ) ;
#1708 = CARTESIAN_POINT ( 'NONE',  ( -1.275000000000000133, -1.593333333333336377, -5.132144097939747240 ) ) ;
#1709 = ORIENTED_EDGE ( 'NONE', *, *, #3162, .F. ) ;
#1710 = CARTESIAN_POINT ( 'NONE',  ( 2.550000000000000266, -2.301666666666669858, -1.451536131855884593 ) ) ;
#1711 = ORIENTED_EDGE ( 'NONE', *, *, #2239, .T. ) ;
#1712 = CARTESIAN_POINT ( 'NONE',  ( -2.820632937500000104, -2.707916665983872928, -4.552272504040178802 ) ) ;
#1713 = CARTESIAN_POINT ( 'NONE',  ( 2.820632937499999215, -3.937083332650539003, -4.552272504040179690 ) ) ;
#1714 = FACE_OUTER_BOUND ( 'NONE', #144, .T. ) ;
#1715 = ORIENTED_EDGE ( 'NONE', *, *, #822, .T. ) ;
#1716 = ORIENTED_EDGE ( 'NONE', *, *, #99, .T. ) ;
#1717 = DIRECTION ( 'NONE',  ( 0.000000000000000000, 1.000000000000000000, -0.000000000000000000 ) ) ;
#1718 = CARTESIAN_POINT ( 'NONE',  ( 1.275000000000001021, -1.343333333333336377, -0.7154145386391113082 ) ) ;
#1719 = CARTESIAN_POINT ( 'NONE',  ( -1.410316468750000274, -0.7495833326505395577, -5.366519096915554066 ) ) ;
#1720 = DIRECTION ( 'NONE',  ( 0.000000000000000000, 0.000000000000000000, 1.000000000000000000 ) ) ;
#1721 = CARTESIAN_POINT ( 'NONE',  ( 5.408933717497023466E-16, -3.385000000000002895, 0.02070705457766185142 ) ) ;
#1722 = ORIENTED_EDGE ( 'NONE', *, *, #2731, .F. ) ;
#1723 = CARTESIAN_POINT ( 'NONE',  ( 9.877377282685029372E-16, -2.385000000000002451, -0.3737793182894292299 ) ) ;
#1724 = ORIENTED_EDGE ( 'NONE', *, *, #415, .F. ) ;
#1725 = AXIS2_PLACEMENT_3D ( 'NONE', #581, #103, #3044 ) ;
#1726 = CARTESIAN_POINT ( 'NONE',  ( -2.820632937500000104, -4.166249999317206409, -2.923779318289429163 ) ) ;
#1727 = CARTESIAN_POINT ( 'NONE',  ( 1.274999999999999245, -3.551666665301075998, -5.132144097939748129 ) ) ;
#1728 = EDGE_CURVE ( 'NONE', #2768, #733, #2570, .T. ) ;
#1729 = ORIENTED_EDGE ( 'NONE', *, *, #2219, .F. ) ;
#1730 = ADVANCED_FACE ( 'NONE', ( #2085 ), #2287, .T. ) ;
#1731 = DIRECTION ( 'NONE',  ( -0.000000000000000000, 1.000000000000000000, -0.000000000000000000 ) ) ;
#1732 = ORIENTED_EDGE ( 'NONE', *, *, #218, .T. ) ;
#1733 = CARTESIAN_POINT ( 'NONE',  ( 0.8629851587654855383, -4.200000000000001954, -0.4548762714925499440 ) ) ;
#1734 = FACE_OUTER_BOUND ( 'NONE', #418, .T. ) ;
#1735 = CARTESIAN_POINT ( 'NONE',  ( -2.549999999999998934, -3.968333333333335489, -1.451536131855882372 ) ) ;
#1736 = VERTEX_POINT ( 'NONE', #3037 ) ;
#1737 = DIRECTION ( 'NONE',  ( 0.000000000000000000, 0.5271669878897792261, -0.8497617118223305122 ) ) ;
#1738 = ORIENTED_EDGE ( 'NONE', *, *, #2525, .F. ) ;
#1739 = CARTESIAN_POINT ( 'NONE',  ( 2.820632937499999660, -2.978749999317205965, -2.923779318289429607 ) ) ;
#1740 =( BOUNDED_CURVE ( )  B_SPLINE_CURVE ( 2, ( #813, #2834, #1340, #633, #152, #1120, #1604, #2104, #614 ),
 .UNSPECIFIED., .F., .T. ) 
 B_SPLINE_CURVE_WITH_KNOTS ( ( 3, 2, 2, 2, 3 ),
 ( 0.6833742316523796489, 0.6926334909116389493, 0.7111520094301574391, 0.7296705279486759288, 0.7389297872079352292 ),
 .UNSPECIFIED. ) 
 CURVE ( )  GEOMETRIC_REPRESENTATION_ITEM ( )  RATIONAL_B_SPLINE_CURVE ( ( 0.9330127018922194093, 0.9330127018922194093, 1.000000000000000000, 0.8660254037844387076, 1.000000000000000000, 0.8660254037844387076, 1.000000000000000000, 0.9330127018922194093, 0.9330127018922194093 ) ) 
 REPRESENTATION_ITEM ( '' )  );
#1741 = CARTESIAN_POINT ( 'NONE',  ( 2.549999999999999822, -2.176666665301075998, -1.451536131855884593 ) ) ;
#1742 = ORIENTED_EDGE ( 'NONE', *, *, #263, .T. ) ;
#1743 = EDGE_CURVE ( 'NONE', #1756, #1367, #1569, .T. ) ;
#1744 = CARTESIAN_POINT ( 'NONE',  ( -1.526329474084440641, -4.199999999999999289, -5.213163762311089577 ) ) ;
#1745 = AXIS2_PLACEMENT_3D ( 'NONE', #1194, #3167, #167 ) ;
#1746 = CARTESIAN_POINT ( 'NONE',  ( -2.820632937499999660, -0.2287499993172062984, -2.923779318289429163 ) ) ;
#1747 = VERTEX_POINT ( 'NONE', #2322 ) ;
#1748 = DIRECTION ( 'NONE',  ( 0.000000000000000000, -1.000000000000000000, 0.000000000000000000 ) ) ;
#1749 = LINE ( 'NONE', #530, #2294 ) ;
#1750 = STYLED_ITEM ( 'NONE', ( #541 ), #1419 ) ;
#1751 = DIRECTION ( 'NONE',  ( -1.000000000000000000, 0.000000000000000000, -0.000000000000000000 ) ) ;
#1752 = CARTESIAN_POINT ( 'NONE',  ( 5.408933717497023466E-16, -1.385000000000002895, 0.02070705457766185142 ) ) ;
#1753 = EDGE_LOOP ( 'NONE', ( #2267, #2230, #2456, #3035 ) ) ;
#1754 = CARTESIAN_POINT ( 'NONE',  ( -2.549999999999998934, -2.468333333333336377, -1.451536131855882372 ) ) ;
#1755 = EDGE_CURVE ( 'NONE', #1433, #2251, #2553, .T. ) ;
#1756 = VERTEX_POINT ( 'NONE', #861 ) ;
#1757 = CARTESIAN_POINT ( 'NONE',  ( -2.820632937499998771, -1.187083332650539447, -1.295286132538677970 ) ) ;
#1758 = CARTESIAN_POINT ( 'NONE',  ( -2.549999999999999822, -3.926666665301075998, -4.396022504722974844 ) ) ;
#1759 = ORIENTED_EDGE ( 'NONE', *, *, #2270, .T. ) ;
#1760 = CYLINDRICAL_SURFACE ( 'NONE', #1594, 0.2000000000000000111 ) ;
#1761 =( NAMED_UNIT ( * ) SI_UNIT ( $, .STERADIAN. ) SOLID_ANGLE_UNIT ( ) );
#1762 = VERTEX_POINT ( 'NONE', #627 ) ;
#1763 = PLANE ( 'NONE',  #517 ) ;
#1764 = EDGE_CURVE ( 'NONE', #2028, #2171, #471, .T. ) ;
#1765 = CARTESIAN_POINT ( 'NONE',  ( -0.6832704406993653778, -3.907329099369262870, -0.3737793182894309507 ) ) ;
#1766 = CARTESIAN_POINT ( 'NONE',  ( 0.6832704406993586055, -1.032329098003669454, -5.473779318289430762 ) ) ;
#1767 = CARTESIAN_POINT ( 'NONE',  ( 2.549999999999999822, -2.760000000000002895, -2.923779318289429607 ) ) ;
#1768 = CIRCLE ( 'NONE', #1663, 0.1999999999999996503 ) ;
#1769 = ORIENTED_EDGE ( 'NONE', *, *, #3162, .T. ) ;
#1770 = CARTESIAN_POINT ( 'NONE',  ( -2.549999999999999822, -2.510000000000002895, -2.923779318289429163 ) ) ;
#1771 = ORIENTED_EDGE ( 'NONE', *, *, #318, .F. ) ;
#1772 = CARTESIAN_POINT ( 'NONE',  ( 2.820632937499999215, -1.937083332650539447, -4.552272504040179690 ) ) ;
#1773 = CARTESIAN_POINT ( 'NONE',  ( 5.408933717497023466E-16, -2.759999998634409479, 0.02070705457766185142 ) ) ;
#1774 = CARTESIAN_POINT ( 'NONE',  ( -2.820632937499999215, -0.7704166659838683762, -4.552272504040177914 ) ) ;
#1775 = CARTESIAN_POINT ( 'NONE',  ( 7.785697387528199762E-15, -3.009999998634409479, -5.473779318289427209 ) ) ;
#1776 = VERTEX_POINT ( 'NONE', #1861 ) ;
#1777 =( BOUNDED_CURVE ( )  B_SPLINE_CURVE ( 2, ( #1047, #2315, #3029, #553, #2298, #837, #1809, #106, #1839, #2061, #3047, #1823, #2803, #1774, #619, #600, #1577, #2562, #1035, #2015, #1329, #125, #1092, #2759, #2077, #3062, #1593, #2579, #1529, #2519, #319, #1285, #2271, #1607, #2346, #666, #156, #2852, #2865, #1107, #139, #1125, #2594, #652, #3079, #902, #1623, #2109, #868, #2093, #2609, #1854, #3097, #2838, #396, #636, #1363, #887, #1869, #412, #1382, #2365, #170, #1139, #2125, #3110, #1883, #1689, #2200, #3168, #695, #1441, #503, #912, #2703, #726, #2686, #2166, #2389, #2943, #1706, #1944, #1164, #457, #2441, #2670, #961, #211, #2424, #2149, #979, #1963, #1195, #743, #1670, #3135, #487 ),
 .UNSPECIFIED., .F., .T. ) 
 B_SPLINE_CURVE_WITH_KNOTS ( ( 3, 2, 2, 2, 2, 2, 2, 2, 2, 2, 2, 2, 2, 2, 2, 2, 2, 2, 2, 2, 2, 2, 2, 2, 2, 2, 2, 2, 2, 2, 2, 2, 2, 2, 2, 2, 2, 2, 2, 2, 2, 2, 2, 2, 2, 2, 2, 2, 3 ),
 ( 0.000000000000000000, 0.01984040152747399560, 0.03968080305494799120, 0.05952120458242198681, 0.07936160610989598241, 0.09920200763736998495, 0.1190424091648439736, 0.1388828106923179762, 0.1587232122197919648, 0.1785636137472659812, 0.1984040152747399699, 0.2182444168022139863, 0.2380848183296879472, 0.2579252198571619359, 0.2777656213846359523, 0.2976060229121099687, 0.3174464244395839296, 0.3372868259670580016, 0.3571272274945319625, 0.3769676290220059789, 0.3968080305494799398, 0.4166484320769540117, 0.4364888336044279726, 0.4563292351319019335, 0.4761696366593758944, 0.4960100381868499664, 0.5158504397143238718, 0.5356908412417979992, 0.5555312427692719046, 0.5753716442967460321, 0.5952120458242199375, 0.6150524473516939539, 0.6348928488791678593, 0.6547332504066420977, 0.6745736519341160031, 0.6944140534615900195, 0.7142544549890639249, 0.7340948565165379414, 0.7539352580440119578, 0.7737756595714858632, 0.7936160610989598796, 0.8134564626264340070, 0.8332968641539080235, 0.8531372656813819289, 0.8729776672088559453, 0.8928180687363299617, 0.9126584702638038671, 0.9324988717912778835, 0.9453057751022324595 ),
 .UNSPECIFIED. ) 
 CURVE ( )  GEOMETRIC_REPRESENTATION_ITEM ( )  RATIONAL_B_SPLINE_CURVE ( ( 1.000000000000000000, 0.8660254037844387076, 1.000000000000000000, 0.8660254037844387076, 1.000000000000000000, 0.8660254037844387076, 1.000000000000000000, 0.8660254037844387076, 1.000000000000000000, 0.8660254037844387076, 1.000000000000000000, 0.8660254037844387076, 1.000000000000000000, 0.8660254037844387076, 1.000000000000000000, 0.8660254037844387076, 1.000000000000000000, 0.8660254037844387076, 1.000000000000000000, 0.8660254037844387076, 1.000000000000000000, 0.8660254037844387076, 1.000000000000000000, 0.8660254037844387076, 1.000000000000000000, 0.8660254037844387076, 1.000000000000000000, 0.8660254037844387076, 1.000000000000000000, 0.8660254037844387076, 1.000000000000000000, 0.8660254037844387076, 1.000000000000000000, 0.8660254037844387076, 1.000000000000000000, 0.8660254037844387076, 1.000000000000000000, 0.8660254037844387076, 1.000000000000000000, 0.8660254037844387076, 1.000000000000000000, 0.8660254037844387076, 1.000000000000000000, 0.8660254037844387076, 1.000000000000000000, 0.8660254037844387076, 1.000000000000000000, 0.8660254037844387076, 1.000000000000000000, 0.8660254037844387076, 1.000000000000000000, 0.8660254037844387076, 1.000000000000000000, 0.8660254037844387076, 1.000000000000000000, 0.8660254037844387076, 1.000000000000000000, 0.8660254037844387076, 1.000000000000000000, 0.8660254037844387076, 1.000000000000000000, 0.8660254037844387076, 1.000000000000000000, 0.8660254037844387076, 1.000000000000000000, 0.8660254037844387076, 1.000000000000000000, 0.8660254037844387076, 1.000000000000000000, 0.8660254037844387076, 1.000000000000000000, 0.8660254037844387076, 1.000000000000000000, 0.8660254037844387076, 1.000000000000000000, 0.8660254037844387076, 1.000000000000000000, 0.8660254037844387076, 1.000000000000000000, 0.8660254037844387076, 1.000000000000000000, 0.8660254037844387076, 1.000000000000000000, 0.8660254037844387076, 1.000000000000000000, 0.8660254037844387076, 1.000000000000000000, 0.8660254037844387076, 1.000000000000000000, 0.8660254037844387076, 1.000000000000000000, 0.8660254037844387076, 1.000000000000000000, 0.8660254037844387076, 1.000000000000000000, 0.9135199104977326234, 0.9386849550966644973 ) ) 
 REPRESENTATION_ITEM ( '' )  );
#1778 = CARTESIAN_POINT ( 'NONE',  ( 4.549999999999999822, -1.700000000000000178, 1.441786509367187330 ) ) ;
#1779 = DIRECTION ( 'NONE',  ( 0.000000000000000000, 0.8497617118223306232, 0.5271669878897788930 ) ) ;
#1780 = CARTESIAN_POINT ( 'NONE',  ( 2.549999999999999822, -1.134999998634409257, -2.923779318289429607 ) ) ;
#1781 = CARTESIAN_POINT ( 'NONE',  ( 2.820632937500000104, -1.374583332650539669, -4.552272504040179690 ) ) ;
#1782 = ADVANCED_FACE ( 'NONE', ( #2845 ), #643, .T. ) ;
#1783 = EDGE_CURVE ( 'NONE', #2064, #2028, #2801, .T. ) ;
#1784 = ORIENTED_EDGE ( 'NONE', *, *, #2660, .T. ) ;
#1785 = ADVANCED_FACE ( 'NONE', ( #2330 ), #2345, .T. ) ;
#1786 = CARTESIAN_POINT ( 'NONE',  ( 0.000000000000000000, -0.01000000000000306200, -2.923779318289429163 ) ) ;
#1787 = CARTESIAN_POINT ( 'NONE',  ( 1.410316468749999164, -2.395416665983872484, -5.366519096915554066 ) ) ;
#1788 = CARTESIAN_POINT ( 'NONE',  ( 2.549999999999999378, -2.093333331967742517, -4.396022504722975732 ) ) ;
#1789 = AXIS2_PLACEMENT_3D ( 'NONE', #1570, #2554, #2306 ) ;
#1790 = CARTESIAN_POINT ( 'NONE',  ( -1.275000000000000133, -3.468333331967742961, -5.132144097939747240 ) ) ;
#1791 = PRODUCT_RELATED_PRODUCT_CATEGORY ( 'part', '', ( #569 ) ) ;
#1792 = LINE ( 'NONE', #1563, #2628 ) ;
#1793 = CARTESIAN_POINT ( 'NONE',  ( -2.820632937500000104, -0.1662499993172063262, -2.923779318289429163 ) ) ;
#1794 = ORIENTED_EDGE ( 'NONE', *, *, #2331, .F. ) ;
#1795 = AXIS2_PLACEMENT_3D ( 'NONE', #3014, #1299, #1345 ) ;
#1796 = AXIS2_PLACEMENT_3D ( 'NONE', #1295, #1308, #832 ) ;
#1797 = AXIS2_PLACEMENT_3D ( 'NONE', #2685, #1038, #514 ) ;
#1798 = DIRECTION ( 'NONE',  ( 1.000000000000000000, 0.000000000000000000, 0.000000000000000000 ) ) ;
#1799 = FACE_OUTER_BOUND ( 'NONE', #1933, .T. ) ;
#1800 = SPHERICAL_SURFACE ( 'NONE', #2472, 0.2000000000000000111 ) ;
#1801 = CARTESIAN_POINT ( 'NONE',  ( 1.410316468750001162, -1.499583332650539669, -0.4810395396633048715 ) ) ;
#1802 = COLOUR_RGB ( '',0.7921568627450980005, 0.8196078431372548767, 0.9333333333333333481 ) ;
#1803 = LINE ( 'NONE', #2543, #2776 ) ;
#1804 = CARTESIAN_POINT ( 'NONE',  ( -1.410316468749997831, -3.645416665983872484, -0.4810395396633035947 ) ) ;
#1805 = CARTESIAN_POINT ( 'NONE',  ( -7.146572975119167637E-15, -3.259999998634409479, -0.3737793182894292299 ) ) ;
#1806 = VECTOR ( 'NONE', #303, 1000.000000000000000 ) ;
#1807 = DIRECTION ( 'NONE',  ( 0.000000000000000000, -0.5271669878897792261, 0.8497617118223305122 ) ) ;
#1808 = EDGE_CURVE ( 'NONE', #2893, #2946, #1879, .T. ) ;
#1809 = CARTESIAN_POINT ( 'NONE',  ( 2.820632937499999660, -0.4787499993172018575, -2.923779318289429607 ) ) ;
#1810 = B_SPLINE_CURVE_WITH_KNOTS ( 'NONE', 1,
 ( #1793, #1746 ),
 .UNSPECIFIED., .F., .F.,
 ( 2, 2 ),
 ( 0.000000000000000000, 1.000000000000000000 ),
 .UNSPECIFIED. ) ;
#1811 = CARTESIAN_POINT ( 'NONE',  ( -0.9219652709259911205, -4.200000000000017053, -5.483318745384272219 ) ) ;
#1812 = CARTESIAN_POINT ( 'NONE',  ( 5.982986902088794405E-16, -2.103749999317206409, 0.3332070532120700035 ) ) ;
#1813 = ORIENTED_EDGE ( 'NONE', *, *, #1127, .T. ) ;
#1814 = CARTESIAN_POINT ( 'NONE',  ( 1.410316468749999386, -1.832916665983872928, -5.366519096915554066 ) ) ;
#1815 = DIRECTION ( 'NONE',  ( -0.000000000000000000, 1.000000000000000000, -0.000000000000000000 ) ) ;
#1816 = CARTESIAN_POINT ( 'NONE',  ( 4.549999999999999822, -1.300000000000000044, -6.173779318289428275 ) ) ;
#1817 = CARTESIAN_POINT ( 'NONE',  ( -1.275000000000000133, -2.468333331967742961, -5.132144097939747240 ) ) ;
#1818 = CARTESIAN_POINT ( 'NONE',  ( -1.410316468749998053, -1.082916665983873150, -0.4810395396633031506 ) ) ;
#1819 = DIRECTION ( 'NONE',  ( -0.000000000000000000, 1.000000000000000000, -0.000000000000000000 ) ) ;
#1820 = DIRECTION ( 'NONE',  ( -1.000000000000000000, 0.000000000000000000, 0.000000000000000000 ) ) ;
#1821 = LINE ( 'NONE', #2545, #295 ) ;
#1822 = DIRECTION ( 'NONE',  ( 0.000000000000000000, 0.000000000000000000, 1.000000000000000000 ) ) ;
#1823 = CARTESIAN_POINT ( 'NONE',  ( -2.820632937499998771, -0.6870833326505351168, -1.295286132538677970 ) ) ;
#1824 = CARTESIAN_POINT ( 'NONE',  ( 5.982986902088794405E-16, -2.041249999317206409, 0.3332070532120704476 ) ) ;
#1825 = EDGE_CURVE ( 'NONE', #313, #255, #2593, .T. ) ;
#1826 = CARTESIAN_POINT ( 'NONE',  ( -1.410316468750000052, -2.812083332650539447, -5.366519096915554066 ) ) ;
#1827 = ORIENTED_EDGE ( 'NONE', *, *, #2905, .F. ) ;
#1828 = EDGE_CURVE ( 'NONE', #1973, #1479, #1676, .T. ) ;
#1829 = CARTESIAN_POINT ( 'NONE',  ( -1.410316468749998053, -3.082916665983872928, -0.4810395396633031506 ) ) ;
#1830 = AXIS2_PLACEMENT_3D ( 'NONE', #1559, #347, #833 ) ;
#1831 = CYLINDRICAL_SURFACE ( 'NONE', #671, 0.1999999999999996503 ) ;
#1832 = DIRECTION ( 'NONE',  ( -0.000000000000000000, 1.000000000000000000, -0.000000000000000000 ) ) ;
#1833 = CARTESIAN_POINT ( 'NONE',  ( 1.274999999999999245, -1.676666666666669636, -5.132144097939748129 ) ) ;
#1834 = CARTESIAN_POINT ( 'NONE',  ( 2.820632937500000548, -0.9579166659838729281, -1.295286132538680413 ) ) ;
#1835 = LINE ( 'NONE', #2293, #312 ) ;
#1836 = CARTESIAN_POINT ( 'NONE',  ( -7.146572975119167637E-15, -2.885000000000002895, -0.3737793182894292299 ) ) ;
#1837 = CARTESIAN_POINT ( 'NONE',  ( -0.6832704406993590496, -1.987670899265149282, -5.473779318289429874 ) ) ;
#1838 = DIRECTION ( 'NONE',  ( -0.000000000000000000, 0.000000000000000000, -1.000000000000000000 ) ) ;
#1839 = CARTESIAN_POINT ( 'NONE',  ( 1.410316468750001162, -0.5620833326505351168, -0.4810395396633053156 ) ) ;
#1840 = CARTESIAN_POINT ( 'NONE',  ( 1.410316468750001162, -0.9995833326505395577, -0.4810395396633048715 ) ) ;
#1841 = CARTESIAN_POINT ( 'NONE',  ( -2.820632937499998771, -0.6870833326505396688, -1.295286132538677970 ) ) ;
#1842 = ORIENTED_EDGE ( 'NONE', *, *, #2465, .T. ) ;
#1843 = VERTEX_POINT ( 'NONE', #377 ) ;
#1844 = CARTESIAN_POINT ( 'NONE',  ( -1.410316468749998053, -3.582916665983872928, -0.4810395396633031506 ) ) ;
#1845 = DIRECTION ( 'NONE',  ( 0.000000000000000000, 0.000000000000000000, 1.000000000000000000 ) ) ;
#1846 = DIRECTION ( 'NONE',  ( -1.000000000000000000, 0.000000000000000000, 0.000000000000000000 ) ) ;
#1847 = DIRECTION ( 'NONE',  ( 1.000000000000000000, -0.000000000000000000, -0.000000000000000000 ) ) ;
#1848 = CYLINDRICAL_SURFACE ( 'NONE', #2672, 0.1999999999999996503 ) ;
#1849 = CARTESIAN_POINT ( 'NONE',  ( -2.820632937500000104, -1.666249999317206409, -2.923779318289429163 ) ) ;
#1850 = DIRECTION ( 'NONE',  ( -0.000000000000000000, -0.8497617118223285138, 0.5271669878897824457 ) ) ;
#1851 = VECTOR ( 'NONE', #1336, 1000.000000000000000 ) ;
#1852 = CARTESIAN_POINT ( 'NONE',  ( 2.820632937499999660, -3.978749999317206409, -2.923779318289429607 ) ) ;
#1853 = EDGE_CURVE ( 'NONE', #685, #738, #3031, .T. ) ;
#1854 = CARTESIAN_POINT ( 'NONE',  ( -1.994328967362931468E-16, -2.353749999317201524, -6.180765689790928441 ) ) ;
#1855 = AXIS2_PLACEMENT_3D ( 'NONE', #2401, #2162, #3146 ) ;
#1856 = CARTESIAN_POINT ( 'NONE',  ( -2.820632937500000104, -0.1662499993172063262, -2.923779318289429163 ) ) ;
#1857 = CARTESIAN_POINT ( 'NONE',  ( -2.820632937499999660, -2.228749999317205965, -2.923779318289429163 ) ) ;
#1858 = VERTEX_POINT ( 'NONE', #1138 ) ;
#1859 = CARTESIAN_POINT ( 'NONE',  ( -2.820632937500000104, -2.166249999317206409, -2.923779318289429163 ) ) ;
#1860 = CARTESIAN_POINT ( 'NONE',  ( 4.549999999999999822, -1.805433397577955956, 1.611738851731653543 ) ) ;
#1861 = CARTESIAN_POINT ( 'NONE',  ( 1.873759559570222555, -4.200000000000000178, -4.653381906434809423 ) ) ;
#1862 = LINE ( 'NONE', #644, #2144 ) ;
#1863 = CARTESIAN_POINT ( 'NONE',  ( 1.274999999999999245, -4.176666666666669414, -5.132144097939748129 ) ) ;
#1864 = CARTESIAN_POINT ( 'NONE',  ( 4.549999999999999822, -4.200000000000000178, 0.01493465751533544841 ) ) ;
#1865 = CARTESIAN_POINT ( 'NONE',  ( 3.122849337825750419E-16, -4.200000000000000178, -5.473779318289428986 ) ) ;
#1866 = ADVANCED_FACE ( 'NONE', ( #834 ), #3078, .T. ) ;
#1867 = CARTESIAN_POINT ( 'NONE',  ( -2.820632937499999660, -3.728749999317206409, -2.923779318289429163 ) ) ;
#1868 = DIRECTION ( 'NONE',  ( 1.000000000000000000, 0.000000000000000000, 0.000000000000000000 ) ) ;
#1869 = CARTESIAN_POINT ( 'NONE',  ( -1.410316468749997831, -2.645416665983868043, -0.4810395396633035947 ) ) ;
#1870 = CARTESIAN_POINT ( 'NONE',  ( -1.994328967362931715E-16, -2.291249999317206409, -6.180765689790928441 ) ) ;
#1871 = CARTESIAN_POINT ( 'NONE',  ( 1.410316468749999164, -1.895416665983872928, -5.366519096915554066 ) ) ;
#1872 = VERTEX_POINT ( 'NONE', #1560 ) ;
#1873 = ORIENTED_EDGE ( 'NONE', *, *, #548, .F. ) ;
#1874 = CARTESIAN_POINT ( 'NONE',  ( -1.410316468749998053, -2.582916665983873372, -0.4810395396633031506 ) ) ;
#1875 = DIRECTION ( 'NONE',  ( -0.000000000000000000, -0.000000000000000000, 1.000000000000000000 ) ) ;
#1876 = DIRECTION ( 'NONE',  ( 0.000000000000000000, 0.000000000000000000, 1.000000000000000000 ) ) ;
#1877 = CARTESIAN_POINT ( 'NONE',  ( 2.820632937500000104, -3.916249999317206409, -2.923779318289429607 ) ) ;
#1878 = CARTESIAN_POINT ( 'NONE',  ( -2.550000000000000266, -0.9266666653010761090, -4.396022504722974844 ) ) ;
#1879 =( BOUNDED_CURVE ( )  B_SPLINE_CURVE ( 2, ( #1575, #1837, #867, #1106, #411, #2313, #617, #1344, #2578 ),
 .UNSPECIFIED., .F., .T. ) 
 B_SPLINE_CURVE_WITH_KNOTS ( ( 3, 2, 2, 2, 3 ),
 ( 0.5722631205412684885, 0.5815223798005277889, 0.6000408983190463896, 0.6185594168375647683, 0.6278186760968240687 ),
 .UNSPECIFIED. ) 
 CURVE ( )  GEOMETRIC_REPRESENTATION_ITEM ( )  RATIONAL_B_SPLINE_CURVE ( ( 0.9330127018922194093, 0.9330127018922189652, 1.000000000000000000, 0.8660254037844387076, 1.000000000000000000, 0.8660254037844387076, 1.000000000000000000, 0.9330127018922194093, 0.9330127018922194093 ) ) 
 REPRESENTATION_ITEM ( '' )  );
#1880 = ADVANCED_FACE ( 'NONE', ( #138 ), #363, .F. ) ;
#1881 = CARTESIAN_POINT ( 'NONE',  ( -0.6832704406993590496, -2.987670899265149504, -5.473779318289429874 ) ) ;
#1882 = CARTESIAN_POINT ( 'NONE',  ( -3.486133158594716510E-16, -2.135000000000002895, -5.473779318289427209 ) ) ;
#1883 = CARTESIAN_POINT ( 'NONE',  ( 2.820632937499999660, -2.978749999317201080, -2.923779318289429607 ) ) ;
#1884 = CARTESIAN_POINT ( 'NONE',  ( 1.410316468750001162, -0.4995833326505396688, -0.4810395396633048715 ) ) ;
#1885 = CARTESIAN_POINT ( 'NONE',  ( -2.549999999999999822, -1.384999998634409479, -2.923779318289429163 ) ) ;
#1886 = ORIENTED_EDGE ( 'NONE', *, *, #456, .F. ) ;
#1887 = EDGE_LOOP ( 'NONE', ( #2745, #1784 ) ) ;
#1888 = CARTESIAN_POINT ( 'NONE',  ( 1.743066579297358403E-15, -1.509999998634409479, -5.473779318289428097 ) ) ;
#1889 = AXIS2_PLACEMENT_3D ( 'NONE', #341, #3073, #2341 ) ;
#1890 = PLANE ( 'NONE',  #2653 ) ;
#1891 = ADVANCED_FACE ( 'NONE', ( #1592 ), #651, .T. ) ;
#1892 = CARTESIAN_POINT ( 'NONE',  ( 0.6832704406993633794, -1.157329099369263314, -5.473779318289429874 ) ) ;
#1893 = CARTESIAN_POINT ( 'NONE',  ( -2.820632937499999215, -3.124583332650539891, -1.295286132538677748 ) ) ;
#1894 = CARTESIAN_POINT ( 'NONE',  ( 0.000000000000000000, -4.200000000000000178, -2.923779318289429163 ) ) ;
#1895 = CARTESIAN_POINT ( 'NONE',  ( 1.275000000000001021, -1.718333331967742739, -0.7154145386391113082 ) ) ;
#1896 = AXIS2_PLACEMENT_3D ( 'NONE', #2494, #1505, #2479 ) ;
#1897 = CARTESIAN_POINT ( 'NONE',  ( 9.877377282685029372E-16, -3.385000000000002451, -0.3737793182894292299 ) ) ;
#1898 = VECTOR ( 'NONE', #2877, 1000.000000000000000 ) ;
#1899 = CIRCLE ( 'NONE', #1278, 0.1999999999999996503 ) ;
#1900 =( BOUNDED_CURVE ( )  B_SPLINE_CURVE ( 2, ( #165, #1101, #1863, #3074, #3118 ),
 .UNSPECIFIED., .F., .F. ) 
 B_SPLINE_CURVE_WITH_KNOTS ( ( 3, 2, 3 ),
 ( 0.9166666666666667407, 0.9259259259259259300, 0.9313368803447686917 ),
 .UNSPECIFIED. ) 
 CURVE ( )  GEOMETRIC_REPRESENTATION_ITEM ( )  RATIONAL_B_SPLINE_CURVE ( ( 0.9330127018922194093, 0.9330127018922197424, 1.000000000000000000, 0.9608537565961156046, 0.9445839153747841443 ) ) 
 REPRESENTATION_ITEM ( '' )  );
#1901 = CARTESIAN_POINT ( 'NONE',  ( 5.982986902088794405E-16, -4.041249999317206409, 0.3332070532120704476 ) ) ;
#1902 = EDGE_CURVE ( 'NONE', #1843, #1747, #1230, .T. ) ;
#1903 = PRESENTATION_LAYER_ASSIGNMENT (  '', '', ( #1750 ) ) ;
#1904 = CARTESIAN_POINT ( 'NONE',  ( 1.410316468750001162, -3.562083332650539447, -0.4810395396633053156 ) ) ;
#1905 = ORIENTED_EDGE ( 'NONE', *, *, #3034, .F. ) ;
#1906 = VERTEX_POINT ( 'NONE', #1805 ) ;
#1907 = DIRECTION ( 'NONE',  ( -0.000000000000000000, 1.000000000000000000, -0.000000000000000000 ) ) ;
#1908 = DIRECTION ( 'NONE',  ( -1.000000000000000000, 0.000000000000000000, 0.000000000000000000 ) ) ;
#1909 = DIRECTION ( 'NONE',  ( 0.000000000000000000, 0.000000000000000000, 1.000000000000000000 ) ) ;
#1910 = CARTESIAN_POINT ( 'NONE',  ( -2.820632937500000104, -4.166249999317206409, -2.923779318289429163 ) ) ;
#1911 = CARTESIAN_POINT ( 'NONE',  ( 1.274999999999999245, -3.676666666666669858, -5.132144097939748129 ) ) ;
#1912 = DIRECTION ( 'NONE',  ( 0.000000000000000000, 0.8497617118223305122, -0.5271669878897791151 ) ) ;
#1913 = CARTESIAN_POINT ( 'NONE',  ( 1.743066579297358403E-15, -0.6350000000000031175, -5.473779318289428097 ) ) ;
#1914 = ORIENTED_EDGE ( 'NONE', *, *, #547, .F. ) ;
#1915 = CARTESIAN_POINT ( 'NONE',  ( 2.549999999999999822, -0.6349999986344094793, -2.923779318289429607 ) ) ;
#1916 = ORIENTED_EDGE ( 'NONE', *, *, #1743, .F. ) ;
#1917 = CARTESIAN_POINT ( 'NONE',  ( 1.410316468749999386, -2.832916665983872928, -5.366519096915554066 ) ) ;
#1918 = CARTESIAN_POINT ( 'NONE',  ( -2.820632937500000104, -4.270416665983873372, -4.552272504040177914 ) ) ;
#1919 = CARTESIAN_POINT ( 'NONE',  ( -4.549999999999998934, -1.700000000000000178, 1.441786509367187330 ) ) ;
#1920 = ORIENTED_EDGE ( 'NONE', *, *, #715, .F. ) ;
#1921 = ORIENTED_EDGE ( 'NONE', *, *, #2000, .T. ) ;
#1922 = CARTESIAN_POINT ( 'NONE',  ( -4.750000000000000000, -1.500000000000000000, 0.3262206817105703927 ) ) ;
#1923 = ADVANCED_FACE ( 'NONE', ( #2075 ), #2787, .F. ) ;
#1924 = VECTOR ( 'NONE', #2393, 1000.000000000000000 ) ;
#1925 = EDGE_CURVE ( 'NONE', #128, #753, #1821, .T. ) ;
#1926 = CARTESIAN_POINT ( 'NONE',  ( 3.122849337825750419E-16, -4.200000000000000178, -5.473779318289428986 ) ) ;
#1927 = LINE ( 'NONE', #468, #13 ) ;
#1928 = CARTESIAN_POINT ( 'NONE',  ( -2.820632937500000104, -3.707916665983872928, -4.552272504040178802 ) ) ;
#1929 = CARTESIAN_POINT ( 'NONE',  ( -1.274999999999998135, -0.8016666653010761090, -0.7154145386391096428 ) ) ;
#1930 = DIRECTION ( 'NONE',  ( 1.000000000000000000, 0.000000000000000000, 0.000000000000000000 ) ) ;
#1931 = VERTEX_POINT ( 'NONE', #2057 ) ;
#1932 = CARTESIAN_POINT ( 'NONE',  ( 0.6832704406993636015, -3.362670900630742477, -0.3737793182894296740 ) ) ;
#1933 = EDGE_LOOP ( 'NONE', ( #1914, #1729, #1228, #1965 ) ) ;
#1934 = CARTESIAN_POINT ( 'NONE',  ( -2.820632937499999215, -3.124583332650539891, -1.295286132538677748 ) ) ;
#1935 = CARTESIAN_POINT ( 'NONE',  ( 1.274999999999999245, -1.051666665301075998, -5.132144097939748129 ) ) ;
#1936 = CARTESIAN_POINT ( 'NONE',  ( 5.408933717497023466E-16, -0.3850000000000031175, 0.02070705457766185142 ) ) ;
#1937 = VERTEX_POINT ( 'NONE', #3060 ) ;
#1938 = EDGE_LOOP ( 'NONE', ( #1214, #401, #1366, #2977 ) ) ;
#1939 = EDGE_CURVE ( 'NONE', #905, #1872, #851, .T. ) ;
#1940 = LINE ( 'NONE', #1469, #2960 ) ;
#1941 = CARTESIAN_POINT ( 'NONE',  ( 2.549999999999999378, -1.218333333333336377, -4.396022504722975732 ) ) ;
#1942 = CARTESIAN_POINT ( 'NONE',  ( 2.820632937500000104, -0.9162499993172062984, -2.923779318289429607 ) ) ;
#1943 = CARTESIAN_POINT ( 'NONE',  ( 1.743066579297358403E-15, -1.009999998634409479, -5.473779318289428097 ) ) ;
#1944 = CARTESIAN_POINT ( 'NONE',  ( 5.982986902088794405E-16, -3.603749999317201524, 0.3332070532120700035 ) ) ;
#1945 = FILL_AREA_STYLE_COLOUR ( '', #1179 ) ;
#1946 = CARTESIAN_POINT ( 'NONE',  ( 1.275000000000001021, -3.343333333333336377, -0.7154145386391113082 ) ) ;
#1947 = EDGE_LOOP ( 'NONE', ( #1414, #476, #3152, #383 ) ) ;
#1948 = CARTESIAN_POINT ( 'NONE',  ( 7.785697387528199762E-15, -3.135000000000002895, -5.473779318289427209 ) ) ;
#1949 = ORIENTED_EDGE ( 'NONE', *, *, #415, .T. ) ;
#1950 = ADVANCED_FACE ( 'NONE', ( #2062 ), #2788, .T. ) ;
#1951 = CIRCLE ( 'NONE', #2359, 0.1999999999999996503 ) ;
#1952 = CARTESIAN_POINT ( 'NONE',  ( 1.410316468749999386, -4.332916665983873372, -5.366519096915554066 ) ) ;
#1953 = CARTESIAN_POINT ( 'NONE',  ( 1.275000000000001021, -1.218333331967742517, -0.7154145386391113082 ) ) ;
#1954 = AXIS2_PLACEMENT_3D ( 'NONE', #1320, #389, #2118 ) ;
#1955 = CARTESIAN_POINT ( 'NONE',  ( -2.549999999999999822, -1.051666666666669636, -4.396022504722974844 ) ) ;
#1956 = ORIENTED_EDGE ( 'NONE', *, *, #29, .F. ) ;
#1957 = ORIENTED_EDGE ( 'NONE', *, *, #2671, .T. ) ;
#1958 = CARTESIAN_POINT ( 'NONE',  ( -4.549999999999998934, 0.000000000000000000, -5.973779318289428986 ) ) ;
#1959 = LINE ( 'NONE', #2683, #2980 ) ;
#1960 = CARTESIAN_POINT ( 'NONE',  ( -2.820632937499999215, -0.6245833326505396688, -1.295286132538677748 ) ) ;
#1961 = VECTOR ( 'NONE', #1546, 1000.000000000000000 ) ;
#1962 = CARTESIAN_POINT ( 'NONE',  ( 2.549999999999999378, -0.7183333333333363768, -4.396022504722975732 ) ) ;
#1963 = CARTESIAN_POINT ( 'NONE',  ( 2.820632937499999215, -4.020416665983868931, -1.295286132538680635 ) ) ;
#1964 = CARTESIAN_POINT ( 'NONE',  ( -1.274999999999998135, -1.426666666666669636, -0.7154145386391096428 ) ) ;
#1965 = ORIENTED_EDGE ( 'NONE', *, *, #2892, .F. ) ;
#1966 = EDGE_CURVE ( 'NONE', #673, #640, #102, .T. ) ;
#1967 = DIRECTION ( 'NONE',  ( 0.000000000000000000, -0.000000000000000000, -1.000000000000000000 ) ) ;
#1968 = ORIENTED_EDGE ( 'NONE', *, *, #1287, .F. ) ;
#1969 = CARTESIAN_POINT ( 'NONE',  ( -2.820632937499999660, -0.2287499993172062984, -2.923779318289429163 ) ) ;
#1970 = CARTESIAN_POINT ( 'NONE',  ( 2.549999999999999822, -1.634999998634409479, -2.923779318289429607 ) ) ;
#1971 = ORIENTED_EDGE ( 'NONE', *, *, #690, .F. ) ;
#1972 = CARTESIAN_POINT ( 'NONE',  ( 2.549999999999999378, -0.2183333333333363768, -4.396022504722975732 ) ) ;
#1973 = VERTEX_POINT ( 'NONE', #2800 ) ;
#1974 = CARTESIAN_POINT ( 'NONE',  ( -1.410316468749998053, -0.5829166659838730391, -0.4810395396633031506 ) ) ;
#1975 = CARTESIAN_POINT ( 'NONE',  ( -1.477069834873282472, -4.200000000000001066, -0.6149131809596665166 ) ) ;
#1976 = DIRECTION ( 'NONE',  ( 0.000000000000000000, 0.000000000000000000, 1.000000000000000000 ) ) ;
#1977 = CARTESIAN_POINT ( 'NONE',  ( -1.274999999999998135, -3.926666666666669414, -0.7154145386391096428 ) ) ;
#1978 = ORIENTED_EDGE ( 'NONE', *, *, #394, .F. ) ;
#1979 = PLANE ( 'NONE',  #2643 ) ;
#1980 = VERTEX_POINT ( 'NONE', #1326 ) ;
#1981 = EDGE_CURVE ( 'NONE', #2855, #2680, #587, .T. ) ;
#1982 = CIRCLE ( 'NONE', #2134, 0.1999999999999996503 ) ;
#1983 = CARTESIAN_POINT ( 'NONE',  ( -2.820632937499999660, -2.728749999317205965, -2.923779318289429163 ) ) ;
#1984 = CARTESIAN_POINT ( 'NONE',  ( -2.549999999999999822, -3.426666665301075998, -4.396022504722974844 ) ) ;
#1985 = EDGE_LOOP ( 'NONE', ( #490, #2598, #1190, #1769 ) ) ;
#1986 = DIRECTION ( 'NONE',  ( 1.000000000000000000, 0.000000000000000000, 0.000000000000000000 ) ) ;
#1987 = CARTESIAN_POINT ( 'NONE',  ( 1.275000000000001021, -2.218333331967742517, -0.7154145386391113082 ) ) ;
#1988 = ORIENTED_EDGE ( 'NONE', *, *, #2771, .F. ) ;
#1989 = ADVANCED_FACE ( 'NONE', ( #2558 ), #2091, .T. ) ;
#1990 = CARTESIAN_POINT ( 'NONE',  ( -1.664579957626049156, -4.200000000000007283, -0.7334955017881935602 ) ) ;
#1991 = FACE_OUTER_BOUND ( 'NONE', #2214, .T. ) ;
#1992 = DIRECTION ( 'NONE',  ( 0.000000000000000000, 1.000000000000000000, 0.000000000000000000 ) ) ;
#1993 = CARTESIAN_POINT ( 'NONE',  ( 2.549999999999999822, -3.301666666666669414, -1.451536131855884593 ) ) ;
#1994 = VECTOR ( 'NONE', #1847, 1000.000000000000000 ) ;
#1995 = ORIENTED_EDGE ( 'NONE', *, *, #1391, .F. ) ;
#1996 = FACE_OUTER_BOUND ( 'NONE', #759, .T. ) ;
#1997 = ORIENTED_EDGE ( 'NONE', *, *, #2254, .T. ) ;
#1998 = CARTESIAN_POINT ( 'NONE',  ( -1.410316468749997831, -1.645416665983872928, -0.4810395396633035947 ) ) ;
#1999 = CARTESIAN_POINT ( 'NONE',  ( -1.802977905832341484E-16, -3.009999998634409035, -5.868265691156519637 ) ) ;
#2000 = EDGE_CURVE ( 'NONE', #931, #2676, #2502, .T. ) ;
#2001 = CARTESIAN_POINT ( 'NONE',  ( 4.549999999999999822, -1.500000000000000000, -5.973779318289428986 ) ) ;
#2002 = CIRCLE ( 'NONE', #1124, 0.1999999999999996503 ) ;
#2003 = AXIS2_PLACEMENT_3D ( 'NONE', #1600, #386, #3088 ) ;
#2004 = SURFACE_STYLE_FILL_AREA ( #2272 ) ;
#2005 = ORIENTED_EDGE ( 'NONE', *, *, #2331, .T. ) ;
#2006 = CARTESIAN_POINT ( 'NONE',  ( 9.877377282685029372E-16, -3.759999998634409479, -0.3737793182894292299 ) ) ;
#2007 = CYLINDRICAL_SURFACE ( 'NONE', #670, 2.549999999999999822 ) ;
#2008 = CARTESIAN_POINT ( 'NONE',  ( 1.743066579297358403E-15, -1.009999998634409479, -5.473779318289428097 ) ) ;
#2009 = AXIS2_PLACEMENT_3D ( 'NONE', #980, #2167, #1407 ) ;
#2010 = CARTESIAN_POINT ( 'NONE',  ( 2.549999999999999378, -3.218333333333336821, -4.396022504722975732 ) ) ;
#2011 = ORIENTED_EDGE ( 'NONE', *, *, #414, .F. ) ;
#2012 = DIRECTION ( 'NONE',  ( 0.000000000000000000, 0.000000000000000000, 1.000000000000000000 ) ) ;
#2013 = CARTESIAN_POINT ( 'NONE',  ( -1.410316468750000052, -2.312083332650539447, -5.366519096915554066 ) ) ;
#2014 = CARTESIAN_POINT ( 'NONE',  ( 2.549999999999999822, -2.634999998634409479, -2.923779318289429607 ) ) ;
#2015 = CARTESIAN_POINT ( 'NONE',  ( 2.820632937499999215, -1.020416665983868487, -1.295286132538680635 ) ) ;
#2016 = DIRECTION ( 'NONE',  ( 0.000000000000000000, 0.000000000000000000, -1.000000000000000000 ) ) ;
#2017 =( NAMED_UNIT ( * ) PLANE_ANGLE_UNIT ( ) SI_UNIT ( $, .RADIAN. ) );
#2018 = EDGE_CURVE ( 'NONE', #1007, #2946, #1137, .T. ) ;
#2019 = ORIENTED_EDGE ( 'NONE', *, *, #1067, .F. ) ;
#2020 = EDGE_CURVE ( 'NONE', #2706, #2251, #1982, .T. ) ;
#2021 = SPHERICAL_SURFACE ( 'NONE', #2569, 0.2000000000000000111 ) ;
#2022 = DIRECTION ( 'NONE',  ( 0.000000000000000000, 0.5271669878897788930, -0.8497617118223306232 ) ) ;
#2023 = CARTESIAN_POINT ( 'NONE',  ( 0.000000000000000000, 0.000000000000000000, -2.923779318289429163 ) ) ;
#2024 = CARTESIAN_POINT ( 'NONE',  ( 1.410316468750001162, -0.4995833326505396688, -0.4810395396633048715 ) ) ;
#2025 =( BOUNDED_CURVE ( )  B_SPLINE_CURVE ( 2, ( #1913, #2406, #2183, #962, #1182, #2390, #2150, #230, #1707 ),
 .UNSPECIFIED., .F., .T. ) 
 B_SPLINE_CURVE_WITH_KNOTS ( ( 3, 2, 2, 2, 3 ),
 ( 0.7944853541579071088, 0.8037446134171662981, 0.8222631319356847879, 0.8407816504542033886, 0.8500409097134625780 ),
 .UNSPECIFIED. ) 
 CURVE ( )  GEOMETRIC_REPRESENTATION_ITEM ( )  RATIONAL_B_SPLINE_CURVE ( ( 0.9330127018922194093, 0.9330127018922197424, 1.000000000000000000, 0.8660254037844387076, 1.000000000000000000, 0.8660254037844387076, 1.000000000000000000, 0.9330127018922197424, 0.9330127018922194093 ) ) 
 REPRESENTATION_ITEM ( '' )  );
#2026 = VERTEX_POINT ( 'NONE', #137 ) ;
#2027 = DIRECTION ( 'NONE',  ( -1.000000000000000000, 0.000000000000000000, 0.000000000000000000 ) ) ;
#2028 = VERTEX_POINT ( 'NONE', #1105 ) ;
#2029 = CARTESIAN_POINT ( 'NONE',  ( -1.410316468749997831, -3.145416665983872484, -0.4810395396633035947 ) ) ;
#2030 = CARTESIAN_POINT ( 'NONE',  ( 5.408933717497023466E-16, -2.259999998634409479, 0.02070705457766185142 ) ) ;
#2031 = FACE_OUTER_BOUND ( 'NONE', #604, .T. ) ;
#2032 = CARTESIAN_POINT ( 'NONE',  ( -1.883900073259824559, -4.199999999999999289, -4.958350656628256914 ) ) ;
#2033 = ORIENTED_EDGE ( 'NONE', *, *, #3003, .T. ) ;
#2034 = ADVANCED_FACE ( 'NONE', ( #2592 ), #2344, .T. ) ;
#2035 = DIRECTION ( 'NONE',  ( 0.000000000000000000, 1.000000000000000000, 0.000000000000000000 ) ) ;
#2036 = DIRECTION ( 'NONE',  ( 0.000000000000000000, 0.000000000000000000, 1.000000000000000000 ) ) ;
#2037 = DIRECTION ( 'NONE',  ( 0.000000000000000000, 0.000000000000000000, 1.000000000000000000 ) ) ;
#2038 = CARTESIAN_POINT ( 'NONE',  ( 5.982986902088794405E-16, -1.041249999317206409, 0.3332070532120704476 ) ) ;
#2039 = EDGE_CURVE ( 'NONE', #2185, #2893, #1620, .T. ) ;
#2040 = CARTESIAN_POINT ( 'NONE',  ( -2.550000000000000266, -1.551666666666669858, -4.396022504722974844 ) ) ;
#2041 = ORIENTED_EDGE ( 'NONE', *, *, #822, .F. ) ;
#2042 = CARTESIAN_POINT ( 'NONE',  ( 2.820632937499999660, -1.478749999317206409, -2.923779318289429607 ) ) ;
#2043 = CARTESIAN_POINT ( 'NONE',  ( -4.549999999999998934, -0.2000000000000000111, -0.07377931828942961567 ) ) ;
#2044 = AXIS2_PLACEMENT_3D ( 'NONE', #2902, #2886, #1192 ) ;
#2045 = DIRECTION ( 'NONE',  ( 0.000000000000000000, 1.000000000000000000, 0.000000000000000000 ) ) ;
#2046 = ORIENTED_EDGE ( 'NONE', *, *, #2925, .T. ) ;
#2047 = CARTESIAN_POINT ( 'NONE',  ( -1.410316468749998053, -4.082916665983872484, -0.4810395396633031506 ) ) ;
#2048 = CARTESIAN_POINT ( 'NONE',  ( -4.549999999999999822, -4.000000000000000888, -5.862493294094194063 ) ) ;
#2049 = CARTESIAN_POINT ( 'NONE',  ( 7.785697387528199762E-15, -4.009999998634409479, -5.473779318289427209 ) ) ;
#2050 = CYLINDRICAL_SURFACE ( 'NONE', #3040, 0.1999999999999996503 ) ;
#2051 = CIRCLE ( 'NONE', #1071, 0.2000000000000000111 ) ;
#2052 = CARTESIAN_POINT ( 'NONE',  ( -1.994328967362931715E-16, -0.7912499993172064094, -6.180765689790928441 ) ) ;
#2053 = PRODUCT_DEFINITION_SHAPE ( 'NONE', 'NONE',  #1696 ) ;
#2054 = CARTESIAN_POINT ( 'NONE',  ( -1.274999999999998135, -1.426666666666669636, -0.7154145386391096428 ) ) ;
#2055 = EDGE_CURVE ( 'NONE', #2501, #1656, #913, .T. ) ;
#2056 = CARTESIAN_POINT ( 'NONE',  ( 1.274999999999999245, -2.676666666666669858, -5.132144097939748129 ) ) ;
#2057 = CARTESIAN_POINT ( 'NONE',  ( 4.750000000000000000, -1.300000000000000044, -0.07377931828942961567 ) ) ;
#2058 = STYLED_ITEM ( 'NONE', ( #2687 ), #2560 ) ;
#2059 = DIRECTION ( 'NONE',  ( 0.000000000000000000, 1.000000000000000000, 0.000000000000000000 ) ) ;
#2060 = ADVANCED_FACE ( 'NONE', ( #1335 ), #1584, .F. ) ;
#2061 = CARTESIAN_POINT ( 'NONE',  ( 5.982986902088794405E-16, -0.6037499993172018575, 0.3332070532120700035 ) ) ;
#2062 = FACE_OUTER_BOUND ( 'NONE', #1012, .T. ) ;
#2063 = CARTESIAN_POINT ( 'NONE',  ( -1.994328967362931715E-16, -1.853749999317206187, -6.180765689790928441 ) ) ;
#2064 = VERTEX_POINT ( 'NONE', #1860 ) ;
#2065 = CARTESIAN_POINT ( 'NONE',  ( 2.820632937499999215, -2.874583332650539891, -4.552272504040179690 ) ) ;
#2066 = CARTESIAN_POINT ( 'NONE',  ( -1.103942166888327067E-15, -0.3850000000000031730, -0.3737793182894292299 ) ) ;
#2067 =( BOUNDED_CURVE ( )  B_SPLINE_CURVE ( 2, ( #1590, #3042, #2054, #1358, #2576, #2040, #3076, #595, #848 ),
 .UNSPECIFIED., .F., .T. ) 
 B_SPLINE_CURVE_WITH_KNOTS ( ( 3, 2, 2, 2, 3 ),
 ( 0.3055555555555555802, 0.3148148148148148251, 0.3333333333333333148, 0.3518518518518518601, 0.3611111111111111049 ),
 .UNSPECIFIED. ) 
 CURVE ( )  GEOMETRIC_REPRESENTATION_ITEM ( )  RATIONAL_B_SPLINE_CURVE ( ( 0.9330127018922194093, 0.9330127018922195203, 1.000000000000000000, 0.8660254037844387076, 1.000000000000000000, 0.8660254037844387076, 1.000000000000000000, 0.9330127018922194093, 0.9330127018922194093 ) ) 
 REPRESENTATION_ITEM ( '' )  );
#2068 = CARTESIAN_POINT ( 'NONE',  ( -2.813671963144915189, -4.200000000000003730, -3.195243783654540870 ) ) ;
#2069 = LINE ( 'NONE', #845, #723 ) ;
#2070 = CARTESIAN_POINT ( 'NONE',  ( 1.744406584005890215, -4.192006751111307494, -4.861132080304565228 ) ) ;
#2071 = DIRECTION ( 'NONE',  ( 1.000000000000000000, -0.000000000000000000, -0.000000000000000000 ) ) ;
#2072 = CIRCLE ( 'NONE', #693, 0.2000000000000000111 ) ;
#2073 = AXIS2_PLACEMENT_3D ( 'NONE', #2728, #525, #62 ) ;
#2074 = CARTESIAN_POINT ( 'NONE',  ( -1.410316468750000052, -3.812083332650539447, -5.366519096915554066 ) ) ;
#2075 = FACE_OUTER_BOUND ( 'NONE', #1130, .T. ) ;
#2076 = CARTESIAN_POINT ( 'NONE',  ( -2.549999999999998934, -3.468333333333336377, -1.451536131855882372 ) ) ;
#2077 = CARTESIAN_POINT ( 'NONE',  ( -2.820632937499999660, -1.228749999317201969, -2.923779318289429163 ) ) ;
#2078 = CARTESIAN_POINT ( 'NONE',  ( -1.410316468749998053, -0.5829166659838730391, -0.4810395396633031506 ) ) ;
#2079 = CARTESIAN_POINT ( 'NONE',  ( -1.410316468749997831, -2.645416665983872928, -0.4810395396633035947 ) ) ;
#2080 = ORIENTED_EDGE ( 'NONE', *, *, #80, .F. ) ;
#2081 = EDGE_LOOP ( 'NONE', ( #1289, #761, #2128 ) ) ;
#2082 = CARTESIAN_POINT ( 'NONE',  ( -2.820632937499999215, -1.707916665983873150, -4.552272504040178802 ) ) ;
#2083 = CARTESIAN_POINT ( 'NONE',  ( -3.079417623425332942E-15, -1.385000000000002895, -0.3737793182894292299 ) ) ;
#2084 = CONICAL_SURFACE ( 'NONE', #1410, 2.549999999999999822, 0.7853981633974700394 ) ;
#2085 = FACE_OUTER_BOUND ( 'NONE', #2081, .T. ) ;
#2086 = LINE ( 'NONE', #3038, #1217 ) ;
#2087 = DIRECTION ( 'NONE',  ( 0.000000000000000000, 0.000000000000000000, 1.000000000000000000 ) ) ;
#2088 = ADVANCED_FACE ( 'NONE', ( #1099 ), #1890, .F. ) ;
#2089 = CARTESIAN_POINT ( 'NONE',  ( -1.410316468749998053, -2.082916665983872928, -0.4810395396633031506 ) ) ;
#2090 = DIRECTION ( 'NONE',  ( 0.000000000000000000, 0.000000000000000000, 1.000000000000000000 ) ) ;
#2091 = CYLINDRICAL_SURFACE ( 'NONE', #1830, 0.1999999999999996503 ) ;
#2092 = CARTESIAN_POINT ( 'NONE',  ( 2.324088772396477673E-16, -0.5099999986344094793, -5.473779318289429874 ) ) ;
#2093 = CARTESIAN_POINT ( 'NONE',  ( -2.820632937499999215, -2.270416665983868043, -4.552272504040177914 ) ) ;
#2094 = CARTESIAN_POINT ( 'NONE',  ( -1.994328967362931715E-16, -1.791249999317206187, -6.180765689790928441 ) ) ;
#2095 = CARTESIAN_POINT ( 'NONE',  ( 1.410316468750001162, -3.062083332650539447, -0.4810395396633053156 ) ) ;
#2096 = VERTEX_POINT ( 'NONE', #2372 ) ;
#2097 = ORIENTED_EDGE ( 'NONE', *, *, #2867, .F. ) ;
#2098 = CARTESIAN_POINT ( 'NONE',  ( -1.994328967362931715E-16, -1.791249999317206187, -6.180765689790928441 ) ) ;
#2099 = EDGE_CURVE ( 'NONE', #640, #259, #2811, .T. ) ;
#2100 = CARTESIAN_POINT ( 'NONE',  ( 9.877377282685029372E-16, -2.759999998634409035, -0.3737793182894292299 ) ) ;
#2101 = CARTESIAN_POINT ( 'NONE',  ( 4.549999999999999822, -1.700000000000000178, 1.441786509367187330 ) ) ;
#2102 = DIRECTION ( 'NONE',  ( -1.000000000000000000, 0.000000000000000000, 0.000000000000000000 ) ) ;
#2103 = CARTESIAN_POINT ( 'NONE',  ( 4.750000000000000000, -1.700000000000000178, 0.000000000000000000 ) ) ;
#2104 = CARTESIAN_POINT ( 'NONE',  ( -0.6832704406993617141, -1.282329098003669454, -0.3737793182894287303 ) ) ;
#2105 = VECTOR ( 'NONE', #500, 1000.000000000000000 ) ;
#2106 = CARTESIAN_POINT ( 'NONE',  ( 4.549999999999999822, -0.2000000000000000111, -5.773779318289429696 ) ) ;
#2107 = CARTESIAN_POINT ( 'NONE',  ( -4.549999999999998934, -1.394566602422044221, 1.631268339346104268 ) ) ;
#2108 =( BOUNDED_CURVE ( )  B_SPLINE_CURVE ( 2, ( #1683, #721, #467, #1972, #1436, #512, #2682, #240, #1452 ),
 .UNSPECIFIED., .F., .T. ) 
 B_SPLINE_CURVE_WITH_KNOTS ( ( 3, 2, 2, 2, 3 ),
 ( 0.02777777777777777971, 0.03703703703703703498, 0.05555555555555555247, 0.07407407407407406996, 0.08333333333333334259 ),
 .UNSPECIFIED. ) 
 CURVE ( )  GEOMETRIC_REPRESENTATION_ITEM ( )  RATIONAL_B_SPLINE_CURVE ( ( 0.9330127018922194093, 0.9330127018922194093, 1.000000000000000000, 0.8660254037844387076, 1.000000000000000000, 0.8660254037844387076, 1.000000000000000000, 0.9330127018922191873, 0.9330127018922192983 ) ) 
 REPRESENTATION_ITEM ( '' )  );
#2109 = CARTESIAN_POINT ( 'NONE',  ( -2.820632937499998771, -2.187083332650535006, -1.295286132538677970 ) ) ;
#2110 = AXIS2_PLACEMENT_3D ( 'NONE', #1292, #1751, #811 ) ;
#2111 = CARTESIAN_POINT ( 'NONE',  ( -2.820632937500000104, -1.207916665983872928, -4.552272504040178802 ) ) ;
#2112 = CARTESIAN_POINT ( 'NONE',  ( -1.410316468750000052, -1.812083332650539669, -5.366519096915554066 ) ) ;
#2113 = ORIENTED_EDGE ( 'NONE', *, *, #1902, .T. ) ;
#2114 = ORIENTED_EDGE ( 'NONE', *, *, #483, .F. ) ;
#2115 = CARTESIAN_POINT ( 'NONE',  ( 2.820632937499999215, -2.374583332650540335, -4.552272504040179690 ) ) ;
#2116 = CARTESIAN_POINT ( 'NONE',  ( 3.122849337825750419E-16, -0.01000000000000306200, -5.473779318289428986 ) ) ;
#2117 = EDGE_CURVE ( 'NONE', #2026, #1517, #1389, .T. ) ;
#2118 = DIRECTION ( 'NONE',  ( 0.000000000000000000, 0.000000000000000000, 1.000000000000000000 ) ) ;
#2119 = EDGE_CURVE ( 'NONE', #1843, #222, #3011, .T. ) ;
#2120 = CARTESIAN_POINT ( 'NONE',  ( -1.410316468750000274, -3.249583332650539891, -5.366519096915554066 ) ) ;
#2121 = CARTESIAN_POINT ( 'NONE',  ( 0.000000000000000000, -4.200000000000000178, -0.3737793182894293964 ) ) ;
#2122 = ADVANCED_FACE ( 'NONE', ( #2844 ), #2084, .F. ) ;
#2123 = CARTESIAN_POINT ( 'NONE',  ( -1.410316468749997831, -4.145416665983873372, -0.4810395396633035947 ) ) ;
#2124 = CARTESIAN_POINT ( 'NONE',  ( 2.549999999999999822, -3.260000000000002895, -2.923779318289429607 ) ) ;
#2125 = CARTESIAN_POINT ( 'NONE',  ( 1.410316468749999164, -2.895416665983868043, -5.366519096915554066 ) ) ;
#2126 = CARTESIAN_POINT ( 'NONE',  ( -2.820632937500000104, -2.166249999317206409, -2.923779318289429163 ) ) ;
#2127 = CARTESIAN_POINT ( 'NONE',  ( 2.820632937499999215, -1.437083332650539669, -4.552272504040179690 ) ) ;
#2128 = ORIENTED_EDGE ( 'NONE', *, *, #878, .T. ) ;
#2129 = EDGE_LOOP ( 'NONE', ( #1701, #283, #2114, #2160 ) ) ;
#2130 = CARTESIAN_POINT ( 'NONE',  ( -1.994328967362931715E-16, -0.3537499993172063539, -6.180765689790928441 ) ) ;
#2131 = CARTESIAN_POINT ( 'NONE',  ( -4.750000000000000000, -1.700000000000000178, 1.441786509367187330 ) ) ;
#2132 = CARTESIAN_POINT ( 'NONE',  ( -4.549999999999998934, -1.500000000000000000, -6.173779318289428275 ) ) ;
#2133 = CARTESIAN_POINT ( 'NONE',  ( 4.549999999999999822, -0.2000000000000000111, -0.07377931828942961567 ) ) ;
#2134 = AXIS2_PLACEMENT_3D ( 'NONE', #597, #2329, #2851 ) ;
#2135 = CARTESIAN_POINT ( 'NONE',  ( 4.750000000000000000, 0.000000000000000000, 0.000000000000000000 ) ) ;
#2136 = DIRECTION ( 'NONE',  ( -0.000000000000000000, 1.000000000000000000, -0.000000000000000000 ) ) ;
#2137 = EDGE_CURVE ( 'NONE', #71, #2505, #41, .T. ) ;
#2138 = CYLINDRICAL_SURFACE ( 'NONE', #1093, 2.549999999999999822 ) ;
#2139 = CARTESIAN_POINT ( 'NONE',  ( -1.410316468749998053, -3.082916665983872928, -0.4810395396633031506 ) ) ;
#2140 = CARTESIAN_POINT ( 'NONE',  ( 1.929540598584185584, -4.410756725624717767, -5.066744905786037201 ) ) ;
#2141 = ORIENTED_EDGE ( 'NONE', *, *, #3130, .F. ) ;
#2142 = ORIENTED_EDGE ( 'NONE', *, *, #585, .T. ) ;
#2143 = CARTESIAN_POINT ( 'NONE',  ( -0.6832704406993590496, -3.112670900630742921, -5.473779318289429874 ) ) ;
#2144 = VECTOR ( 'NONE', #2586, 1000.000000000000000 ) ;
#2145 = DIRECTION ( 'NONE',  ( -0.000000000000000000, 1.000000000000000000, -0.000000000000000000 ) ) ;
#2146 = CARTESIAN_POINT ( 'NONE',  ( 3.122849337825750419E-16, -4.200000000000000178, -5.473779318289428986 ) ) ;
#2147 = CARTESIAN_POINT ( 'NONE',  ( -2.820632937500000104, -3.666249999317206409, -2.923779318289429163 ) ) ;
#2148 = FACE_OUTER_BOUND ( 'NONE', #2, .T. ) ;
#2149 = CARTESIAN_POINT ( 'NONE',  ( 2.820632937499999215, -3.937083332650535006, -4.552272504040179690 ) ) ;
#2150 = CARTESIAN_POINT ( 'NONE',  ( -1.274999999999998135, -0.4266666666666696917, -0.7154145386391096428 ) ) ;
#2151 = ORIENTED_EDGE ( 'NONE', *, *, #1287, .T. ) ;
#2152 = CARTESIAN_POINT ( 'NONE',  ( 2.324088772396477673E-16, -0.5099999986344094793, -5.473779318289429874 ) ) ;
#2153 = AXIS2_PLACEMENT_3D ( 'NONE', #94, #1116, #132 ) ;
#2154 = EDGE_CURVE ( 'NONE', #685, #3126, #954, .T. ) ;
#2155 = CARTESIAN_POINT ( 'NONE',  ( 2.820632937500000104, -3.874583332650539891, -4.552272504040179690 ) ) ;
#2156 = ADVANCED_FACE ( 'NONE', ( #422 ), #2386, .T. ) ;
#2157 = CARTESIAN_POINT ( 'NONE',  ( 2.281944866497633839, -4.428372871579639103, -4.581699037206775849 ) ) ;
#2158 = CARTESIAN_POINT ( 'NONE',  ( 0.000000000000000000, -4.200000000000000178, -0.3737793182894293964 ) ) ;
#2159 = VERTEX_POINT ( 'NONE', #2858 ) ;
#2160 = ORIENTED_EDGE ( 'NONE', *, *, #1939, .F. ) ;
#2161 = CARTESIAN_POINT ( 'NONE',  ( -7.146572975119167637E-15, -2.885000000000002895, -0.3737793182894292299 ) ) ;
#2162 = DIRECTION ( 'NONE',  ( -1.000000000000000000, 0.000000000000000000, 0.000000000000000000 ) ) ;
#2163 = CARTESIAN_POINT ( 'NONE',  ( 4.549999999999999822, -4.000000000000000888, 0.01493465751533558372 ) ) ;
#2164 = DIRECTION ( 'NONE',  ( 1.000000000000000000, 0.000000000000000000, 0.000000000000000000 ) ) ;
#2165 = LINE ( 'NONE', #2121, #2876 ) ;
#2166 = CARTESIAN_POINT ( 'NONE',  ( 2.820632937499999215, -3.437083332650535006, -4.552272504040179690 ) ) ;
#2167 = DIRECTION ( 'NONE',  ( -1.000000000000000000, 0.000000000000000000, 0.000000000000000000 ) ) ;
#2168 = VERTEX_POINT ( 'NONE', #1145 ) ;
#2169 = FACE_OUTER_BOUND ( 'NONE', #1239, .T. ) ;
#2170 = EDGE_CURVE ( 'NONE', #1656, #2808, #1260, .T. ) ;
#2171 = VERTEX_POINT ( 'NONE', #2131 ) ;
#2172 = CARTESIAN_POINT ( 'NONE',  ( -1.410316468750000052, -0.8120833326505395577, -5.366519096915554066 ) ) ;
#2173 = CARTESIAN_POINT ( 'NONE',  ( 1.275000000000001021, -0.7183333319677428497, -0.7154145386391113082 ) ) ;
#2174 = VERTEX_POINT ( 'NONE', #1629 ) ;
#2175 = ORIENTED_EDGE ( 'NONE', *, *, #437, .T. ) ;
#2176 = CYLINDRICAL_SURFACE ( 'NONE', #4, 2.549999999999999822 ) ;
#2177 = AXIS2_PLACEMENT_3D ( 'NONE', #760, #506, #1737 ) ;
#2178 = CARTESIAN_POINT ( 'NONE',  ( 1.274999999999999245, -3.051666665301075998, -5.132144097939748129 ) ) ;
#2179 = FACE_OUTER_BOUND ( 'NONE', #922, .T. ) ;
#2180 = CARTESIAN_POINT ( 'NONE',  ( -1.994328967362931715E-16, -1.291249999317206187, -6.180765689790928441 ) ) ;
#2181 = DIRECTION ( 'NONE',  ( 0.000000000000000000, 0.000000000000000000, 1.000000000000000000 ) ) ;
#2182 = CARTESIAN_POINT ( 'NONE',  ( 2.549999999999999378, -1.593333331967742961, -4.396022504722975732 ) ) ;
#2183 = CARTESIAN_POINT ( 'NONE',  ( -1.275000000000000133, -0.5933333333333363768, -5.132144097939747240 ) ) ;
#2184 = EDGE_CURVE ( 'NONE', #2715, #1030, #2872, .T. ) ;
#2185 = VERTEX_POINT ( 'NONE', #1648 ) ;
#2186 = CARTESIAN_POINT ( 'NONE',  ( 1.274999999999999245, -2.176666666666669414, -5.132144097939748129 ) ) ;
#2187 = VECTOR ( 'NONE', #2580, 1000.000000000000000 ) ;
#2188 = ORIENTED_EDGE ( 'NONE', *, *, #318, .T. ) ;
#2189 = CARTESIAN_POINT ( 'NONE',  ( -2.820632937500000104, -3.166249999317206409, -2.923779318289429163 ) ) ;
#2190 = CARTESIAN_POINT ( 'NONE',  ( 1.410316468749999164, -3.395416665983872928, -5.366519096915554066 ) ) ;
#2191 = CARTESIAN_POINT ( 'NONE',  ( -1.274999999999998135, -0.9266666666666697472, -0.7154145386391096428 ) ) ;
#2192 = EDGE_LOOP ( 'NONE', ( #497, #2565, #955, #129 ) ) ;
#2193 = VERTEX_POINT ( 'NONE', #2635 ) ;
#2194 = CYLINDRICAL_SURFACE ( 'NONE', #1259, 0.1999999999999996503 ) ;
#2195 = DIRECTION ( 'NONE',  ( 0.000000000000000000, 0.000000000000000000, 1.000000000000000000 ) ) ;
#2196 = EDGE_CURVE ( 'NONE', #2855, #2808, #435, .T. ) ;
#2197 = CARTESIAN_POINT ( 'NONE',  ( -1.994328967362931715E-16, -0.7912499993172064094, -6.180765689790928441 ) ) ;
#2198 = CARTESIAN_POINT ( 'NONE',  ( 1.275000000000001021, -0.8433333333333363768, -0.7154145386391113082 ) ) ;
#2199 = AXIS2_PLACEMENT_3D ( 'NONE', #2133, #709, #2164 ) ;
#2200 = CARTESIAN_POINT ( 'NONE',  ( 1.410316468750001162, -3.062083332650534562, -0.4810395396633053156 ) ) ;
#2201 = CARTESIAN_POINT ( 'NONE',  ( -1.275000000000000133, -3.093333333333336377, -5.132144097939747240 ) ) ;
#2202 = ORIENTED_EDGE ( 'NONE', *, *, #1491, .T. ) ;
#2203 = CARTESIAN_POINT ( 'NONE',  ( -4.549999999999998934, -1.700000000000000178, -7.289345145946046323 ) ) ;
#2204 = ORIENTED_EDGE ( 'NONE', *, *, #63, .F. ) ;
#2205 = AXIS2_PLACEMENT_3D ( 'NONE', #2283, #792, #2775 ) ;
#2206 = VECTOR ( 'NONE', #1103, 1000.000000000000000 ) ;
#2207 = CIRCLE ( 'NONE', #107, 0.1999999999999996503 ) ;
#2208 = CARTESIAN_POINT ( 'NONE',  ( 1.410316468749999164, -0.3954166659838729836, -5.366519096915554066 ) ) ;
#2209 = CARTESIAN_POINT ( 'NONE',  ( 5.982986902088794405E-16, -4.103749999317206409, 0.3332070532120700035 ) ) ;
#2210 = CIRCLE ( 'NONE', #2624, 0.4000000000000001887 ) ;
#2211 = CARTESIAN_POINT ( 'NONE',  ( 2.549999999999999378, -0.7183333333333362658, -4.396022504722975732 ) ) ;
#2212 = EDGE_LOOP ( 'NONE', ( #1971, #603, #1759 ) ) ;
#2213 = CARTESIAN_POINT ( 'NONE',  ( -4.549999999999998934, -4.105433397577956889, 0.1848869998798017555 ) ) ;
#2214 = EDGE_LOOP ( 'NONE', ( #624, #873, #2896, #2151, #2993, #1270 ) ) ;
#2215 = CARTESIAN_POINT ( 'NONE',  ( 1.410316468750001162, -1.499583332650539669, -0.4810395396633048715 ) ) ;
#2216 = PRESENTATION_LAYER_ASSIGNMENT (  '', '', ( #2058 ) ) ;
#2217 = CARTESIAN_POINT ( 'NONE',  ( -0.8691345914518469051, -4.200000000000001954, -0.3575777308115730690 ) ) ;
#2218 = CARTESIAN_POINT ( 'NONE',  ( -1.275000000000000133, -4.093333333333336377, -5.132144097939747240 ) ) ;
#2219 = EDGE_CURVE ( 'NONE', #2168, #970, #447, .T. ) ;
#2220 =( LENGTH_UNIT ( ) NAMED_UNIT ( * ) SI_UNIT ( .MILLI., .METRE. ) );
#2221 = CARTESIAN_POINT ( 'NONE',  ( -1.274999999999998135, -2.426666666666669858, -0.7154145386391096428 ) ) ;
#2222 = ORIENTED_EDGE ( 'NONE', *, *, #1966, .T. ) ;
#2223 = FACE_OUTER_BOUND ( 'NONE', #783, .T. ) ;
#2224 = VERTEX_POINT ( 'NONE', #2083 ) ;
#2225 = CARTESIAN_POINT ( 'NONE',  ( 2.820632937500000104, -2.020416665983872484, -1.295286132538680635 ) ) ;
#2226 = CARTESIAN_POINT ( 'NONE',  ( 2.549999999999999378, -2.593333331967743405, -4.396022504722975732 ) ) ;
#2227 = ORIENTED_EDGE ( 'NONE', *, *, #216, .T. ) ;
#2228 = EDGE_CURVE ( 'NONE', #712, #1973, #1599, .T. ) ;
#2229 = CARTESIAN_POINT ( 'NONE',  ( 4.549999999999999822, -1.805433397577955956, -7.459297488310512314 ) ) ;
#2230 = ORIENTED_EDGE ( 'NONE', *, *, #3046, .F. ) ;
#2231 = AXIS2_PLACEMENT_3D ( 'NONE', #2531, #1281, #2738 ) ;
#2232 = FACE_OUTER_BOUND ( 'NONE', #720, .T. ) ;
#2233 = DIRECTION ( 'NONE',  ( 0.000000000000000000, 0.5271669878897788930, 0.8497617118223306232 ) ) ;
#2234 = CARTESIAN_POINT ( 'NONE',  ( 0.000000000000000000, -4.200000000000000178, -2.923779318289429163 ) ) ;
#2235 = CARTESIAN_POINT ( 'NONE',  ( -2.549999999999999822, -1.510000000000003118, -2.923779318289429163 ) ) ;
#2236 = ORIENTED_EDGE ( 'NONE', *, *, #426, .T. ) ;
#2237 = CYLINDRICAL_SURFACE ( 'NONE', #2177, 0.2000000000000000111 ) ;
#2238 = ORIENTED_EDGE ( 'NONE', *, *, #2797, .T. ) ;
#2239 = EDGE_CURVE ( 'NONE', #1937, #1596, #2108, .T. ) ;
#2240 = VECTOR ( 'NONE', #1702, 1000.000000000000000 ) ;
#2241 = CARTESIAN_POINT ( 'NONE',  ( 2.820632937500000104, -2.520416665983872928, -1.295286132538680635 ) ) ;
#2242 = CARTESIAN_POINT ( 'NONE',  ( -2.549999999999999822, -3.384999998634409479, -2.923779318289429163 ) ) ;
#2243 = CARTESIAN_POINT ( 'NONE',  ( 0.6832704406993636015, -3.737670899265149949, -0.3737793182894296740 ) ) ;
#2244 = DIRECTION ( 'NONE',  ( 0.000000000000000000, -0.5271669878897796702, -0.8497617118223301791 ) ) ;
#2245 = SURFACE_SIDE_STYLE ('',( #2004 ) ) ;
#2246 = VERTEX_POINT ( 'NONE', #21 ) ;
#2247 = CARTESIAN_POINT ( 'NONE',  ( 1.611010550699901067, -4.200000000000000178, -0.9192686552058317861 ) ) ;
#2248 = CARTESIAN_POINT ( 'NONE',  ( -2.550000000000000266, -4.051666666666669414, -4.396022504722974844 ) ) ;
#2249 = CARTESIAN_POINT ( 'NONE',  ( -4.549999999999998934, -4.000000000000000888, 0.01493465751533558372 ) ) ;
#2250 = CARTESIAN_POINT ( 'NONE',  ( 1.275000000000001021, -2.343333333333336377, -0.7154145386391113082 ) ) ;
#2251 = VERTEX_POINT ( 'NONE', #482 ) ;
#2252 = FACE_OUTER_BOUND ( 'NONE', #51, .T. ) ;
#2253 = CARTESIAN_POINT ( 'NONE',  ( 1.410316468750001162, -2.062083332650539447, -0.4810395396633053156 ) ) ;
#2254 = EDGE_CURVE ( 'NONE', #1596, #222, #1940, .T. ) ;
#2255 = CARTESIAN_POINT ( 'NONE',  ( -2.549999999999998934, -1.843333331967742517, -1.451536131855882372 ) ) ;
#2256 = CARTESIAN_POINT ( 'NONE',  ( 3.122849337825750419E-16, -4.200000000000000178, -5.473779318289428986 ) ) ;
#2257 = CYLINDRICAL_SURFACE ( 'NONE', #3093, 0.1999999999999996503 ) ;
#2258 = AXIS2_PLACEMENT_3D ( 'NONE', #2249, #2541, #55 ) ;
#2259 = VECTOR ( 'NONE', #635, 1000.000000000000000 ) ;
#2260 = ORIENTED_EDGE ( 'NONE', *, *, #1688, .T. ) ;
#2261 = CARTESIAN_POINT ( 'NONE',  ( 4.750000000000000000, -1.500000000000000000, 1.801220681710570481 ) ) ;
#2262 = CARTESIAN_POINT ( 'NONE',  ( -4.750000000000000000, -1.300000000000000044, -0.07377931828942961567 ) ) ;
#2263 = MECHANICAL_DESIGN_GEOMETRIC_PRESENTATION_REPRESENTATION (  '', ( #2058 ), #2987 ) ;
#2264 = CARTESIAN_POINT ( 'NONE',  ( 1.274999999999999245, -3.176666666666669858, -5.132144097939748129 ) ) ;
#2265 = EDGE_LOOP ( 'NONE', ( #1715, #2046, #3114, #533 ) ) ;
#2266 = CARTESIAN_POINT ( 'NONE',  ( 4.549999999999999822, -1.699999999999999956, -7.289345145946047211 ) ) ;
#2267 = ORIENTED_EDGE ( 'NONE', *, *, #2536, .T. ) ;
#2268 = CARTESIAN_POINT ( 'NONE',  ( 2.820632937499999215, -2.937083332650539447, -4.552272504040179690 ) ) ;
#2269 = CARTESIAN_POINT ( 'NONE',  ( 2.549999999999999822, -3.676666665301076442, -1.451536131855884593 ) ) ;
#2270 = EDGE_CURVE ( 'NONE', #313, #1736, #185, .T. ) ;
#2271 = CARTESIAN_POINT ( 'NONE',  ( 1.410316468750001162, -1.562083332650535006, -0.4810395396633053156 ) ) ;
#2272 = FILL_AREA_STYLE ('',( #1548 ) ) ;
#2273 = ORIENTED_EDGE ( 'NONE', *, *, #216, .F. ) ;
#2274 = CARTESIAN_POINT ( 'NONE',  ( 4.750000000000000000, -0.2000000000000000111, -0.07377931828942961567 ) ) ;
#2275 = CARTESIAN_POINT ( 'NONE',  ( 4.750000000000000000, -4.105433397577956889, -6.032445636458659166 ) ) ;
#2276 = DIRECTION ( 'NONE',  ( -0.000000000000000000, 1.084202172485504040E-15, 1.000000000000000000 ) ) ;
#2277 = CARTESIAN_POINT ( 'NONE',  ( -2.820632937499999215, -2.124583332650539891, -1.295286132538677748 ) ) ;
#2278 = ORIENTED_EDGE ( 'NONE', *, *, #1588, .T. ) ;
#2279 = LINE ( 'NONE', #87, #2206 ) ;
#2280 = ORIENTED_EDGE ( 'NONE', *, *, #2137, .F. ) ;
#2281 = CARTESIAN_POINT ( 'NONE',  ( 2.820632937500000104, -3.520416665983872484, -1.295286132538680635 ) ) ;
#2282 = CARTESIAN_POINT ( 'NONE',  ( -2.549999999999999822, -3.510000000000003340, -2.923779318289429163 ) ) ;
#2283 = CARTESIAN_POINT ( 'NONE',  ( 4.549999999999999822, -4.000000000000000888, -5.862493294094194063 ) ) ;
#2284 = CARTESIAN_POINT ( 'NONE',  ( -2.463099767470660506, -4.200000000000011724, -4.292992003193089268 ) ) ;
#2285 = ORIENTED_EDGE ( 'NONE', *, *, #2497, .T. ) ;
#2286 = CARTESIAN_POINT ( 'NONE',  ( 2.820632937499999215, -3.374583332650539891, -4.552272504040179690 ) ) ;
#2287 = SPHERICAL_SURFACE ( 'NONE', #973, 0.2000000000000000111 ) ;
#2288 =( BOUNDED_CURVE ( )  B_SPLINE_CURVE ( 2, ( #2831, #1337, #862, #2540, #1616, #3089, #2049 ),
 .UNSPECIFIED., .F., .T. ) 
 B_SPLINE_CURVE_WITH_KNOTS ( ( 3, 2, 2, 3 ),
 ( 0.08584506361654731244, 0.1000408983190462786, 0.1185594168375648794, 0.1278186760968240687 ),
 .UNSPECIFIED. ) 
 CURVE ( )  GEOMETRIC_REPRESENTATION_ITEM ( )  RATIONAL_B_SPLINE_CURVE ( ( 0.9520537797626766885, 0.8972984140006516895, 1.000000000000000000, 0.8660254037844387076, 1.000000000000000000, 0.9330127018922197424, 0.9330127018922194093 ) ) 
 REPRESENTATION_ITEM ( '' )  );
#2289 = CARTESIAN_POINT ( 'NONE',  ( -4.750000000000000000, -4.000000000000000888, 0.1262206817105706036 ) ) ;
#2290 = ADVANCED_FACE ( 'NONE', ( #1223 ), #1104, .T. ) ;
#2291 = CARTESIAN_POINT ( 'NONE',  ( 2.820632937500000548, -2.457916665983873372, -1.295286132538680413 ) ) ;
#2292 = ADVANCED_FACE ( 'NONE', ( #1207 ), #2194, .T. ) ;
#2293 = CARTESIAN_POINT ( 'NONE',  ( 0.000000000000000000, -4.200000000000000178, -0.3737793182894293964 ) ) ;
#2294 = VECTOR ( 'NONE', #2813, 1000.000000000000000 ) ;
#2295 = CARTESIAN_POINT ( 'NONE',  ( -2.820632937499998771, -4.187083332650539447, -1.295286132538677970 ) ) ;
#2296 = CARTESIAN_POINT ( 'NONE',  ( 4.549999999999999822, -4.000000000000000888, 0.01493465751533588730 ) ) ;
#2297 = CARTESIAN_POINT ( 'NONE',  ( -4.549999999999998934, -1.500000000000000000, 0.1262206817105703816 ) ) ;
#2298 = CARTESIAN_POINT ( 'NONE',  ( 1.410316468749999164, -0.3954166659838684317, -5.366519096915554066 ) ) ;
#2299 = DIRECTION ( 'NONE',  ( 0.000000000000000000, 0.000000000000000000, -1.000000000000000000 ) ) ;
#2300 = CARTESIAN_POINT ( 'NONE',  ( -2.820632937500000104, -2.770416665983872484, -4.552272504040177914 ) ) ;
#2301 = EDGE_LOOP ( 'NONE', ( #3008, #1398, #2142, #2451, #1675, #1660, #1722, #37, #1524, #2911, #1709, #19, #66, #2721, #276, #1061, #2204, #419, #2988 ) ) ;
#2302 = CARTESIAN_POINT ( 'NONE',  ( -1.994328967362931715E-16, -2.291249999317206409, -6.180765689790928441 ) ) ;
#2303 = CIRCLE ( 'NONE', #1795, 0.2000000000000000111 ) ;
#2304 = AXIS2_PLACEMENT_3D ( 'NONE', #796, #2812, #558 ) ;
#2305 = FACE_OUTER_BOUND ( 'NONE', #1753, .T. ) ;
#2306 = DIRECTION ( 'NONE',  ( 1.000000000000000000, 0.000000000000000000, 0.000000000000000000 ) ) ;
#2307 = CARTESIAN_POINT ( 'NONE',  ( 0.6832704406993623802, -1.657329099369263092, -5.473779318289429874 ) ) ;
#2308 = CARTESIAN_POINT ( 'NONE',  ( 1.410316468749999386, -0.8329166659838730391, -5.366519096915554066 ) ) ;
#2309 =( BOUNDED_CURVE ( )  B_SPLINE_CURVE ( 2, ( #2161, #3145, #2418, #1662, #224, #175, #2371, #2143, #3128 ),
 .UNSPECIFIED., .F., .F. ) 
 B_SPLINE_CURVE_WITH_KNOTS ( ( 3, 2, 2, 2, 3 ),
 ( 0.6388888888888889506, 0.6481481481481481399, 0.6666666666666666297, 0.6851851851851852304, 0.6944444444444445308 ),
 .UNSPECIFIED. ) 
 CURVE ( )  GEOMETRIC_REPRESENTATION_ITEM ( )  RATIONAL_B_SPLINE_CURVE ( ( 0.9330127018922194093, 0.9330127018922197424, 1.000000000000000000, 0.8660254037844387076, 1.000000000000000000, 0.8660254037844387076, 1.000000000000000000, 0.9330127018922189652, 0.9330127018922194093 ) ) 
 REPRESENTATION_ITEM ( '' )  );
#2310 = EDGE_CURVE ( 'NONE', #1030, #3126, #991, .T. ) ;
#2311 = DIRECTION ( 'NONE',  ( 0.000000000000000000, 0.000000000000000000, -1.000000000000000000 ) ) ;
#2312 = CARTESIAN_POINT ( 'NONE',  ( 1.275000000000001021, -2.843333333333336377, -0.7154145386391113082 ) ) ;
#2313 = CARTESIAN_POINT ( 'NONE',  ( -2.549999999999998934, -1.843333331967742961, -1.451536131855882372 ) ) ;
#2314 = CARTESIAN_POINT ( 'NONE',  ( -0.6832704406993617141, -3.407329099369263314, -0.3737793182894287303 ) ) ;
#2315 = CARTESIAN_POINT ( 'NONE',  ( -2.820632937499999215, -0.2704166659838684317, -4.552272504040177914 ) ) ;
#2316 = CARTESIAN_POINT ( 'NONE',  ( -1.410316468750000274, -0.7495833326505395577, -5.366519096915554066 ) ) ;
#2317 = CARTESIAN_POINT ( 'NONE',  ( -2.820632937500000104, -1.270416665983872928, -4.552272504040177914 ) ) ;
#2318 = EDGE_CURVE ( 'NONE', #1906, #2501, #1467, .T. ) ;
#2319 = VERTEX_POINT ( 'NONE', #2229 ) ;
#2320 = ORIENTED_EDGE ( 'NONE', *, *, #85, .F. ) ;
#2321 = CARTESIAN_POINT ( 'NONE',  ( 2.820632937500000104, -3.916249999317206409, -2.923779318289429607 ) ) ;
#2322 = CARTESIAN_POINT ( 'NONE',  ( -2.820632937500000104, -0.1662499993172063262, -2.923779318289429163 ) ) ;
#2323 = CARTESIAN_POINT ( 'NONE',  ( -2.767315164617569767, -4.200000000000223999, -2.260590308675801019 ) ) ;
#2324 = DIRECTION ( 'NONE',  ( -1.000000000000000000, 0.000000000000000000, 0.000000000000000000 ) ) ;
#2325 = B_SPLINE_CURVE_WITH_KNOTS ( 'NONE', 1,
 ( #1100, #592 ),
 .UNSPECIFIED., .F., .F.,
 ( 2, 2 ),
 ( 0.000000000000000000, 1.000000000000000000 ),
 .UNSPECIFIED. ) ;
#2326 = CARTESIAN_POINT ( 'NONE',  ( -1.410316468749998053, -0.5829166659838730391, -0.4810395396633031506 ) ) ;
#2327 = UNCERTAINTY_MEASURE_WITH_UNIT (LENGTH_MEASURE( 1.000000000000000082E-05 ), #2220, 'distance_accuracy_value', 'NONE');
#2328 = DIRECTION ( 'NONE',  ( -0.000000000000000000, 1.000000000000000000, -0.000000000000000000 ) ) ;
#2329 = DIRECTION ( 'NONE',  ( 0.000000000000000000, -1.000000000000000000, -0.000000000000000000 ) ) ;
#2330 = FACE_OUTER_BOUND ( 'NONE', #1459, .T. ) ;
#2331 = EDGE_CURVE ( 'NONE', #2096, #738, #2903, .T. ) ;
#2332 = CARTESIAN_POINT ( 'NONE',  ( 0.000000000000000000, -4.200000000000000178, -2.923779318289429163 ) ) ;
#2333 = CARTESIAN_POINT ( 'NONE',  ( -1.994328967362931715E-16, -0.7912499993172064094, -6.180765689790928441 ) ) ;
#2334 = CARTESIAN_POINT ( 'NONE',  ( 2.820632937499999215, -2.937083332650539447, -4.552272504040179690 ) ) ;
#2335 = ORIENTED_EDGE ( 'NONE', *, *, #2771, .T. ) ;
#2336 = ORIENTED_EDGE ( 'NONE', *, *, #895, .T. ) ;
#2337 = CARTESIAN_POINT ( 'NONE',  ( -1.410316468749998053, -2.082916665983872928, -0.4810395396633031506 ) ) ;
#2338 = DIRECTION ( 'NONE',  ( 0.000000000000000000, 0.000000000000000000, -1.000000000000000000 ) ) ;
#2339 = VECTOR ( 'NONE', #1605, 1000.000000000000000 ) ;
#2340 = FACE_OUTER_BOUND ( 'NONE', #1294, .T. ) ;
#2341 = DIRECTION ( 'NONE',  ( 0.000000000000000000, 0.000000000000000000, -1.000000000000000000 ) ) ;
#2342 = FACE_OUTER_BOUND ( 'NONE', #776, .T. ) ;
#2343 = CARTESIAN_POINT ( 'NONE',  ( 1.410316468749999386, -1.832916665983872928, -5.366519096915554066 ) ) ;
#2344 = SPHERICAL_SURFACE ( 'NONE', #2804, 0.2000000000000000111 ) ;
#2345 = CYLINDRICAL_SURFACE ( 'NONE', #816, 0.1999999999999996503 ) ;
#2346 = CARTESIAN_POINT ( 'NONE',  ( -1.410316468749997831, -1.645416665983868265, -0.4810395396633035947 ) ) ;
#2347 = EDGE_CURVE ( 'NONE', #1756, #2676, #1674, .T. ) ;
#2348 = CARTESIAN_POINT ( 'NONE',  ( 1.410316468749999386, -1.332916665983872928, -5.366519096915554066 ) ) ;
#2349 = EDGE_CURVE ( 'NONE', #128, #259, #20, .T. ) ;
#2350 = CIRCLE ( 'NONE', #2199, 0.1999999999999996503 ) ;
#2351 = ADVANCED_FACE ( 'NONE', ( #1417 ), #689, .F. ) ;
#2352 = CARTESIAN_POINT ( 'NONE',  ( 5.982986902088794405E-16, -0.6037499993172064094, 0.3332070532120700035 ) ) ;
#2353 = ORIENTED_EDGE ( 'NONE', *, *, #2117, .T. ) ;
#2354 = ORIENTED_EDGE ( 'NONE', *, *, #2465, .F. ) ;
#2355 = CARTESIAN_POINT ( 'NONE',  ( -2.820632937499999215, -3.707916665983872928, -4.552272504040178802 ) ) ;
#2356 = CARTESIAN_POINT ( 'NONE',  ( 2.550000000000000266, -2.676666665301075998, -1.451536131855884593 ) ) ;
#2357 = CARTESIAN_POINT ( 'NONE',  ( -4.750000000000000000, -1.300000000000000044, -6.173779318289428275 ) ) ;
#2358 = CARTESIAN_POINT ( 'NONE',  ( -3.079417623425332942E-15, -2.259999998634409479, -0.3737793182894292299 ) ) ;
#2359 = AXIS2_PLACEMENT_3D ( 'NONE', #1055, #3024, #329 ) ;
#2360 = CARTESIAN_POINT ( 'NONE',  ( 5.982986902088794405E-16, -4.041249999317206409, 0.3332070532120704476 ) ) ;
#2361 = CARTESIAN_POINT ( 'NONE',  ( -2.549999999999998934, -3.843333331967742961, -1.451536131855882372 ) ) ;
#2362 = VECTOR ( 'NONE', #909, 1000.000000000000000 ) ;
#2363 = CARTESIAN_POINT ( 'NONE',  ( 2.281939981331421841, -4.428372627378243997, -4.581705761082060846 ) ) ;
#2364 = CARTESIAN_POINT ( 'NONE',  ( -1.275000000000000133, -0.4683333319677427942, -5.132144097939747240 ) ) ;
#2365 = CARTESIAN_POINT ( 'NONE',  ( -2.820632937499999215, -2.770416665983867599, -4.552272504040177914 ) ) ;
#2366 = AXIS2_PLACEMENT_3D ( 'NONE', #1483, #1731, #2713 ) ;
#2367 = CARTESIAN_POINT ( 'NONE',  ( -1.994328967362931715E-16, -1.291249999317206409, -6.180765689790928441 ) ) ;
#2368 = CARTESIAN_POINT ( 'NONE',  ( -1.994328967362931715E-16, -2.353749999317205965, -6.180765689790928441 ) ) ;
#2369 = VERTEX_POINT ( 'NONE', #1175 ) ;
#2370 = ORIENTED_EDGE ( 'NONE', *, *, #2968, .F. ) ;
#2371 = CARTESIAN_POINT ( 'NONE',  ( -1.275000000000000133, -3.093333333333336377, -5.132144097939747240 ) ) ;
#2372 = CARTESIAN_POINT ( 'NONE',  ( -4.549999999999998934, -1.300000000000000044, -5.973779318289428986 ) ) ;
#2373 = CARTESIAN_POINT ( 'NONE',  ( -3.486133158594716510E-16, -2.009999998634409479, -5.473779318289427209 ) ) ;
#2374 = ADVANCED_FACE ( 'NONE', ( #1664 ), #2650, .T. ) ;
#2375 = CARTESIAN_POINT ( 'NONE',  ( 2.820632937500000548, -3.457916665983873372, -1.295286132538680413 ) ) ;
#2376 = DIRECTION ( 'NONE',  ( -1.000000000000000000, 0.000000000000000000, 0.000000000000000000 ) ) ;
#2377 = CARTESIAN_POINT ( 'NONE',  ( 1.274999999999999245, -0.5516666653010761090, -5.132144097939748129 ) ) ;
#2378 = CARTESIAN_POINT ( 'NONE',  ( -1.410316468749998053, -3.582916665983872928, -0.4810395396633031506 ) ) ;
#2379 = CARTESIAN_POINT ( 'NONE',  ( 1.274999999999999245, -1.551666665301075998, -5.132144097939748129 ) ) ;
#2380 = ORIENTED_EDGE ( 'NONE', *, *, #233, .T. ) ;
#2381 = ORIENTED_EDGE ( 'NONE', *, *, #1127, .F. ) ;
#2382 = CARTESIAN_POINT ( 'NONE',  ( -3.079417623425332942E-15, -2.259999998634409479, -0.3737793182894292299 ) ) ;
#2383 = DIRECTION ( 'NONE',  ( -1.000000000000000000, 0.000000000000000000, 0.000000000000000000 ) ) ;
#2384 = CARTESIAN_POINT ( 'NONE',  ( 4.549999999999999822, -1.500000000000000000, 0.1262206817105703816 ) ) ;
#2385 = CARTESIAN_POINT ( 'NONE',  ( -1.410316468750000274, -4.249583332650539447, -5.366519096915554066 ) ) ;
#2386 = TOROIDAL_SURFACE ( 'NONE', #1153, 0.4000000000000000222, 0.2000000000000000111 ) ;
#2387 = FACE_OUTER_BOUND ( 'NONE', #186, .T. ) ;
#2388 = EDGE_CURVE ( 'NONE', #2952, #1776, #2466, .T. ) ;
#2389 = CARTESIAN_POINT ( 'NONE',  ( 2.820632937499999660, -3.478749999317201524, -2.923779318289429607 ) ) ;
#2390 = CARTESIAN_POINT ( 'NONE',  ( -2.549999999999998934, -0.4683333333333364323, -1.451536131855882372 ) ) ;
#2391 = EDGE_CURVE ( 'NONE', #1611, #1931, #2521, .T. ) ;
#2392 = ORIENTED_EDGE ( 'NONE', *, *, #2184, .T. ) ;
#2393 = DIRECTION ( 'NONE',  ( -0.000000000000000000, -0.8497617118223305122, 0.5271669878897791151 ) ) ;
#2394 =( BOUNDED_CURVE ( )  B_SPLINE_CURVE ( 2, ( #1943, #1162, #1440, #1878, #3149, #2605, #1929, #2654, #455 ),
 .UNSPECIFIED., .F., .T. ) 
 B_SPLINE_CURVE_WITH_KNOTS ( ( 3, 2, 2, 2, 3 ),
 ( 0.7944853427634908094, 0.8037446020227499988, 0.8222631205412684885, 0.8407816390597870893, 0.8500408983190462786 ),
 .UNSPECIFIED. ) 
 CURVE ( )  GEOMETRIC_REPRESENTATION_ITEM ( )  RATIONAL_B_SPLINE_CURVE ( ( 0.9330127018922194093, 0.9330127018922197424, 1.000000000000000000, 0.8660254037844387076, 1.000000000000000000, 0.8660254037844387076, 1.000000000000000000, 0.9330127018922197424, 0.9330127018922194093 ) ) 
 REPRESENTATION_ITEM ( '' )  );
#2395 = CARTESIAN_POINT ( 'NONE',  ( -2.820632937499999660, -0.7287499993172062984, -2.923779318289429163 ) ) ;
#2396 = CARTESIAN_POINT ( 'NONE',  ( 5.982986902088794405E-16, -3.603749999317205965, 0.3332070532120700035 ) ) ;
#2397 = ORIENTED_EDGE ( 'NONE', *, *, #648, .F. ) ;
#2398 = ORIENTED_EDGE ( 'NONE', *, *, #3161, .F. ) ;
#2399 = LINE ( 'NONE', #907, #256 ) ;
#2400 = VECTOR ( 'NONE', #702, 1000.000000000000000 ) ;
#2401 = CARTESIAN_POINT ( 'NONE',  ( 4.750000000000000000, -0.2000000000000000111, -0.07377931828942961567 ) ) ;
#2402 = DIRECTION ( 'NONE',  ( 0.000000000000000000, -0.8497617118223306232, -0.5271669878897788930 ) ) ;
#2403 = CARTESIAN_POINT ( 'NONE',  ( 1.410316468750001162, -3.999583332650539003, -0.4810395396633048715 ) ) ;
#2404 = FACE_BOUND ( 'NONE', #1037, .T. ) ;
#2405 = CARTESIAN_POINT ( 'NONE',  ( -4.549999999999998934, -1.500000000000000000, -7.289345145946046323 ) ) ;
#2406 = CARTESIAN_POINT ( 'NONE',  ( -0.6832704406993668211, -0.6126709006307426986, -5.473779318289425433 ) ) ;
#2407 = VECTOR ( 'NONE', #894, 1000.000000000000000 ) ;
#2408 = EDGE_LOOP ( 'NONE', ( #956, #2370, #1081, #2870 ) ) ;
#2409 = DIRECTION ( 'NONE',  ( 1.000000000000000000, 0.000000000000000000, -0.000000000000000000 ) ) ;
#2410 = AXIS2_PLACEMENT_3D ( 'NONE', #3002, #1748, #742 ) ;
#2411 = ORIENTED_EDGE ( 'NONE', *, *, #1981, .F. ) ;
#2412 = CARTESIAN_POINT ( 'NONE',  ( 2.820632937500000548, -2.957916665983873372, -1.295286132538680413 ) ) ;
#2413 = CARTESIAN_POINT ( 'NONE',  ( -2.549999999999999822, -0.9266666653010761090, -4.396022504722974844 ) ) ;
#2414 = CARTESIAN_POINT ( 'NONE',  ( -2.549999999999999822, -1.010000000000003118, -2.923779318289429163 ) ) ;
#2415 = EDGE_LOOP ( 'NONE', ( #1549, #2698, #681, #1197 ) ) ;
#2416 = EDGE_LOOP ( 'NONE', ( #1097, #1886, #2019, #2516 ) ) ;
#2417 = AXIS2_PLACEMENT_3D ( 'NONE', #3151, #711, #1690 ) ;
#2418 = CARTESIAN_POINT ( 'NONE',  ( -1.274999999999998135, -2.926666666666669414, -0.7154145386391096428 ) ) ;
#2419 = DIRECTION ( 'NONE',  ( 0.000000000000000000, 0.000000000000000000, 1.000000000000000000 ) ) ;
#2420 = ADVANCED_FACE ( 'NONE', ( #1036 ), #2488, .T. ) ;
#2421 = DIRECTION ( 'NONE',  ( 0.000000000000000000, -0.8497617118223306232, -0.5271669878897788930 ) ) ;
#2422 = CARTESIAN_POINT ( 'NONE',  ( 1.410316468750001162, -0.9995833326505395577, -0.4810395396633048715 ) ) ;
#2423 = CARTESIAN_POINT ( 'NONE',  ( -4.549999999999999822, -0.2000000000000000111, -5.773779318289429696 ) ) ;
#2424 = CARTESIAN_POINT ( 'NONE',  ( 1.410316468749999164, -3.895416665983868487, -5.366519096915554066 ) ) ;
#2425 = CARTESIAN_POINT ( 'NONE',  ( -1.103942166888326870E-15, -0.8850000000000031175, -0.3737793182894292299 ) ) ;
#2426 = ORIENTED_EDGE ( 'NONE', *, *, #2391, .T. ) ;
#2427 = CARTESIAN_POINT ( 'NONE',  ( 4.549999999999999822, -1.700000000000000178, 1.441786509367187330 ) ) ;
#2428 = ORIENTED_EDGE ( 'NONE', *, *, #521, .T. ) ;
#2429 = CARTESIAN_POINT ( 'NONE',  ( -2.820632937500000104, -3.707916665983872928, -4.552272504040178802 ) ) ;
#2430 = ADVANCED_FACE ( 'NONE', ( #77 ), #1048, .T. ) ;
#2431 = CARTESIAN_POINT ( 'NONE',  ( 2.549999999999999822, -1.176666665301076220, -1.451536131855884593 ) ) ;
#2432 = CARTESIAN_POINT ( 'NONE',  ( -1.275000000000000133, -0.5933333333333363768, -5.132144097939747240 ) ) ;
#2433 = EDGE_CURVE ( 'NONE', #222, #1762, #1792, .T. ) ;
#2434 = CARTESIAN_POINT ( 'NONE',  ( 1.275000000000001021, -3.718333331967742517, -0.7154145386391113082 ) ) ;
#2435 = ORIENTED_EDGE ( 'NONE', *, *, #915, .F. ) ;
#2436 =( BOUNDED_SURFACE ( )  B_SPLINE_SURFACE ( 1, 2, ( 
 ( #2649, #1174, #1144, #2130, #1400, #855, #3049, #3067, #1331, #2352, #416, #1841, #2806, #172, #889, #840, #1580, #2822, #2596, #2564, #3082, #1128, #1609, #3100, #602, #2317, #1141, #622, #367, #2127, #399, #380, #1595, #1365, #1564, #158, #1384, #352, #2112, #2063, #1871, #142, #586, #2854, #654, #1812, #1625, #871, #1857, #2613, #2581, #2368, #2550, #3112, #127, #1095, #2791, #1314, #2079, #2840, #1349, #2300, #1826, #110, #638, #2334, #1078, #1111, #2095, #952, #2695, #2934, #717, #2678, #918, #2898, #2190, #684, #431, #220, #1904, #2396, #1644, #735, #3141, #2883, #1188, #701, #669, #1713, #1429, #2915, #1659, #2209, #252, #236, #936, #1918, #2646, #1678, #2662, #2140, #2157 ),
 ( #446, #2448, #3174, #3125, #1413, #462, #1697, #200, #2173, #1200, #478, #968, #1170, #2413, #1219, #3156, #1935, #904, #1448, #2431, #1953, #494, #2630, #1463, #1885, #1397, #2868, #1155, #2379, #184, #1970, #75, #2758, #18, #2518, #2255, #61, #791, #2983, #1527, #2951, #1788, #763, #1741, #568, #2030, #2486, #1269, #2727, #332, #1241, #1298, #1034, #2226, #2014, #47, #2998, #1773, #2773, #3013, #552, #317, #34, #1999, #1284, #2965, #2710, #2504, #1003, #1499, #749, #804, #2242, #1984, #301, #779, #1727, #1543, #537, #2269, #524, #988, #2533, #1046, #1017, #1758, #286, #2741, #2471, #509, #1256, #1481, #1512, #272, #123, #835, #2789, #1090, #582, #1328, #599, #2802, #852 ) ),
 .UNSPECIFIED., .F., .F., .T. ) 
 B_SPLINE_SURFACE_WITH_KNOTS ( ( 2, 2 ),
 ( 3, 2, 2, 2, 2, 2, 2, 2, 2, 2, 2, 2, 2, 2, 2, 2, 2, 2, 2, 2, 2, 2, 2, 2, 2, 2, 2, 2, 2, 2, 2, 2, 2, 2, 2, 2, 2, 2, 2, 2, 2, 2, 2, 2, 2, 2, 2, 2, 2, 2, 2, 3 ),
 ( 0.000000000000000000, 1.000000000000000000 ),
 ( 0.000000000000000000, 0.01851851851851851749, 0.03703703703703703498, 0.05555555555555555247, 0.07407407407407406996, 0.09259259259259258745, 0.1111111111111111049, 0.1296296296296296224, 0.1481481481481481399, 0.1666666666666666574, 0.1851851851851851749, 0.2037037037037036924, 0.2222222222222222099, 0.2407407407407407274, 0.2592592592592592449, 0.2777777777777777901, 0.2962962962962962798, 0.3148148148148148251, 0.3333333333333333148, 0.3518518518518518601, 0.3703703703703703498, 0.3888888888888888951, 0.4074074074074073848, 0.4259259259259259300, 0.4444444444444444198, 0.4629629629629629650, 0.4814814814814814548, 0.5000000000000000000, 0.5185185185185184897, 0.5370370370370370905, 0.5555555555555555802, 0.5740740740740740700, 0.5925925925925925597, 0.6111111111111111605, 0.6296296296296296502, 0.6481481481481481399, 0.6666666666666666297, 0.6851851851851852304, 0.7037037037037037202, 0.7222222222222222099, 0.7407407407407406996, 0.7592592592592593004, 0.7777777777777777901, 0.7962962962962962798, 0.8148148148148147696, 0.8333333333333333703, 0.8518518518518518601, 0.8703703703703703498, 0.8888888888888888395, 0.9074074074074074403, 0.9259259259259259300, 0.9333742316523796489 ),
 .UNSPECIFIED. ) 
 GEOMETRIC_REPRESENTATION_ITEM ( )  RATIONAL_B_SPLINE_SURFACE ( (
 ( 1.000000000000000000, 0.8660254037844387076, 1.000000000000000000, 0.8660254037844387076, 1.000000000000000000, 0.8660254037844387076, 1.000000000000000000, 0.8660254037844387076, 1.000000000000000000, 0.8660254037844387076, 1.000000000000000000, 0.8660254037844387076, 1.000000000000000000, 0.8660254037844387076, 1.000000000000000000, 0.8660254037844387076, 1.000000000000000000, 0.8660254037844387076, 1.000000000000000000, 0.8660254037844387076, 1.000000000000000000, 0.8660254037844387076, 1.000000000000000000, 0.8660254037844387076, 1.000000000000000000, 0.8660254037844387076, 1.000000000000000000, 0.8660254037844387076, 1.000000000000000000, 0.8660254037844387076, 1.000000000000000000, 0.8660254037844387076, 1.000000000000000000, 0.8660254037844387076, 1.000000000000000000, 0.8660254037844387076, 1.000000000000000000, 0.8660254037844387076, 1.000000000000000000, 0.8660254037844387076, 1.000000000000000000, 0.8660254037844387076, 1.000000000000000000, 0.8660254037844387076, 1.000000000000000000, 0.8660254037844387076, 1.000000000000000000, 0.8660254037844387076, 1.000000000000000000, 0.8660254037844387076, 1.000000000000000000, 0.8660254037844387076, 1.000000000000000000, 0.8660254037844387076, 1.000000000000000000, 0.8660254037844387076, 1.000000000000000000, 0.8660254037844387076, 1.000000000000000000, 0.8660254037844387076, 1.000000000000000000, 0.8660254037844387076, 1.000000000000000000, 0.8660254037844387076, 1.000000000000000000, 0.8660254037844387076, 1.000000000000000000, 0.8660254037844387076, 1.000000000000000000, 0.8660254037844387076, 1.000000000000000000, 0.8660254037844387076, 1.000000000000000000, 0.8660254037844387076, 1.000000000000000000, 0.8660254037844387076, 1.000000000000000000, 0.8660254037844387076, 1.000000000000000000, 0.8660254037844387076, 1.000000000000000000, 0.8660254037844387076, 1.000000000000000000, 0.8660254037844387076, 1.000000000000000000, 0.8660254037844387076, 1.000000000000000000, 0.8660254037844387076, 1.000000000000000000, 0.8660254037844387076, 1.000000000000000000, 0.8660254037844387076, 1.000000000000000000, 0.8660254037844387076, 1.000000000000000000, 0.8660254037844387076, 1.000000000000000000, 0.8660254037844387076, 1.000000000000000000, 0.8660254037844387076, 1.000000000000000000, 0.9461142773816486606, 0.9355751470893525212),
 ( 1.000000000000000000, 0.8660254037844387076, 1.000000000000000000, 0.8660254037844387076, 1.000000000000000000, 0.8660254037844387076, 1.000000000000000000, 0.8660254037844387076, 1.000000000000000000, 0.8660254037844387076, 1.000000000000000000, 0.8660254037844387076, 1.000000000000000000, 0.8660254037844387076, 1.000000000000000000, 0.8660254037844387076, 1.000000000000000000, 0.8660254037844387076, 1.000000000000000000, 0.8660254037844387076, 1.000000000000000000, 0.8660254037844387076, 1.000000000000000000, 0.8660254037844387076, 1.000000000000000000, 0.8660254037844387076, 1.000000000000000000, 0.8660254037844387076, 1.000000000000000000, 0.8660254037844387076, 1.000000000000000000, 0.8660254037844387076, 1.000000000000000000, 0.8660254037844387076, 1.000000000000000000, 0.8660254037844387076, 1.000000000000000000, 0.8660254037844387076, 1.000000000000000000, 0.8660254037844387076, 1.000000000000000000, 0.8660254037844387076, 1.000000000000000000, 0.8660254037844387076, 1.000000000000000000, 0.8660254037844387076, 1.000000000000000000, 0.8660254037844387076, 1.000000000000000000, 0.8660254037844387076, 1.000000000000000000, 0.8660254037844387076, 1.000000000000000000, 0.8660254037844387076, 1.000000000000000000, 0.8660254037844387076, 1.000000000000000000, 0.8660254037844387076, 1.000000000000000000, 0.8660254037844387076, 1.000000000000000000, 0.8660254037844387076, 1.000000000000000000, 0.8660254037844387076, 1.000000000000000000, 0.8660254037844387076, 1.000000000000000000, 0.8660254037844387076, 1.000000000000000000, 0.8660254037844387076, 1.000000000000000000, 0.8660254037844387076, 1.000000000000000000, 0.8660254037844387076, 1.000000000000000000, 0.8660254037844387076, 1.000000000000000000, 0.8660254037844387076, 1.000000000000000000, 0.8660254037844387076, 1.000000000000000000, 0.8660254037844387076, 1.000000000000000000, 0.8660254037844387076, 1.000000000000000000, 0.8660254037844387076, 1.000000000000000000, 0.8660254037844387076, 1.000000000000000000, 0.8660254037844387076, 1.000000000000000000, 0.8660254037844387076, 1.000000000000000000, 0.8660254037844387076, 1.000000000000000000, 0.8660254037844387076, 1.000000000000000000, 0.8660254037844387076, 1.000000000000000000, 0.8660254037844387076, 1.000000000000000000, 0.9461142773816486606, 0.9355751470893525212) ) ) 
 REPRESENTATION_ITEM ( '' )  SURFACE ( )  );
#2437 = CARTESIAN_POINT ( 'NONE',  ( 2.550000000000000266, -3.176666665301076886, -1.451536131855884593 ) ) ;
#2438 = CARTESIAN_POINT ( 'NONE',  ( -3.079417623425332942E-15, -1.385000000000002895, -0.3737793182894292299 ) ) ;
#2439 = CARTESIAN_POINT ( 'NONE',  ( 2.820632937499999215, -0.3745833326505396688, -4.552272504040179690 ) ) ;
#2440 = CARTESIAN_POINT ( 'NONE',  ( -4.549999999999998934, 0.000000000000000000, -0.07377931828942961567 ) ) ;
#2441 = CARTESIAN_POINT ( 'NONE',  ( -2.820632937499999660, -3.728749999317201969, -2.923779318289429163 ) ) ;
#2442 =( NAMED_UNIT ( * ) SI_UNIT ( $, .STERADIAN. ) SOLID_ANGLE_UNIT ( ) );
#2443 = CARTESIAN_POINT ( 'NONE',  ( -2.549999999999998934, -1.968333333333336155, -1.451536131855882372 ) ) ;
#2444 = ORIENTED_EDGE ( 'NONE', *, *, #394, .T. ) ;
#2445 = CARTESIAN_POINT ( 'NONE',  ( -4.549999999999998934, -1.500000000000000000, 1.801220681710570481 ) ) ;
#2446 = ORIENTED_EDGE ( 'NONE', *, *, #2349, .F. ) ;
#2447 = CARTESIAN_POINT ( 'NONE',  ( 2.820632937500000104, -3.916249999317206409, -2.923779318289429607 ) ) ;
#2448 = CARTESIAN_POINT ( 'NONE',  ( -2.549999999999999822, -0.4266666653010761090, -4.396022504722974844 ) ) ;
#2449 = CARTESIAN_POINT ( 'NONE',  ( 2.549999999999999822, -0.3016666666666696361, -1.451536131855884593 ) ) ;
#2450 = DIRECTION ( 'NONE',  ( -1.000000000000000000, 0.000000000000000000, 0.000000000000000000 ) ) ;
#2451 = ORIENTED_EDGE ( 'NONE', *, *, #1828, .F. ) ;
#2452 = ADVANCED_FACE ( 'NONE', ( #1022 ), #1760, .F. ) ;
#2453 = ADVANCED_FACE ( 'NONE', ( #351 ), #1059, .T. ) ;
#2454 = DIRECTION ( 'NONE',  ( 0.000000000000000000, 0.000000000000000000, 1.000000000000000000 ) ) ;
#2455 = LINE ( 'NONE', #2940, #1536 ) ;
#2456 = ORIENTED_EDGE ( 'NONE', *, *, #3003, .F. ) ;
#2457 = CARTESIAN_POINT ( 'NONE',  ( -2.820632937500000104, -0.1662499993172063262, -2.923779318289429163 ) ) ;
#2458 = CARTESIAN_POINT ( 'NONE',  ( 0.4443272281202345630, -4.200000000000002842, -0.3227521951184770255 ) ) ;
#2459 = CIRCLE ( 'NONE', #557, 0.1999999999999996503 ) ;
#2460 = CYLINDRICAL_SURFACE ( 'NONE', #814, 0.1999999999999996503 ) ;
#2461 = DIRECTION ( 'NONE',  ( 0.000000000000000000, 0.000000000000000000, 1.000000000000000000 ) ) ;
#2462 = CARTESIAN_POINT ( 'NONE',  ( -2.549999999999999822, -3.551666666666669858, -4.396022504722974844 ) ) ;
#2463 = ORIENTED_EDGE ( 'NONE', *, *, #2848, .T. ) ;
#2464 = SPHERICAL_SURFACE ( 'NONE', #2231, 0.2000000000000000111 ) ;
#2465 = EDGE_CURVE ( 'NONE', #733, #685, #540, .T. ) ;
#2466 = B_SPLINE_CURVE_WITH_KNOTS ( 'NONE', 3,
 ( #320, #2284, #2729, #2985, #2032, #1744, #526, #1811, #1501, #2535, #3015, #1300, #3032, #824, #91, #2790, #1286, #3000 ),
 .UNSPECIFIED., .F., .F.,
 ( 4, 2, 2, 2, 2, 2, 2, 2, 4 ),
 ( 0.000000000000000000, 0.0006619164904204661963, 0.001323832980840932393, 0.001985749471261398589, 0.002647665961681864785, 0.003309582452102330982, 0.003971498942522797178, 0.004633415432943262940, 0.005295331923363729570 ),
 .UNSPECIFIED. ) ;
#2467 = ORIENTED_EDGE ( 'NONE', *, *, #2968, .T. ) ;
#2468 = CIRCLE ( 'NONE', #1069, 0.1999999999999996503 ) ;
#2469 = VECTOR ( 'NONE', #1050, 1000.000000000000000 ) ;
#2470 = CARTESIAN_POINT ( 'NONE',  ( -2.820632937500000104, -1.770416665983872928, -4.552272504040177914 ) ) ;
#2471 = CARTESIAN_POINT ( 'NONE',  ( 1.274999999999999245, -4.051666665301076442, -5.132144097939748129 ) ) ;
#2472 = AXIS2_PLACEMENT_3D ( 'NONE', #2719, #84, #2735 ) ;
#2473 = CARTESIAN_POINT ( 'NONE',  ( 1.274999999999999245, -3.551666665301075998, -5.132144097939748129 ) ) ;
#2474 = CARTESIAN_POINT ( 'NONE',  ( 1.275000000000001021, -3.218333331967742517, -0.7154145386391113082 ) ) ;
#2475 = ORIENTED_EDGE ( 'NONE', *, *, #784, .F. ) ;
#2476 = AXIS2_PLACEMENT_3D ( 'NONE', #2743, #2045, #1986 ) ;
#2477 = CARTESIAN_POINT ( 'NONE',  ( -4.549999999999999822, -1.700000000000000178, 1.441786509367187330 ) ) ;
#2478 = EDGE_CURVE ( 'NONE', #222, #2026, #1080, .T. ) ;
#2479 = DIRECTION ( 'NONE',  ( 0.000000000000000000, 0.000000000000000000, -1.000000000000000000 ) ) ;
#2480 = CARTESIAN_POINT ( 'NONE',  ( 4.750000000000000000, -1.805433397577955956, -7.459297488310512314 ) ) ;
#2481 = CARTESIAN_POINT ( 'NONE',  ( 2.549999999999999378, -3.718333333333335933, -4.396022504722975732 ) ) ;
#2482 = ORIENTED_EDGE ( 'NONE', *, *, #263, .F. ) ;
#2483 = DIRECTION ( 'NONE',  ( 1.000000000000000000, -0.000000000000000000, -0.000000000000000000 ) ) ;
#2484 = ORIENTED_EDGE ( 'NONE', *, *, #1206, .F. ) ;
#2485 = CARTESIAN_POINT ( 'NONE',  ( -2.820632937499999660, -1.728749999317206409, -2.923779318289429163 ) ) ;
#2486 = CARTESIAN_POINT ( 'NONE',  ( -1.274999999999998135, -2.301666665301075998, -0.7154145386391096428 ) ) ;
#2487 = CARTESIAN_POINT ( 'NONE',  ( -2.549999999999998934, -1.968333333333336155, -1.451536131855882372 ) ) ;
#2488 = SPHERICAL_SURFACE ( 'NONE', #985, 0.2000000000000000111 ) ;
#2489 = CARTESIAN_POINT ( 'NONE',  ( 1.274999999999999245, -2.051666665301075998, -5.132144097939748129 ) ) ;
#2490 = ORIENTED_EDGE ( 'NONE', *, *, #260, .T. ) ;
#2491 = CIRCLE ( 'NONE', #2895, 0.2000000000000000944 ) ;
#2492 = VECTOR ( 'NONE', #1076, 1000.000000000000114 ) ;
#2493 = CARTESIAN_POINT ( 'NONE',  ( -2.820632937499999660, -0.1974999993172062984, -2.923779318289429163 ) ) ;
#2494 = CARTESIAN_POINT ( 'NONE',  ( -4.549999999999999822, -1.300000000000000044, -5.773779318289429696 ) ) ;
#2495 = DIRECTION ( 'NONE',  ( 0.000000000000000000, 0.000000000000000000, -1.000000000000000000 ) ) ;
#2496 = CARTESIAN_POINT ( 'NONE',  ( 5.408933717497023466E-16, -1.885000000000003118, 0.02070705457766185142 ) ) ;
#2497 = EDGE_CURVE ( 'NONE', #1661, #313, #49, .T. ) ;
#2498 = ORIENTED_EDGE ( 'NONE', *, *, #1019, .T. ) ;
#2499 = ADVANCED_FACE ( 'NONE', ( #1271 ), #2257, .T. ) ;
#2500 = DIRECTION ( 'NONE',  ( 0.000000000000000000, 0.000000000000000000, -1.000000000000000000 ) ) ;
#2501 = VERTEX_POINT ( 'NONE', #1775 ) ;
#2502 = CIRCLE ( 'NONE', #1619, 0.1999999999999996503 ) ;
#2503 = CARTESIAN_POINT ( 'NONE',  ( 1.410316468750001162, -1.562083332650539669, -0.4810395396633053156 ) ) ;
#2504 = CARTESIAN_POINT ( 'NONE',  ( 2.549999999999999822, -3.176666665301076442, -1.451536131855884593 ) ) ;
#2505 = VERTEX_POINT ( 'NONE', #2761 ) ;
#2506 = CARTESIAN_POINT ( 'NONE',  ( 4.750000000000000000, 0.000000000000000000, -5.773779318289429696 ) ) ;
#2507 = CARTESIAN_POINT ( 'NONE',  ( -3.079417623425332942E-15, -2.259999998634409479, -0.3737793182894292299 ) ) ;
#2508 = ORIENTED_EDGE ( 'NONE', *, *, #150, .T. ) ;
#2509 = DIRECTION ( 'NONE',  ( 0.000000000000000000, 0.000000000000000000, -1.000000000000000000 ) ) ;
#2510 = DIRECTION ( 'NONE',  ( 0.000000000000000000, 0.000000000000000000, 1.000000000000000000 ) ) ;
#2511 = CYLINDRICAL_SURFACE ( 'NONE', #469, 0.1999999999999996503 ) ;
#2512 = CARTESIAN_POINT ( 'NONE',  ( -1.275000000000000133, -2.593333333333336377, -5.132144097939747240 ) ) ;
#2513 = EDGE_CURVE ( 'NONE', #872, #1776, #1390, .T. ) ;
#2514 = ORIENTED_EDGE ( 'NONE', *, *, #2310, .F. ) ;
#2515 = CARTESIAN_POINT ( 'NONE',  ( 4.750000000000000000, -4.000000000000000888, 0.01493465751533585954 ) ) ;
#2516 = ORIENTED_EDGE ( 'NONE', *, *, #754, .F. ) ;
#2517 = CARTESIAN_POINT ( 'NONE',  ( 5.982986902088794405E-16, -2.603749999317206409, 0.3332070532120700035 ) ) ;
#2518 = CARTESIAN_POINT ( 'NONE',  ( -1.274999999999998135, -1.801666665301075998, -0.7154145386391096428 ) ) ;
#2519 = CARTESIAN_POINT ( 'NONE',  ( 2.820632937499999215, -1.437083332650535228, -4.552272504040179690 ) ) ;
#2520 = AXIS2_PLACEMENT_3D ( 'NONE', #2266, #1850, #1323 ) ;
#2521 = LINE ( 'NONE', #1515, #877 ) ;
#2522 = VECTOR ( 'NONE', #2667, 1000.000000000000114 ) ;
#2523 = SURFACE_STYLE_USAGE ( .BOTH. , #2245 ) ;
#2524 = EDGE_LOOP ( 'NONE', ( #705, #801, #1282, #507, #268, #1645, #522, #1167, #934, #2426 ) ) ;
#2525 = EDGE_CURVE ( 'NONE', #281, #965, #609, .T. ) ;
#2526 = CARTESIAN_POINT ( 'NONE',  ( 4.549999999999999822, -1.500000000000000000, -6.173779318289428275 ) ) ;
#2527 = DIRECTION ( 'NONE',  ( 0.000000000000000000, 0.8497617118223305122, -0.5271669878897791151 ) ) ;
#2528 = DIRECTION ( 'NONE',  ( 1.000000000000000000, -0.000000000000000000, -0.000000000000000000 ) ) ;
#2529 = CARTESIAN_POINT ( 'NONE',  ( -2.820632937500000104, -0.6662499993172062984, -2.923779318289429163 ) ) ;
#2530 = ORIENTED_EDGE ( 'NONE', *, *, #547, .T. ) ;
#2531 = CARTESIAN_POINT ( 'NONE',  ( -4.549999999999999822, -1.700000000000000178, -7.289345145946046323 ) ) ;
#2532 = CARTESIAN_POINT ( 'NONE',  ( -1.994328967362931715E-16, -3.353749999317205965, -6.180765689790928441 ) ) ;
#2533 = CARTESIAN_POINT ( 'NONE',  ( -1.274999999999998135, -3.801666665301075998, -0.7154145386391096428 ) ) ;
#2534 = CARTESIAN_POINT ( 'NONE',  ( -2.549999999999998934, -3.343333331967742961, -1.451536131855882372 ) ) ;
#2535 = CARTESIAN_POINT ( 'NONE',  ( -0.2685592648940572369, -4.200000000000001066, -5.596584098664224349 ) ) ;
#2536 = EDGE_CURVE ( 'NONE', #2697, #2369, #427, .T. ) ;
#2537 = ORIENTED_EDGE ( 'NONE', *, *, #1303, .F. ) ;
#2538 = CARTESIAN_POINT ( 'NONE',  ( 2.820632937500000548, -3.457916665983873372, -1.295286132538680191 ) ) ;
#2539 = CARTESIAN_POINT ( 'NONE',  ( 4.549999999999999822, 0.000000000000000000, 0.1262206817105703816 ) ) ;
#2540 = CARTESIAN_POINT ( 'NONE',  ( 2.549999999999999378, -4.093333331967742517, -4.396022504722975732 ) ) ;
#2541 = DIRECTION ( 'NONE',  ( 3.215000213621648229E-16, -0.8497617118223301791, -0.5271669878897798922 ) ) ;
#2542 = CARTESIAN_POINT ( 'NONE',  ( 1.410316468749999386, -1.332916665983872928, -5.366519096915554066 ) ) ;
#2543 = CARTESIAN_POINT ( 'NONE',  ( 0.000000000000000000, -4.200000000000000178, -0.3737793182894293964 ) ) ;
#2544 = DIRECTION ( 'NONE',  ( -0.000000000000000000, -0.000000000000000000, 1.000000000000000000 ) ) ;
#2545 = CARTESIAN_POINT ( 'NONE',  ( -4.549999999999998934, -1.500000000000000000, -7.648779318289428808 ) ) ;
#2546 = CARTESIAN_POINT ( 'NONE',  ( 4.549999999999999822, -1.700000000000000178, 1.441786509367187330 ) ) ;
#2547 = CARTESIAN_POINT ( 'NONE',  ( -2.549999999999999822, -3.384999998634409479, -2.923779318289429163 ) ) ;
#2548 = AXIS2_PLACEMENT_3D ( 'NONE', #2600, #1875, #403 ) ;
#2549 = CARTESIAN_POINT ( 'NONE',  ( 4.750000000000000000, -1.300000000000000044, 0.3262206817105703927 ) ) ;
#2550 = CARTESIAN_POINT ( 'NONE',  ( 1.410316468749999164, -2.395416665983872484, -5.366519096915554066 ) ) ;
#2551 = ORIENTED_EDGE ( 'NONE', *, *, #818, .T. ) ;
#2552 = CARTESIAN_POINT ( 'NONE',  ( -2.820632937500000104, -3.166249999317206409, -2.923779318289429163 ) ) ;
#2553 = LINE ( 'NONE', #355, #772 ) ;
#2554 = DIRECTION ( 'NONE',  ( 0.000000000000000000, 1.000000000000000000, 0.000000000000000000 ) ) ;
#2555 = CARTESIAN_POINT ( 'NONE',  ( 0.6832704406993619362, -1.862670900630742921, -0.3737793182894286748 ) ) ;
#2556 = CARTESIAN_POINT ( 'NONE',  ( -1.410316468750000274, -0.2495833326505396410, -5.366519096915554066 ) ) ;
#2557 = AXIS2_PLACEMENT_3D ( 'NONE', #1919, #2102, #879 ) ;
#2558 = FACE_OUTER_BOUND ( 'NONE', #2742, .T. ) ;
#2559 = EDGE_CURVE ( 'NONE', #712, #1596, #2025, .T. ) ;
#2560 = MANIFOLD_SOLID_BREP ( 'Radyus3', #2747 ) ;
#2561 = LINE ( 'NONE', #1576, #409 ) ;
#2562 = CARTESIAN_POINT ( 'NONE',  ( 2.820632937499999215, -0.9370833326505350058, -4.552272504040179690 ) ) ;
#2563 = CARTESIAN_POINT ( 'NONE',  ( 1.410316468749999386, -0.3329166659838730391, -5.366519096915554066 ) ) ;
#2564 = CARTESIAN_POINT ( 'NONE',  ( 2.820632937500000104, -1.020416665983872928, -1.295286132538680635 ) ) ;
#2565 = ORIENTED_EDGE ( 'NONE', *, *, #2039, .T. ) ;
#2566 = VERTEX_POINT ( 'NONE', #1474 ) ;
#2567 = CARTESIAN_POINT ( 'NONE',  ( 1.410316468749999386, -2.832916665983872928, -5.366519096915554066 ) ) ;
#2568 = DIRECTION ( 'NONE',  ( 0.000000000000000000, 0.000000000000000000, 1.000000000000000000 ) ) ;
#2569 = AXIS2_PLACEMENT_3D ( 'NONE', #2477, #1518, #977 ) ;
#2570 = LINE ( 'NONE', #2539, #1851 ) ;
#2571 = CARTESIAN_POINT ( 'NONE',  ( -4.549999999999998934, -1.500000000000000000, 1.441786509367187330 ) ) ;
#2572 = CARTESIAN_POINT ( 'NONE',  ( -4.549999999999998934, -0.2000000000000000111, -5.773779318289429696 ) ) ;
#2573 = CARTESIAN_POINT ( 'NONE',  ( 1.274999999999999245, -4.176666666666669414, -5.132144097939748129 ) ) ;
#2574 = ADVANCED_FACE ( 'NONE', ( #696 ), #26, .T. ) ;
#2575 = AXIS2_PLACEMENT_3D ( 'NONE', #555, #2714, #321 ) ;
#2576 = CARTESIAN_POINT ( 'NONE',  ( -2.549999999999999822, -1.510000000000003118, -2.923779318289429163 ) ) ;
#2577 = CARTESIAN_POINT ( 'NONE',  ( 2.728526966076942450, -4.450696724668906867, -3.967031509360440911 ) ) ;
#2578 = CARTESIAN_POINT ( 'NONE',  ( -3.079417623425332942E-15, -1.759999998634409479, -0.3737793182894292299 ) ) ;
#2579 = CARTESIAN_POINT ( 'NONE',  ( -1.994328967362931468E-16, -1.353749999317201302, -6.180765689790928441 ) ) ;
#2580 = DIRECTION ( 'NONE',  ( 0.000000000000000000, -1.000000000000000000, 0.000000000000000000 ) ) ;
#2581 = CARTESIAN_POINT ( 'NONE',  ( -1.410316468750000052, -2.312083332650539447, -5.366519096915554066 ) ) ;
#2582 = ORIENTED_EDGE ( 'NONE', *, *, #895, .F. ) ;
#2583 = EDGE_LOOP ( 'NONE', ( #3127, #1254, #1626 ) ) ;
#2584 = CARTESIAN_POINT ( 'NONE',  ( 1.410316468750001162, -2.499583332650539447, -0.4810395396633048715 ) ) ;
#2585 = CARTESIAN_POINT ( 'NONE',  ( -4.549999999999998934, -1.500000000000000000, -5.973779318289428986 ) ) ;
#2586 = DIRECTION ( 'NONE',  ( 0.000000000000000000, 0.000000000000000000, 1.000000000000000000 ) ) ;
#2587 = DIRECTION ( 'NONE',  ( 0.000000000000000000, 0.000000000000000000, 1.000000000000000000 ) ) ;
#2588 = CARTESIAN_POINT ( 'NONE',  ( 2.820632937500000104, -2.374583332650540335, -4.552272504040179690 ) ) ;
#2589 = DIRECTION ( 'NONE',  ( 0.000000000000000000, 0.000000000000000000, 1.000000000000000000 ) ) ;
#2590 = ADVANCED_FACE ( 'NONE', ( #2928 ), #1671, .F. ) ;
#2591 = ADVANCED_FACE ( 'NONE', ( #2959 ), #1423, .T. ) ;
#2592 = FACE_OUTER_BOUND ( 'NONE', #196, .T. ) ;
#2593 = LINE ( 'NONE', #2837, #2777 ) ;
#2594 = CARTESIAN_POINT ( 'NONE',  ( 2.820632937499999660, -1.978749999317201969, -2.923779318289429607 ) ) ;
#2595 = CARTESIAN_POINT ( 'NONE',  ( -2.820632937500000104, -1.666249999317206409, -2.923779318289429163 ) ) ;
#2596 = CARTESIAN_POINT ( 'NONE',  ( 2.820632937499999660, -0.9787499993172064094, -2.923779318289429607 ) ) ;
#2597 = ORIENTED_EDGE ( 'NONE', *, *, #754, .T. ) ;
#2598 = ORIENTED_EDGE ( 'NONE', *, *, #978, .T. ) ;
#2599 = CARTESIAN_POINT ( 'NONE',  ( -1.410316468750000274, -3.749583332650539891, -5.366519096915554066 ) ) ;
#2600 = CARTESIAN_POINT ( 'NONE',  ( -4.549999999999999822, -0.2000000000000000111, -5.773779318289429696 ) ) ;
#2601 = VECTOR ( 'NONE', #676, 1000.000000000000000 ) ;
#2602 = CARTESIAN_POINT ( 'NONE',  ( -2.830631576725775034, -4.200000000000001954, -2.638497245441788319 ) ) ;
#2603 = CARTESIAN_POINT ( 'NONE',  ( 2.550000000000000266, -1.801666666666669636, -1.451536131855884593 ) ) ;
#2604 = CARTESIAN_POINT ( 'NONE',  ( 2.820632937500000548, -2.957916665983873372, -1.295286132538680413 ) ) ;
#2605 = CARTESIAN_POINT ( 'NONE',  ( -2.549999999999998934, -0.8433333319677427387, -1.451536131855882372 ) ) ;
#2606 = ADVANCED_FACE ( 'NONE', ( #458 ), #1196, .T. ) ;
#2607 = CARTESIAN_POINT ( 'NONE',  ( 3.122849337825750419E-16, -4.200000000000000178, -5.473779318289428986 ) ) ;
#2608 = CARTESIAN_POINT ( 'NONE',  ( -2.549999999999999822, -0.01000000000000306200, -2.923779318289429163 ) ) ;
#2609 = CARTESIAN_POINT ( 'NONE',  ( -1.410316468750000052, -2.312083332650535006, -5.366519096915554066 ) ) ;
#2610 = CARTESIAN_POINT ( 'NONE',  ( 2.820632937500000104, -2.416249999317206409, -2.923779318289429607 ) ) ;
#2611 = ADVANCED_FACE ( 'NONE', ( #473 ), #2050, .T. ) ;
#2612 = VECTOR ( 'NONE', #2875, 1000.000000000000000 ) ;
#2613 = CARTESIAN_POINT ( 'NONE',  ( -2.820632937500000104, -2.270416665983872928, -4.552272504040177914 ) ) ;
#2614 = ORIENTED_EDGE ( 'NONE', *, *, #2391, .F. ) ;
#2615 = ORIENTED_EDGE ( 'NONE', *, *, #2228, .F. ) ;
#2616 = CARTESIAN_POINT ( 'NONE',  ( 4.549999999999999822, -1.700000000000000178, -7.289345145946046323 ) ) ;
#2617 = CARTESIAN_POINT ( 'NONE',  ( 9.877377282685029372E-16, -2.759999998634409035, -0.3737793182894292299 ) ) ;
#2618 = LINE ( 'NONE', #2796, #1381 ) ;
#2619 = AXIS2_PLACEMENT_3D ( 'NONE', #2332, #378, #365 ) ;
#2620 = AXIS2_PLACEMENT_3D ( 'NONE', #2799, #2785, #2311 ) ;
#2621 = CARTESIAN_POINT ( 'NONE',  ( 1.410316468749999386, -3.332916665983872928, -5.366519096915554066 ) ) ;
#2622 = CIRCLE ( 'NONE', #1797, 0.4000000000000000777 ) ;
#2623 = CYLINDRICAL_SURFACE ( 'NONE', #11, 2.549999999999999822 ) ;
#2624 = AXIS2_PLACEMENT_3D ( 'NONE', #258, #452, #1177 ) ;
#2625 = PRODUCT_DEFINITION_FORMATION_WITH_SPECIFIED_SOURCE ( 'HERHANGÝ', '', #569, .NOT_KNOWN. ) ;
#2626 = CARTESIAN_POINT ( 'NONE',  ( -1.274999999999998135, -2.801666665301076442, -0.7154145386391096428 ) ) ;
#2627 = CARTESIAN_POINT ( 'NONE',  ( 0.6832704406993623802, -2.157329099369263314, -5.473779318289429874 ) ) ;
#2628 = VECTOR ( 'NONE', #335, 1000.000000000000000 ) ;
#2629 = CARTESIAN_POINT ( 'NONE',  ( -2.820632937500000104, -2.666249999317206409, -2.923779318289429163 ) ) ;
#2630 = CARTESIAN_POINT ( 'NONE',  ( -1.274999999999998135, -1.301666665301075998, -0.7154145386391096428 ) ) ;
#2631 = ORIENTED_EDGE ( 'NONE', *, *, #1067, .T. ) ;
#2632 = EDGE_LOOP ( 'NONE', ( #2737, #2397, #1280, #1956 ) ) ;
#2633 = FACE_OUTER_BOUND ( 'NONE', #231, .T. ) ;
#2634 = ADVANCED_FACE ( 'NONE', ( #1493 ), #2751, .T. ) ;
#2635 = CARTESIAN_POINT ( 'NONE',  ( -4.549999999999998934, -1.700000000000000178, 1.641786509367187508 ) ) ;
#2636 = EDGE_CURVE ( 'NONE', #753, #2319, #1506, .T. ) ;
#2637 = DIRECTION ( 'NONE',  ( 0.000000000000000000, 0.000000000000000000, -1.000000000000000000 ) ) ;
#2638 = FACE_OUTER_BOUND ( 'NONE', #1938, .T. ) ;
#2639 = DIRECTION ( 'NONE',  ( 0.000000000000000000, 0.000000000000000000, 1.000000000000000000 ) ) ;
#2640 = LINE ( 'NONE', #1456, #105 ) ;
#2641 = ORIENTED_EDGE ( 'NONE', *, *, #1902, .F. ) ;
#2642 = CYLINDRICAL_SURFACE ( 'NONE', #1346, 0.1999999999999996503 ) ;
#2643 = AXIS2_PLACEMENT_3D ( 'NONE', #1215, #1509, #58 ) ;
#2644 = CARTESIAN_POINT ( 'NONE',  ( -1.994328967362931715E-16, -4.291249999317206409, -6.180765689790928441 ) ) ;
#2645 =( BOUNDED_CURVE ( )  B_SPLINE_CURVE ( 2, ( #1426, #713, #1638, #1152, #249 ),
 .UNSPECIFIED., .F., .T. ) 
 B_SPLINE_CURVE_WITH_KNOTS ( ( 3, 2, 3 ),
 ( 0.000000000000000000, 0.01851851851851851749, 0.02777777777777777971 ),
 .UNSPECIFIED. ) 
 CURVE ( )  GEOMETRIC_REPRESENTATION_ITEM ( )  RATIONAL_B_SPLINE_CURVE ( ( 1.000000000000000000, 0.8660254037844387076, 1.000000000000000000, 0.9330127018922192983, 0.9330127018922194093 ) ) 
 REPRESENTATION_ITEM ( '' )  );
#2646 = CARTESIAN_POINT ( 'NONE',  ( -1.410316468750000052, -4.312083332650539447, -5.366519096915554066 ) ) ;
#2647 = ORIENTED_EDGE ( 'NONE', *, *, #31, .T. ) ;
#2648 = ORIENTED_EDGE ( 'NONE', *, *, #2478, .T. ) ;
#2649 = CARTESIAN_POINT ( 'NONE',  ( -2.820632937499999660, -0.2287499993172062984, -2.923779318289429163 ) ) ;
#2650 = CYLINDRICAL_SURFACE ( 'NONE', #1855, 0.2000000000000000111 ) ;
#2651 = LINE ( 'NONE', #2887, #2362 ) ;
#2652 = CARTESIAN_POINT ( 'NONE',  ( -1.994328967362931715E-16, -4.291249999317206409, -6.180765689790928441 ) ) ;
#2653 = AXIS2_PLACEMENT_3D ( 'NONE', #908, #146, #1115 ) ;
#2654 = CARTESIAN_POINT ( 'NONE',  ( -0.6832704406993653778, -0.7823290980036697873, -0.3737793182894309507 ) ) ;
#2655 = CARTESIAN_POINT ( 'NONE',  ( -3.079417623425332942E-15, -1.759999998634409479, -0.3737793182894292299 ) ) ;
#2656 = DIRECTION ( 'NONE',  ( -0.000000000000000000, 1.000000000000000000, -0.000000000000000000 ) ) ;
#2657 = ORIENTED_EDGE ( 'NONE', *, *, #1091, .F. ) ;
#2658 = DIRECTION ( 'NONE',  ( 0.000000000000000000, 1.000000000000000000, 0.000000000000000000 ) ) ;
#2659 = ORIENTED_EDGE ( 'NONE', *, *, #2347, .T. ) ;
#2660 = EDGE_CURVE ( 'NONE', #1517, #1762, #1033, .T. ) ;
#2661 = CARTESIAN_POINT ( 'NONE',  ( -1.410316468750000274, -2.749583332650539891, -5.366519096915554066 ) ) ;
#2662 = CARTESIAN_POINT ( 'NONE',  ( 1.410316468749999164, -4.395416665983873372, -5.366519096915554066 ) ) ;
#2663 = CARTESIAN_POINT ( 'NONE',  ( -2.549999999999999822, -0.5100000000000031175, -2.923779318289429163 ) ) ;
#2664 = ORIENTED_EDGE ( 'NONE', *, *, #2660, .F. ) ;
#2665 = ORIENTED_EDGE ( 'NONE', *, *, #1622, .F. ) ;
#2666 = DIRECTION ( 'NONE',  ( -0.000000000000000000, 1.000000000000000000, -0.000000000000000000 ) ) ;
#2667 = DIRECTION ( 'NONE',  ( -0.000000000000000000, 0.8497617118223306232, 0.5271669878897788930 ) ) ;
#2668 = CARTESIAN_POINT ( 'NONE',  ( -4.549999999999998934, -4.200000000000000178, 0.01493465751533544841 ) ) ;
#2669 = CARTESIAN_POINT ( 'NONE',  ( 7.785697387528199762E-15, -4.009999998634409479, -5.473779318289427209 ) ) ;
#2670 = CARTESIAN_POINT ( 'NONE',  ( -2.820632937499999215, -3.770416665983868487, -4.552272504040177914 ) ) ;
#2671 = EDGE_CURVE ( 'NONE', #3115, #2168, #1439, .T. ) ;
#2672 = AXIS2_PLACEMENT_3D ( 'NONE', #1392, #1338, #1630 ) ;
#2673 = ORIENTED_EDGE ( 'NONE', *, *, #2966, .F. ) ;
#2674 = DIRECTION ( 'NONE',  ( -0.000000000000000000, 1.000000000000000000, -0.000000000000000000 ) ) ;
#2675 = AXIS2_PLACEMENT_3D ( 'NONE', #876, #1615, #1378 ) ;
#2676 = VERTEX_POINT ( 'NONE', #1306 ) ;
#2677 = CARTESIAN_POINT ( 'NONE',  ( 1.410316468750001162, -2.999583332650539447, -0.4810395396633048715 ) ) ;
#2678 = CARTESIAN_POINT ( 'NONE',  ( -2.820632937500000104, -3.270416665983872484, -4.552272504040177914 ) ) ;
#2679 = CARTESIAN_POINT ( 'NONE',  ( -2.549999999999998934, -0.4683333333333364323, -1.451536131855882372 ) ) ;
#2680 = VERTEX_POINT ( 'NONE', #2783 ) ;
#2681 = ORIENTED_EDGE ( 'NONE', *, *, #978, .F. ) ;
#2682 = CARTESIAN_POINT ( 'NONE',  ( 1.275000000000001021, -0.3433333333333363768, -0.7154145386391113082 ) ) ;
#2683 = CARTESIAN_POINT ( 'NONE',  ( 4.750000000000000000, -1.500000000000000000, -6.173779318289428275 ) ) ;
#2684 = CARTESIAN_POINT ( 'NONE',  ( 1.410316468749999386, -0.3329166659838730391, -5.366519096915554066 ) ) ;
#2685 = CARTESIAN_POINT ( 'NONE',  ( -4.750000000000000000, -1.300000000000000044, 0.3262206817105703927 ) ) ;
#2686 = CARTESIAN_POINT ( 'NONE',  ( 1.410316468749999164, -3.395416665983868487, -5.366519096915554066 ) ) ;
#2687 = PRESENTATION_STYLE_ASSIGNMENT (( #2891 ) ) ;
#2688 = CARTESIAN_POINT ( 'NONE',  ( -2.549999999999998934, -2.468333333333336377, -1.451536131855882372 ) ) ;
#2689 = ORIENTED_EDGE ( 'NONE', *, *, #1939, .T. ) ;
#2690 = LINE ( 'NONE', #214, #133 ) ;
#2691 = EDGE_CURVE ( 'NONE', #255, #753, #322, .T. ) ;
#2692 = ORIENTED_EDGE ( 'NONE', *, *, #1622, .T. ) ;
#2693 = ADVANCED_FACE ( 'NONE', ( #830 ), #2511, .T. ) ;
#2694 = CARTESIAN_POINT ( 'NONE',  ( 2.820632937500000104, -3.374583332650539891, -4.552272504040179690 ) ) ;
#2695 = CARTESIAN_POINT ( 'NONE',  ( -1.410316468749997831, -3.145416665983872484, -0.4810395396633035947 ) ) ;
#2696 = CARTESIAN_POINT ( 'NONE',  ( -2.549999999999999822, -0.01000000000000306200, -2.923779318289429163 ) ) ;
#2697 = VERTEX_POINT ( 'NONE', #3039 ) ;
#2698 = ORIENTED_EDGE ( 'NONE', *, *, #1391, .T. ) ;
#2699 = DIRECTION ( 'NONE',  ( -1.000000000000000000, 0.000000000000000000, 4.336808689942025625E-15 ) ) ;
#2700 = CARTESIAN_POINT ( 'NONE',  ( -3.079417623425332942E-15, -1.759999998634409479, -0.3737793182894292299 ) ) ;
#2701 = CARTESIAN_POINT ( 'NONE',  ( 2.820632937500000548, -1.457916665983873150, -1.295286132538680191 ) ) ;
#2702 = CARTESIAN_POINT ( 'NONE',  ( 1.440492039058297591, -4.200000000000002842, -0.7801349883884307612 ) ) ;
#2703 = CARTESIAN_POINT ( 'NONE',  ( -1.410316468750000052, -3.312083332650534562, -5.366519096915554066 ) ) ;
#2704 = SURFACE_SIDE_STYLE ('',( #3169 ) ) ;
#2705 = CARTESIAN_POINT ( 'NONE',  ( -2.549999999999998934, -3.468333333333336377, -1.451536131855882372 ) ) ;
#2706 = VERTEX_POINT ( 'NONE', #294 ) ;
#2707 = CARTESIAN_POINT ( 'NONE',  ( 9.877377282685029372E-16, -2.385000000000002451, -0.3737793182894292299 ) ) ;
#2708 = ORIENTED_EDGE ( 'NONE', *, *, #3006, .F. ) ;
#2709 = CARTESIAN_POINT ( 'NONE',  ( -2.820632937499998771, -0.6870833326505396688, -1.295286132538677970 ) ) ;
#2710 = CARTESIAN_POINT ( 'NONE',  ( 2.549999999999999822, -3.134999998634409479, -2.923779318289429607 ) ) ;
#2711 = CARTESIAN_POINT ( 'NONE',  ( -1.275000000000000133, -2.093333333333336377, -5.132144097939747240 ) ) ;
#2712 = ADVANCED_FACE ( 'NONE', ( #3005 ), #1800, .T. ) ;
#2713 = DIRECTION ( 'NONE',  ( 0.000000000000000000, 0.000000000000000000, 1.000000000000000000 ) ) ;
#2714 = DIRECTION ( 'NONE',  ( 0.000000000000000000, 0.000000000000000000, 1.000000000000000000 ) ) ;
#2715 = VERTEX_POINT ( 'NONE', #2262 ) ;
#2716 = AXIS2_PLACEMENT_3D ( 'NONE', #2782, #2974, #1234 ) ;
#2717 = CARTESIAN_POINT ( 'NONE',  ( 0.2235984766575028759, -4.200000000000000178, -0.2824199425362543536 ) ) ;
#2718 = CYLINDRICAL_SURFACE ( 'NONE', #357, 0.1999999999999997058 ) ;
#2719 = CARTESIAN_POINT ( 'NONE',  ( 4.549999999999999822, -4.000000000000000888, -5.862493294094194063 ) ) ;
#2720 = CARTESIAN_POINT ( 'NONE',  ( -2.549999999999998934, -2.968333333333336377, -1.451536131855882372 ) ) ;
#2721 = ORIENTED_EDGE ( 'NONE', *, *, #2055, .F. ) ;
#2722 = DIRECTION ( 'NONE',  ( 0.000000000000000000, 0.5271669878897796702, 0.8497617118223301791 ) ) ;
#2723 = EDGE_LOOP ( 'NONE', ( #2446, #527, #2918, #1415 ) ) ;
#2724 = VECTOR ( 'NONE', #710, 1000.000000000000000 ) ;
#2725 = AXIS2_PLACEMENT_3D ( 'NONE', #1778, #608, #1290 ) ;
#2726 = CARTESIAN_POINT ( 'NONE',  ( 1.410316468750001162, -3.062083332650539447, -0.4810395396633053156 ) ) ;
#2727 = CARTESIAN_POINT ( 'NONE',  ( -2.549999999999999822, -2.384999998634409479, -2.923779318289429163 ) ) ;
#2728 = CARTESIAN_POINT ( 'NONE',  ( -4.549999999999999822, -1.700000000000000178, -7.289345145946046323 ) ) ;
#2729 = CARTESIAN_POINT ( 'NONE',  ( -2.338896011555176013, -4.199999999999998401, -4.475358646775857707 ) ) ;
#2730 = VERTEX_POINT ( 'NONE', #577 ) ;
#2731 = EDGE_CURVE ( 'NONE', #353, #891, #2996, .T. ) ;
#2732 = CARTESIAN_POINT ( 'NONE',  ( 1.063530529555442250, -4.200000000000001954, -0.5466008074344418377 ) ) ;
#2733 = EDGE_CURVE ( 'NONE', #3001, #1399, #2779, .T. ) ;
#2734 = FACE_OUTER_BOUND ( 'NONE', #2192, .T. ) ;
#2735 = DIRECTION ( 'NONE',  ( 1.000000000000000000, 0.000000000000000000, 0.000000000000000000 ) ) ;
#2736 = CARTESIAN_POINT ( 'NONE',  ( -1.274999999999998135, -2.926666666666669414, -0.7154145386391096428 ) ) ;
#2737 = ORIENTED_EDGE ( 'NONE', *, *, #521, .F. ) ;
#2738 = DIRECTION ( 'NONE',  ( 1.000000000000000000, 0.000000000000000000, 0.000000000000000000 ) ) ;
#2739 = ORIENTED_EDGE ( 'NONE', *, *, #2170, .T. ) ;
#2740 = CARTESIAN_POINT ( 'NONE',  ( 2.820632937499999660, -1.978749999317206409, -2.923779318289429607 ) ) ;
#2741 = CARTESIAN_POINT ( 'NONE',  ( -1.802977905832341484E-16, -4.009999998634408591, -5.868265691156519637 ) ) ;
#2742 = EDGE_LOOP ( 'NONE', ( #1921, #2673, #807, #1582 ) ) ;
#2743 = CARTESIAN_POINT ( 'NONE',  ( 4.549999999999999822, -0.2000000000000000111, -0.07377931828942961567 ) ) ;
#2744 = DIRECTION ( 'NONE',  ( 0.000000000000000000, -6.776263578034413806E-17, 1.000000000000000000 ) ) ;
#2745 = ORIENTED_EDGE ( 'NONE', *, *, #163, .T. ) ;
#2746 = ADVANCED_FACE ( 'NONE', ( #1026 ), #787, .T. ) ;
#2747 = CLOSED_SHELL ( 'NONE', ( #1730, #1782, #859, #1110, #1610, #2590, #81, #1310, #299, #880, #1923, #289, #2760, #333, #1233, #782, #1411, #765, #649, #2351, #1166, #1388, #3064, #1547, #2088, #358, #1044, #1108, #2060, #1468, #1444, #3066, #2122, #1950, #616, #795, #1489, #2923, #2034, #1322, #195, #917, #1880, #2634, #1667, #2374, #2453, #1053, #2156, #2420, #278, #2864, #1785, #2499, #2746, #2452, #2290, #589, #1001, #1341, #1989, #360, #2611, #2430, #1643, #339, #1654, #2712, #2591, #1525, #984, #2292, #2693, #1866, #1891, #2606, #2574 ) ) ;
#2748 = CARTESIAN_POINT ( 'NONE',  ( 4.750000000000000000, 0.000000000000000000, 0.1262206817105703816 ) ) ;
#2749 =( BOUNDED_CURVE ( )  B_SPLINE_CURVE ( 2, ( #1723, #1031, #775, #1754, #1770, #3009, #802, #550, #1523 ),
 .UNSPECIFIED., .F., .F. ) 
 B_SPLINE_CURVE_WITH_KNOTS ( ( 3, 2, 2, 2, 3 ),
 ( 0.5277777777777777901, 0.5370370370370370905, 0.5555555555555555802, 0.5740740740740740700, 0.5833333333333333703 ),
 .UNSPECIFIED. ) 
 CURVE ( )  GEOMETRIC_REPRESENTATION_ITEM ( )  RATIONAL_B_SPLINE_CURVE ( ( 0.9330127018922194093, 0.9330127018922194093, 1.000000000000000000, 0.8660254037844387076, 1.000000000000000000, 0.8660254037844387076, 1.000000000000000000, 0.9330127018922189652, 0.9330127018922194093 ) ) 
 REPRESENTATION_ITEM ( '' )  );
#2750 = CYLINDRICAL_SURFACE ( 'NONE', #1476, 0.2000000000000000944 ) ;
#2751 = CYLINDRICAL_SURFACE ( 'NONE', #1649, 0.1999999999999996503 ) ;
#2752 = CARTESIAN_POINT ( 'NONE',  ( 2.549999999999999822, -2.260000000000002895, -2.923779318289429607 ) ) ;
#2753 = ORIENTED_EDGE ( 'NONE', *, *, #1149, .T. ) ;
#2754 = CARTESIAN_POINT ( 'NONE',  ( 4.549999999999999822, -0.2000000000000000111, -5.773779318289429696 ) ) ;
#2755 = ORIENTED_EDGE ( 'NONE', *, *, #2270, .F. ) ;
#2756 = AXIS2_PLACEMENT_3D ( 'NONE', #2107, #3096, #2819 ) ;
#2757 = CARTESIAN_POINT ( 'NONE',  ( 1.410316468750001162, -2.562083332650539003, -0.4810395396633053156 ) ) ;
#2758 = CARTESIAN_POINT ( 'NONE',  ( 1.275000000000001021, -1.718333331967742739, -0.7154145386391113082 ) ) ;
#2759 = CARTESIAN_POINT ( 'NONE',  ( -2.820632937499998771, -1.187083332650534784, -1.295286132538677970 ) ) ;
#2760 = ADVANCED_FACE ( 'NONE', ( #69 ), #1065, .F. ) ;
#2761 = CARTESIAN_POINT ( 'NONE',  ( 4.750000000000000000, -4.000000000000000888, -5.862493294094194063 ) ) ;
#2762 = PRODUCT_CONTEXT ( 'NONE', #538, 'mechanical' ) ;
#2763 = ORIENTED_EDGE ( 'NONE', *, *, #836, .T. ) ;
#2764 = CARTESIAN_POINT ( 'NONE',  ( -4.549999999999998934, -0.2000000000000000111, 0.1262206817105703816 ) ) ;
#2765 = CARTESIAN_POINT ( 'NONE',  ( 4.549999999999999822, -3.737819691454565163, -6.025142189210344057 ) ) ;
#2766 = DIRECTION ( 'NONE',  ( 0.000000000000000000, 0.000000000000000000, 1.000000000000000000 ) ) ;
#2767 = CARTESIAN_POINT ( 'NONE',  ( 2.820632937500000104, -0.3745833326505396688, -4.552272504040179690 ) ) ;
#2768 = VERTEX_POINT ( 'NONE', #560 ) ;
#2769 = CIRCLE ( 'NONE', #285, 0.2000000000000000111 ) ;
#2770 = ORIENTED_EDGE ( 'NONE', *, *, #3130, .T. ) ;
#2771 = EDGE_CURVE ( 'NONE', #3126, #738, #1899, .T. ) ;
#2772 = CARTESIAN_POINT ( 'NONE',  ( -2.820632937500000104, -3.270416665983872484, -4.552272504040177914 ) ) ;
#2773 = CARTESIAN_POINT ( 'NONE',  ( -1.274999999999998135, -2.801666665301076442, -0.7154145386391096428 ) ) ;
#2774 = VECTOR ( 'NONE', #2890, 1000.000000000000000 ) ;
#2775 = DIRECTION ( 'NONE',  ( 0.000000000000000000, 0.000000000000000000, -1.000000000000000000 ) ) ;
#2776 = VECTOR ( 'NONE', #1819, 1000.000000000000000 ) ;
#2777 = VECTOR ( 'NONE', #155, 1000.000000000000000 ) ;
#2778 = DIRECTION ( 'NONE',  ( 1.000000000000000000, 0.000000000000000000, 0.000000000000000000 ) ) ;
#2779 = CIRCLE ( 'NONE', #2258, 0.2000000000000000666 ) ;
#2780 = ORIENTED_EDGE ( 'NONE', *, *, #1728, .T. ) ;
#2781 = FACE_OUTER_BOUND ( 'NONE', #111, .T. ) ;
#2782 = CARTESIAN_POINT ( 'NONE',  ( -4.549999999999998934, -0.2000000000000000111, -0.07377931828942961567 ) ) ;
#2783 = CARTESIAN_POINT ( 'NONE',  ( -7.146572975119167637E-15, -2.885000000000002895, -0.3737793182894292299 ) ) ;
#2784 = CARTESIAN_POINT ( 'NONE',  ( -1.994328967362931715E-16, -1.791249999317206187, -6.180765689790928441 ) ) ;
#2785 = DIRECTION ( 'NONE',  ( 0.000000000000000000, -1.000000000000000000, 0.000000000000000000 ) ) ;
#2786 = CARTESIAN_POINT ( 'NONE',  ( -2.820632937499998771, -3.687083332650539447, -1.295286132538677970 ) ) ;
#2787 = CYLINDRICAL_SURFACE ( 'NONE', #1725, 2.549999999999999822 ) ;
#2788 =( BOUNDED_SURFACE ( )  B_SPLINE_SURFACE ( 1, 2, ( 
 ( #1856, #637, #854, #3048, #2563, #171, #430, #379, #1884, #1330, #2078, #903, #1608, #1396, #2316, #2333, #2821, #601, #108, #126, #1840, #621, #1383, #888, #1077, #2111, #839, #2367, #2348, #3080, #1578, #3065, #366, #1109, #1347, #1126, #2595, #141, #1364, #2094, #667, #1624, #3098, #870, #1094, #1824, #2839, #1140, #2126, #398, #157, #1870, #2853, #653, #2610, #413, #3111, #2866, #1642, #2805, #2629, #1712, #2661, #1695, #1917, #2933, #987, #2412, #2677, #1462, #2139, #1934, #2189, #2897, #1658, #734, #477, #2694, #3173, #493, #1447, #1428, #2378, #1154, #219, #2429, #461, #508, #199, #2155, #2447, #716, #967, #1901, #445, #183, #1726, #1186, #1218, #2644, #1952, #3124, #251, #235, #1199 ),
 ( #1969, #3139, #935, #2950, #2208, #1677, #17, #1412, #748, #1169, #700, #2709, #2395, #916, #2172, #3155, #2881, #683, #951, #2914, #1480, #1240, #33, #1757, #2997, #523, #1511, #535, #778, #2964, #2042, #1498, #2503, #300, #1998, #46, #2485, #2470, #88, #1015, #1032, #1772, #2740, #2225, #2253, #60, #1255, #1002, #790, #1268, #2013, #74, #1787, #284, #271, #2241, #2757, #2517, #551, #1526, #1983, #315, #762, #567, #1283, #2268, #1739, #2982, #2726, #1045, #2029, #3012, #803, #2772, #1541, #2532, #3026, #331, #1297, #2281, #1056, #819, #1804, #2786, #1867, #1088, #2074, #3077, #392, #1574, #1852, #615, #362, #1591, #2123, #2295, #3059, #3094, #850, #866, #121, #1121, #2363, #2577, #2836 ) ),
 .UNSPECIFIED., .F., .F., .T. ) 
 B_SPLINE_SURFACE_WITH_KNOTS ( ( 2, 2 ),
 ( 3, 2, 2, 2, 2, 2, 2, 2, 2, 2, 2, 2, 2, 2, 2, 2, 2, 2, 2, 2, 2, 2, 2, 2, 2, 2, 2, 2, 2, 2, 2, 2, 2, 2, 2, 2, 2, 2, 2, 2, 2, 2, 2, 2, 2, 2, 2, 2, 2, 2, 2, 2, 3 ),
 ( 0.000000000000000000, 1.000000000000000000 ),
 ( 0.000000000000000000, 0.01851851851851851749, 0.03703703703703703498, 0.05555555555555555247, 0.07407407407407406996, 0.09259259259259258745, 0.1111111111111111049, 0.1296296296296296224, 0.1481481481481481399, 0.1666666666666666574, 0.1851851851851851749, 0.2037037037037036924, 0.2222222222222222099, 0.2407407407407407274, 0.2592592592592592449, 0.2777777777777777901, 0.2962962962962962798, 0.3148148148148148251, 0.3333333333333333148, 0.3518518518518518601, 0.3703703703703703498, 0.3888888888888888951, 0.4074074074074073848, 0.4259259259259259300, 0.4444444444444444198, 0.4629629629629629650, 0.4814814814814814548, 0.5000000000000000000, 0.5185185185185184897, 0.5370370370370370905, 0.5555555555555555802, 0.5740740740740740700, 0.5925925925925925597, 0.6111111111111111605, 0.6296296296296296502, 0.6481481481481481399, 0.6666666666666666297, 0.6851851851851852304, 0.7037037037037037202, 0.7222222222222222099, 0.7407407407407406996, 0.7592592592592593004, 0.7777777777777777901, 0.7962962962962962798, 0.8148148148148147696, 0.8333333333333333703, 0.8518518518518518601, 0.8703703703703703498, 0.8888888888888888395, 0.9074074074074074403, 0.9259259259259259300, 0.9333741806018893694, 0.9427079224079082387 ),
 .UNSPECIFIED. ) 
 GEOMETRIC_REPRESENTATION_ITEM ( )  RATIONAL_B_SPLINE_SURFACE ( (
 ( 1.000000000000000000, 0.8660254037844387076, 1.000000000000000000, 0.8660254037844387076, 1.000000000000000000, 0.8660254037844387076, 1.000000000000000000, 0.8660254037844387076, 1.000000000000000000, 0.8660254037844387076, 1.000000000000000000, 0.8660254037844387076, 1.000000000000000000, 0.8660254037844387076, 1.000000000000000000, 0.8660254037844387076, 1.000000000000000000, 0.8660254037844387076, 1.000000000000000000, 0.8660254037844387076, 1.000000000000000000, 0.8660254037844387076, 1.000000000000000000, 0.8660254037844387076, 1.000000000000000000, 0.8660254037844387076, 1.000000000000000000, 0.8660254037844387076, 1.000000000000000000, 0.8660254037844387076, 1.000000000000000000, 0.8660254037844387076, 1.000000000000000000, 0.8660254037844387076, 1.000000000000000000, 0.8660254037844387076, 1.000000000000000000, 0.8660254037844387076, 1.000000000000000000, 0.8660254037844387076, 1.000000000000000000, 0.8660254037844387076, 1.000000000000000000, 0.8660254037844387076, 1.000000000000000000, 0.8660254037844387076, 1.000000000000000000, 0.8660254037844387076, 1.000000000000000000, 0.8660254037844387076, 1.000000000000000000, 0.8660254037844387076, 1.000000000000000000, 0.8660254037844387076, 1.000000000000000000, 0.8660254037844387076, 1.000000000000000000, 0.8660254037844387076, 1.000000000000000000, 0.8660254037844387076, 1.000000000000000000, 0.8660254037844387076, 1.000000000000000000, 0.8660254037844387076, 1.000000000000000000, 0.8660254037844387076, 1.000000000000000000, 0.8660254037844387076, 1.000000000000000000, 0.8660254037844387076, 1.000000000000000000, 0.8660254037844387076, 1.000000000000000000, 0.8660254037844387076, 1.000000000000000000, 0.8660254037844387076, 1.000000000000000000, 0.8660254037844387076, 1.000000000000000000, 0.8660254037844387076, 1.000000000000000000, 0.8660254037844387076, 1.000000000000000000, 0.8660254037844387076, 1.000000000000000000, 0.8660254037844387076, 1.000000000000000000, 0.8660254037844387076, 1.000000000000000000, 0.8660254037844387076, 1.000000000000000000, 0.8660254037844387076, 1.000000000000000000, 0.8660254037844387076, 1.000000000000000000, 0.8660254037844387076, 1.000000000000000000, 0.8660254037844387076, 1.000000000000000000, 0.8660254037844387076, 1.000000000000000000, 0.9461146467129649684, 0.9355752915612287612, 0.9355752915612287612, 0.9355752915612287612),
 ( 1.000000000000000000, 0.8660254037844387076, 1.000000000000000000, 0.8660254037844387076, 1.000000000000000000, 0.8660254037844387076, 1.000000000000000000, 0.8660254037844387076, 1.000000000000000000, 0.8660254037844387076, 1.000000000000000000, 0.8660254037844387076, 1.000000000000000000, 0.8660254037844387076, 1.000000000000000000, 0.8660254037844387076, 1.000000000000000000, 0.8660254037844387076, 1.000000000000000000, 0.8660254037844387076, 1.000000000000000000, 0.8660254037844387076, 1.000000000000000000, 0.8660254037844387076, 1.000000000000000000, 0.8660254037844387076, 1.000000000000000000, 0.8660254037844387076, 1.000000000000000000, 0.8660254037844387076, 1.000000000000000000, 0.8660254037844387076, 1.000000000000000000, 0.8660254037844387076, 1.000000000000000000, 0.8660254037844387076, 1.000000000000000000, 0.8660254037844387076, 1.000000000000000000, 0.8660254037844387076, 1.000000000000000000, 0.8660254037844387076, 1.000000000000000000, 0.8660254037844387076, 1.000000000000000000, 0.8660254037844387076, 1.000000000000000000, 0.8660254037844387076, 1.000000000000000000, 0.8660254037844387076, 1.000000000000000000, 0.8660254037844387076, 1.000000000000000000, 0.8660254037844387076, 1.000000000000000000, 0.8660254037844387076, 1.000000000000000000, 0.8660254037844387076, 1.000000000000000000, 0.8660254037844387076, 1.000000000000000000, 0.8660254037844387076, 1.000000000000000000, 0.8660254037844387076, 1.000000000000000000, 0.8660254037844387076, 1.000000000000000000, 0.8660254037844387076, 1.000000000000000000, 0.8660254037844387076, 1.000000000000000000, 0.8660254037844387076, 1.000000000000000000, 0.8660254037844387076, 1.000000000000000000, 0.8660254037844387076, 1.000000000000000000, 0.8660254037844387076, 1.000000000000000000, 0.8660254037844387076, 1.000000000000000000, 0.8660254037844387076, 1.000000000000000000, 0.8660254037844387076, 1.000000000000000000, 0.8660254037844387076, 1.000000000000000000, 0.8660254037844387076, 1.000000000000000000, 0.8660254037844387076, 1.000000000000000000, 0.8660254037844387076, 1.000000000000000000, 0.8660254037844387076, 1.000000000000000000, 0.8660254037844387076, 1.000000000000000000, 0.8660254037844387076, 1.000000000000000000, 0.8660254037844387076, 1.000000000000000000, 0.9461146467129649684, 0.9355752915612287612, 0.9355752915612287612, 0.9355752915612287612) ) ) 
 REPRESENTATION_ITEM ( '' )  SURFACE ( )  );
#2789 = CARTESIAN_POINT ( 'NONE',  ( -2.549999999999999822, -4.384999998634409479, -2.923779318289429163 ) ) ;
#2790 = CARTESIAN_POINT ( 'NONE',  ( 1.571289481887973016, -4.200000000000078337, -4.974087436827178799 ) ) ;
#2791 = CARTESIAN_POINT ( 'NONE',  ( 1.410316468750001162, -2.562083332650539003, -0.4810395396633053156 ) ) ;
#2792 = VERTEX_POINT ( 'NONE', #2132 ) ;
#2793 = CARTESIAN_POINT ( 'NONE',  ( -2.820632937499999215, -2.624583332650539891, -1.295286132538677748 ) ) ;
#2794 = CARTESIAN_POINT ( 'NONE',  ( 4.549999999999999822, 0.000000000000000000, 0.1262206817105703816 ) ) ;
#2795 = CARTESIAN_POINT ( 'NONE',  ( 7.785697387528199762E-15, -4.009999998634409479, -5.473779318289427209 ) ) ;
#2796 = CARTESIAN_POINT ( 'NONE',  ( 4.750000000000000000, -1.118310356081282819, 1.802649529205651024 ) ) ;
#2797 = EDGE_CURVE ( 'NONE', #672, #1007, #1360, .T. ) ;
#2798 = CARTESIAN_POINT ( 'NONE',  ( -1.410316468749998053, -1.582916665983872928, -0.4810395396633031506 ) ) ;
#2799 = CARTESIAN_POINT ( 'NONE',  ( 4.549999999999999822, -1.300000000000000044, -0.07377931828942961567 ) ) ;
#2800 = CARTESIAN_POINT ( 'NONE',  ( 2.324088772396477673E-16, -0.5099999986344094793, -5.473779318289429874 ) ) ;
#2801 = LINE ( 'NONE', #1327, #2259 ) ;
#2802 = CARTESIAN_POINT ( 'NONE',  ( 1.744405825009860411, -4.567006724941920837, -4.861132518511125156 ) ) ;
#2803 = CARTESIAN_POINT ( 'NONE',  ( -2.820632937499999660, -0.7287499993172017465, -2.923779318289429163 ) ) ;
#2804 = AXIS2_PLACEMENT_3D ( 'NONE', #2106, #885, #650 ) ;
#2805 = CARTESIAN_POINT ( 'NONE',  ( -2.820632937499999215, -2.624583332650539891, -1.295286132538677748 ) ) ;
#2806 = CARTESIAN_POINT ( 'NONE',  ( -2.820632937499999660, -0.7287499993172062984, -2.923779318289429163 ) ) ;
#2807 = ORIENTED_EDGE ( 'NONE', *, *, #562, .F. ) ;
#2808 = VERTEX_POINT ( 'NONE', #374 ) ;
#2809 = CARTESIAN_POINT ( 'NONE',  ( 1.410316468749999386, -3.332916665983872928, -5.366519096915554066 ) ) ;
#2810 = EDGE_CURVE ( 'NONE', #57, #2096, #2069, .T. ) ;
#2811 = LINE ( 'NONE', #3087, #596 ) ;
#2812 = DIRECTION ( 'NONE',  ( 1.000000000000000000, -0.000000000000000000, -0.000000000000000000 ) ) ;
#2813 = DIRECTION ( 'NONE',  ( 0.000000000000000000, 0.000000000000000000, -1.000000000000000000 ) ) ;
#2814 = CARTESIAN_POINT ( 'NONE',  ( 7.785697387528199762E-15, -3.509999998634409479, -5.473779318289427209 ) ) ;
#2815 = CARTESIAN_POINT ( 'NONE',  ( -2.820632937499999215, -0.6245833326505396688, -1.295286132538677748 ) ) ;
#2816 = CYLINDRICAL_SURFACE ( 'NONE', #1796, 2.549999999999999822 ) ;
#2817 = AXIS2_PLACEMENT_3D ( 'NONE', #829, #387, #1355 ) ;
#2818 = CARTESIAN_POINT ( 'NONE',  ( 4.549999999999999822, -1.700000000000000178, 0.3262206817105703927 ) ) ;
#2819 = DIRECTION ( 'NONE',  ( 0.000000000000000000, -0.5271669878897792261, 0.8497617118223305122 ) ) ;
#2820 = CARTESIAN_POINT ( 'NONE',  ( 4.549999999999999822, -4.200000000000000178, -5.862493294094194063 ) ) ;
#2821 = CARTESIAN_POINT ( 'NONE',  ( 1.410316468749999386, -0.8329166659838730391, -5.366519096915554066 ) ) ;
#2822 = CARTESIAN_POINT ( 'NONE',  ( 2.820632937499999215, -0.9370833326505395577, -4.552272504040179690 ) ) ;
#2823 = ORIENTED_EDGE ( 'NONE', *, *, #2830, .F. ) ;
#2824 = ORIENTED_EDGE ( 'NONE', *, *, #2433, .F. ) ;
#2825 = CARTESIAN_POINT ( 'NONE',  ( -2.820632937499999215, -1.624583332650539225, -1.295286132538677748 ) ) ;
#2826 = AXIS2_PLACEMENT_3D ( 'NONE', #1516, #2744, #1486 ) ;
#2827 = CARTESIAN_POINT ( 'NONE',  ( 4.549999999999999822, -4.000000000000000888, -5.862493294094194063 ) ) ;
#2828 = AXIS2_PLACEMENT_3D ( 'NONE', #2493, #1472, #1704 ) ;
#2829 = DIRECTION ( 'NONE',  ( 0.000000000000000000, -0.8497617118223285138, 0.5271669878897824457 ) ) ;
#2830 = EDGE_CURVE ( 'NONE', #2096, #2792, #207, .T. ) ;
#2831 = CARTESIAN_POINT ( 'NONE',  ( 1.763030157015726740, -4.200000000000000178, -1.081437149892607863 ) ) ;
#2832 = FACE_OUTER_BOUND ( 'NONE', #203, .T. ) ;
#2833 = CARTESIAN_POINT ( 'NONE',  ( -2.820632937500000104, -2.166249999317206409, -2.923779318289429163 ) ) ;
#2834 = CARTESIAN_POINT ( 'NONE',  ( -0.6832704406993630464, -1.487670899265149060, -5.473779318289428097 ) ) ;
#2835 = AXIS2_PLACEMENT_3D ( 'NONE', #2023, #771, #2495 ) ;
#2836 = CARTESIAN_POINT ( 'NONE',  ( 3.175113950822463948, -4.473020821959568849, -3.352357257638820975 ) ) ;
#2837 = CARTESIAN_POINT ( 'NONE',  ( 4.750000000000000000, -1.500000000000000000, -7.289345145946046323 ) ) ;
#2838 = CARTESIAN_POINT ( 'NONE',  ( 2.820632937499999215, -2.437083332650534562, -4.552272504040179690 ) ) ;
#2839 = CARTESIAN_POINT ( 'NONE',  ( -1.410316468749998053, -2.082916665983872928, -0.4810395396633031506 ) ) ;
#2840 = CARTESIAN_POINT ( 'NONE',  ( -2.820632937499998771, -2.687083332650539003, -1.295286132538677970 ) ) ;
#2841 = ORIENTED_EDGE ( 'NONE', *, *, #3046, .T. ) ;
#2842 = ORIENTED_EDGE ( 'NONE', *, *, #1688, .F. ) ;
#2843 = CARTESIAN_POINT ( 'NONE',  ( -2.820632937500000104, -1.666249999317206409, -2.923779318289429163 ) ) ;
#2844 = FACE_OUTER_BOUND ( 'NONE', #2900, .T. ) ;
#2845 = FACE_OUTER_BOUND ( 'NONE', #288, .T. ) ;
#2846 = CARTESIAN_POINT ( 'NONE',  ( -2.565671987061221682, -4.200000000000000178, -4.095657052065100778 ) ) ;
#2847 = CARTESIAN_POINT ( 'NONE',  ( -3.486133158594716510E-16, -1.635000000000002451, -5.473779318289427209 ) ) ;
#2848 = EDGE_CURVE ( 'NONE', #1611, #1367, #2051, .T. ) ;
#2849 = CARTESIAN_POINT ( 'NONE',  ( 4.750000000000000000, 0.000000000000000000, -0.07377931828942961567 ) ) ;
#2850 = DIRECTION ( 'NONE',  ( -0.000000000000000000, 1.000000000000000000, -0.000000000000000000 ) ) ;
#2851 = DIRECTION ( 'NONE',  ( 0.000000000000000000, 0.000000000000000000, 1.000000000000000000 ) ) ;
#2852 = CARTESIAN_POINT ( 'NONE',  ( -2.820632937499999215, -1.770416665983868931, -4.552272504040177914 ) ) ;
#2853 = CARTESIAN_POINT ( 'NONE',  ( 1.410316468749999386, -2.332916665983872928, -5.366519096915554066 ) ) ;
#2854 = CARTESIAN_POINT ( 'NONE',  ( 2.820632937500000104, -2.020416665983872484, -1.295286132538680635 ) ) ;
#2855 = VERTEX_POINT ( 'NONE', #423 ) ;
#2856 = ORIENTED_EDGE ( 'NONE', *, *, #2867, .T. ) ;
#2857 = CARTESIAN_POINT ( 'NONE',  ( -2.820632937500000104, -2.666249999317206409, -2.923779318289429163 ) ) ;
#2858 = CARTESIAN_POINT ( 'NONE',  ( 4.549999999999999822, -4.105433397577956889, -6.032445636458659166 ) ) ;
#2859 = DIRECTION ( 'NONE',  ( -0.000000000000000000, -1.000000000000000000, -0.000000000000000000 ) ) ;
#2860 = CARTESIAN_POINT ( 'NONE',  ( 1.410316468749999386, -2.832916665983872928, -5.366519096915554066 ) ) ;
#2861 = DIRECTION ( 'NONE',  ( -0.000000000000000000, 1.000000000000000000, -0.000000000000000000 ) ) ;
#2862 = CARTESIAN_POINT ( 'NONE',  ( -1.275000000000000133, -2.968333331967742961, -5.132144097939747240 ) ) ;
#2863 = CARTESIAN_POINT ( 'NONE',  ( 1.275000000000001021, -2.343333333333336377, -0.7154145386391113082 ) ) ;
#2864 = ADVANCED_FACE ( 'NONE', ( #2342 ), #1848, .T. ) ;
#2865 = CARTESIAN_POINT ( 'NONE',  ( -1.410316468750000052, -1.812083332650535006, -5.366519096915554066 ) ) ;
#2866 = CARTESIAN_POINT ( 'NONE',  ( 5.982986902088794405E-16, -2.541249999317206854, 0.3332070532120704476 ) ) ;
#2867 = EDGE_CURVE ( 'NONE', #57, #1433, #2878, .T. ) ;
#2868 = CARTESIAN_POINT ( 'NONE',  ( -1.275000000000000133, -1.468333331967742739, -5.132144097939747240 ) ) ;
#2869 = ORIENTED_EDGE ( 'NONE', *, *, #3095, .F. ) ;
#2870 = ORIENTED_EDGE ( 'NONE', *, *, #3022, .F. ) ;
#2871 = DIRECTION ( 'NONE',  ( -1.000000000000000000, 0.000000000000000000, 0.000000000000000000 ) ) ;
#2872 = LINE ( 'NONE', #371, #2601 ) ;
#2873 = CARTESIAN_POINT ( 'NONE',  ( 1.274999999999999245, -1.176666666666669636, -5.132144097939748129 ) ) ;
#2874 = CIRCLE ( 'NONE', #1224, 2.560000000000003162 ) ;
#2875 = DIRECTION ( 'NONE',  ( 1.000000000000000000, -0.000000000000000000, -0.000000000000000000 ) ) ;
#2876 = VECTOR ( 'NONE', #192, 1000.000000000000000 ) ;
#2877 = DIRECTION ( 'NONE',  ( 0.000000000000000000, 0.000000000000000000, 1.000000000000000000 ) ) ;
#2878 = CIRCLE ( 'NONE', #3086, 0.1999999999999996503 ) ;
#2879 = CARTESIAN_POINT ( 'NONE',  ( 2.550000000000000266, -1.676666665301076442, -1.451536131855884593 ) ) ;
#2880 = CARTESIAN_POINT ( 'NONE',  ( -4.549999999999998934, -0.2000000000000000111, 0.1262206817105703816 ) ) ;
#2881 = CARTESIAN_POINT ( 'NONE',  ( 1.410316468749999164, -0.8954166659838729281, -5.366519096915554066 ) ) ;
#2882 = EDGE_CURVE ( 'NONE', #2808, #768, #1021, .T. ) ;
#2883 = CARTESIAN_POINT ( 'NONE',  ( -2.820632937500000104, -3.770416665983872484, -4.552272504040177914 ) ) ;
#2884 = ORIENTED_EDGE ( 'NONE', *, *, #1424, .F. ) ;
#2885 = ORIENTED_EDGE ( 'NONE', *, *, #1205, .T. ) ;
#2886 = DIRECTION ( 'NONE',  ( 0.000000000000000000, -1.000000000000000000, 0.000000000000000000 ) ) ;
#2887 = CARTESIAN_POINT ( 'NONE',  ( -4.750000000000000000, -1.700000000000000178, 0.1262206817105703816 ) ) ;
#2888 = CARTESIAN_POINT ( 'NONE',  ( 1.410316468749999386, -3.832916665983872928, -5.366519096915554066 ) ) ;
#2889 = DIRECTION ( 'NONE',  ( 0.000000000000000000, 1.000000000000000000, 0.000000000000000000 ) ) ;
#2890 = DIRECTION ( 'NONE',  ( 0.000000000000000000, 0.000000000000000000, 1.000000000000000000 ) ) ;
#2891 = SURFACE_STYLE_USAGE ( .BOTH. , #2704 ) ;
#2892 = EDGE_CURVE ( 'NONE', #2193, #465, #1430, .T. ) ;
#2893 = VERTEX_POINT ( 'NONE', #2373 ) ;
#2894 = CARTESIAN_POINT ( 'NONE',  ( 7.785697387528199762E-15, -3.135000000000002895, -5.473779318289427209 ) ) ;
#2895 = AXIS2_PLACEMENT_3D ( 'NONE', #2427, #2409, #665 ) ;
#2896 = ORIENTED_EDGE ( 'NONE', *, *, #1828, .T. ) ;
#2897 = CARTESIAN_POINT ( 'NONE',  ( -2.820632937500000104, -3.207916665983873372, -4.552272504040178802 ) ) ;
#2898 = CARTESIAN_POINT ( 'NONE',  ( -1.994328967362931715E-16, -3.353749999317205965, -6.180765689790928441 ) ) ;
#2899 = CARTESIAN_POINT ( 'NONE',  ( -2.631817034777101050, -4.200000000000000178, -1.909131959071981743 ) ) ;
#2900 = EDGE_LOOP ( 'NONE', ( #1204, #297, #459, #2664 ) ) ;
#2901 = VERTEX_POINT ( 'NONE', #2814 ) ;
#2902 = CARTESIAN_POINT ( 'NONE',  ( 4.549999999999999822, -1.700000000000000178, -7.289345145946046323 ) ) ;
#2903 = LINE ( 'NONE', #1958, #3063 ) ;
#2904 = DIRECTION ( 'NONE',  ( -0.000000000000000000, 0.000000000000000000, -1.000000000000000000 ) ) ;
#2905 = EDGE_CURVE ( 'NONE', #2174, #1776, #1900, .T. ) ;
#2906 = CARTESIAN_POINT ( 'NONE',  ( -2.820632937500000104, -2.707916665983872928, -4.552272504040178802 ) ) ;
#2907 = AXIS2_PLACEMENT_3D ( 'NONE', #971, #707, #2419 ) ;
#2908 = SPHERICAL_SURFACE ( 'NONE', #620, 0.2000000000000000111 ) ;
#2909 = CARTESIAN_POINT ( 'NONE',  ( 4.549999999999999822, -0.2000000000000000111, -5.773779318289429696 ) ) ;
#2910 = CARTESIAN_POINT ( 'NONE',  ( -0.6832704406993627133, -0.9073290993692634254, -0.3737793182894293409 ) ) ;
#2911 = ORIENTED_EDGE ( 'NONE', *, *, #1808, .F. ) ;
#2912 = CARTESIAN_POINT ( 'NONE',  ( 1.743066579297358403E-15, -1.135000000000003118, -5.473779318289428097 ) ) ;
#2913 = EDGE_LOOP ( 'NONE', ( #1716, #2770, #2280 ) ) ;
#2914 = CARTESIAN_POINT ( 'NONE',  ( 2.820632937500000104, -1.020416665983872928, -1.295286132538680635 ) ) ;
#2915 = CARTESIAN_POINT ( 'NONE',  ( 2.820632937500000104, -4.020416665983872484, -1.295286132538680635 ) ) ;
#2916 = CARTESIAN_POINT ( 'NONE',  ( 2.549999999999999378, -0.2183333333333364046, -4.396022504722975732 ) ) ;
#2917 = CARTESIAN_POINT ( 'NONE',  ( 4.549999999999999822, -1.300000000000000044, -5.973779318289428986 ) ) ;
#2918 = ORIENTED_EDGE ( 'NONE', *, *, #99, .F. ) ;
#2919 = CIRCLE ( 'NONE', #663, 0.1999999999999996503 ) ;
#2920 = CARTESIAN_POINT ( 'NONE',  ( 0.6832704406993661550, -3.032329098003669898, -5.473779318289426321 ) ) ;
#2921 = CARTESIAN_POINT ( 'NONE',  ( -4.549999999999998934, -1.700000000000000178, 1.441786509367187330 ) ) ;
#2922 = CARTESIAN_POINT ( 'NONE',  ( 1.410316468749999386, -1.332916665983872928, -5.366519096915554066 ) ) ;
#2923 = ADVANCED_FACE ( 'NONE', ( #2832 ), #1571, .T. ) ;
#2924 = CARTESIAN_POINT ( 'NONE',  ( -4.750000000000000000, -1.500000000000000000, -5.773779318289429696 ) ) ;
#2925 = EDGE_CURVE ( 'NONE', #3025, #2901, #630, .T. ) ;
#2926 = CARTESIAN_POINT ( 'NONE',  ( 4.750000000000000000, -4.105433397577956889, 0.1848869998798015613 ) ) ;
#2927 = EDGE_CURVE ( 'NONE', #3115, #1000, #2618, .T. ) ;
#2928 = FACE_OUTER_BOUND ( 'NONE', #2265, .T. ) ;
#2929 = VECTOR ( 'NONE', #1267, 1000.000000000000000 ) ;
#2930 = CARTESIAN_POINT ( 'NONE',  ( 2.549999999999999378, -2.718333333333336377, -4.396022504722975732 ) ) ;
#2931 = EDGE_LOOP ( 'NONE', ( #2842, #2238, #433, #1732 ) ) ;
#2932 = ORIENTED_EDGE ( 'NONE', *, *, #31, .F. ) ;
#2933 = CARTESIAN_POINT ( 'NONE',  ( 2.820632937500000104, -2.874583332650540335, -4.552272504040179690 ) ) ;
#2934 = CARTESIAN_POINT ( 'NONE',  ( -2.820632937499998771, -3.187083332650539447, -1.295286132538677970 ) ) ;
#2935 = CARTESIAN_POINT ( 'NONE',  ( -1.275000000000000133, -1.093333333333336377, -5.132144097939747240 ) ) ;
#2936 = ORIENTED_EDGE ( 'NONE', *, *, #730, .T. ) ;
#2937 = ORIENTED_EDGE ( 'NONE', *, *, #3095, .T. ) ;
#2938 = AXIS2_PLACEMENT_3D ( 'NONE', #571, #1258, #2244 ) ;
#2939 = DIRECTION ( 'NONE',  ( 0.000000000000000000, 0.000000000000000000, 1.000000000000000000 ) ) ;
#2940 = CARTESIAN_POINT ( 'NONE',  ( 0.000000000000000000, -4.200000000000000178, -0.3737793182894293964 ) ) ;
#2941 = CARTESIAN_POINT ( 'NONE',  ( -2.820632937499999215, -1.207916665983872928, -4.552272504040178802 ) ) ;
#2942 = PLANE ( 'NONE',  #2410 ) ;
#2943 = CARTESIAN_POINT ( 'NONE',  ( 2.820632937499999215, -3.520416665983868043, -1.295286132538680635 ) ) ;
#2944 = CARTESIAN_POINT ( 'NONE',  ( -2.549999999999998934, -0.9683333333333363768, -1.451536131855882372 ) ) ;
#2945 = CARTESIAN_POINT ( 'NONE',  ( -2.549999999999999822, -2.010000000000002895, -2.923779318289429163 ) ) ;
#2946 = VERTEX_POINT ( 'NONE', #2700 ) ;
#2947 = DIRECTION ( 'NONE',  ( 0.000000000000000000, 1.000000000000000000, 0.000000000000000000 ) ) ;
#2948 = ORIENTED_EDGE ( 'NONE', *, *, #1445, .T. ) ;
#2949 = EDGE_CURVE ( 'NONE', #963, #2501, #1684, .T. ) ;
#2950 = CARTESIAN_POINT ( 'NONE',  ( -1.994328967362931715E-16, -0.3537499993172063539, -6.180765689790928441 ) ) ;
#2951 = CARTESIAN_POINT ( 'NONE',  ( 1.274999999999999245, -2.051666665301075998, -5.132144097939748129 ) ) ;
#2952 = VERTEX_POINT ( 'NONE', #1666 ) ;
#2953 = CARTESIAN_POINT ( 'NONE',  ( 2.549999999999999378, -3.093333331967742961, -4.396022504722975732 ) ) ;
#2954 = CARTESIAN_POINT ( 'NONE',  ( 0.6832704406993598267, -2.237670899265149060, -0.3737793182894275090 ) ) ;
#2955 = ORIENTED_EDGE ( 'NONE', *, *, #2949, .F. ) ;
#2956 = CARTESIAN_POINT ( 'NONE',  ( 2.820632937499999215, -0.8745833326505396688, -4.552272504040179690 ) ) ;
#2957 = CARTESIAN_POINT ( 'NONE',  ( 4.549999999999999822, -1.700000000000000178, -7.289345145946046323 ) ) ;
#2958 = CARTESIAN_POINT ( 'NONE',  ( -1.274999999999998135, -3.926666666666669414, -0.7154145386391096428 ) ) ;
#2959 = FACE_OUTER_BOUND ( 'NONE', #2583, .T. ) ;
#2960 = VECTOR ( 'NONE', #451, 1000.000000000000000 ) ;
#2961 = CARTESIAN_POINT ( 'NONE',  ( 2.549999999999999822, -1.760000000000003118, -2.923779318289429607 ) ) ;
#2962 = ORIENTED_EDGE ( 'NONE', *, *, #2927, .F. ) ;
#2963 = EDGE_LOOP ( 'NONE', ( #2885, #2260, #160, #1427 ) ) ;
#2964 = CARTESIAN_POINT ( 'NONE',  ( 2.820632937499999215, -1.437083332650539669, -4.552272504040179690 ) ) ;
#2965 = CARTESIAN_POINT ( 'NONE',  ( 2.549999999999999378, -3.093333331967742961, -4.396022504722975732 ) ) ;
#2966 = EDGE_CURVE ( 'NONE', #2168, #2676, #1402, .T. ) ;
#2967 = EDGE_LOOP ( 'NONE', ( #187, #1461, #2869 ) ) ;
#2968 = EDGE_CURVE ( 'NONE', #1399, #2171, #6, .T. ) ;
#2969 = DIRECTION ( 'NONE',  ( 0.000000000000000000, 1.000000000000000000, 0.000000000000000000 ) ) ;
#2970 = ORIENTED_EDGE ( 'NONE', *, *, #182, .F. ) ;
#2971 = AXIS2_PLACEMENT_3D ( 'NONE', #2357, #3053, #356 ) ;
#2972 = CARTESIAN_POINT ( 'NONE',  ( -1.274999999999998135, -3.801666665301075998, -0.7154145386391096428 ) ) ;
#2973 =( BOUNDED_CURVE ( )  B_SPLINE_CURVE ( 2, ( #444, #475, #698, #1460, #1915, #197, #2377, #1168, #2152 ),
 .UNSPECIFIED., .F., .T. ) 
 B_SPLINE_CURVE_WITH_KNOTS ( ( 3, 2, 2, 2, 3 ),
 ( 0.8500408983190462786, 0.8593001575783055790, 0.8778186760968240687, 0.8963371946153426695, 0.9055964538746018588 ),
 .UNSPECIFIED. ) 
 CURVE ( )  GEOMETRIC_REPRESENTATION_ITEM ( )  RATIONAL_B_SPLINE_CURVE ( ( 0.9330127018922194093, 0.9330127018922189652, 1.000000000000000000, 0.8660254037844387076, 1.000000000000000000, 0.8660254037844387076, 1.000000000000000000, 0.9330127018922197424, 0.9330127018922194093 ) ) 
 REPRESENTATION_ITEM ( '' )  );
#2974 = DIRECTION ( 'NONE',  ( 0.000000000000000000, -0.000000000000000000, 1.000000000000000000 ) ) ;
#2975 = DIRECTION ( 'NONE',  ( 0.000000000000000000, 0.000000000000000000, 1.000000000000000000 ) ) ;
#2976 = CARTESIAN_POINT ( 'NONE',  ( -1.274999999999998135, -3.426666666666669414, -0.7154145386391096428 ) ) ;
#2977 = ORIENTED_EDGE ( 'NONE', *, *, #2731, .T. ) ;
#2978 = PLANE ( 'NONE',  #1694 ) ;
#2979 = ORIENTED_EDGE ( 'NONE', *, *, #606, .T. ) ;
#2980 = VECTOR ( 'NONE', #708, 1000.000000000000000 ) ;
#2981 = CIRCLE ( 'NONE', #2304, 0.4000000000000000777 ) ;
#2982 = CARTESIAN_POINT ( 'NONE',  ( 2.820632937500000104, -3.020416665983872928, -1.295286132538680635 ) ) ;
#2983 = CARTESIAN_POINT ( 'NONE',  ( -1.275000000000000133, -1.968333331967742961, -5.132144097939747240 ) ) ;
#2984 = ORIENTED_EDGE ( 'NONE', *, *, #456, .T. ) ;
#2985 = CARTESIAN_POINT ( 'NONE',  ( -2.047457773642911594, -4.199999999999997513, -4.810316094991127223 ) ) ;
#2986 =( LENGTH_UNIT ( ) NAMED_UNIT ( * ) SI_UNIT ( .MILLI., .METRE. ) );
#2987 =( GEOMETRIC_REPRESENTATION_CONTEXT ( 3 ) GLOBAL_UNCERTAINTY_ASSIGNED_CONTEXT ( ( #2327 ) ) GLOBAL_UNIT_ASSIGNED_CONTEXT ( ( #2220, #488, #2442 ) ) REPRESENTATION_CONTEXT ( 'NONE', 'WORKASPACE' ) );
#2988 = ORIENTED_EDGE ( 'NONE', *, *, #437, .F. ) ;
#2989 = PLANE ( 'NONE',  #2828 ) ;
#2990 = CARTESIAN_POINT ( 'NONE',  ( -4.549999999999998934, -4.000000000000000888, 0.01493465751533544841 ) ) ;
#2991 = CARTESIAN_POINT ( 'NONE',  ( 2.550000000000000266, -1.176666665301076220, -1.451536131855884593 ) ) ;
#2992 = CARTESIAN_POINT ( 'NONE',  ( 2.549999999999999822, -3.260000000000002895, -2.923779318289429607 ) ) ;
#2993 = ORIENTED_EDGE ( 'NONE', *, *, #2119, .T. ) ;
#2994 = CARTESIAN_POINT ( 'NONE',  ( 0.6832704406993636015, -2.362670900630742477, -0.3737793182894296740 ) ) ;
#2995 = EDGE_CURVE ( 'NONE', #2792, #1661, #1959, .T. ) ;
#2996 =( BOUNDED_CURVE ( )  B_SPLINE_CURVE ( 2, ( #516, #279, #1247, #2991, #1780, #1264, #545, #1766, #2008 ),
 .UNSPECIFIED., .F., .F. ) 
 B_SPLINE_CURVE_WITH_KNOTS ( ( 3, 2, 2, 2, 3 ),
 ( 0.7389297872079352292, 0.7481890464671945296, 0.7667075649857130193, 0.7852260835042315090, 0.7944853427634908094 ),
 .UNSPECIFIED. ) 
 CURVE ( )  GEOMETRIC_REPRESENTATION_ITEM ( )  RATIONAL_B_SPLINE_CURVE ( ( 0.9330127018922194093, 0.9330127018922194093, 1.000000000000000000, 0.8660254037844387076, 1.000000000000000000, 0.8660254037844387076, 1.000000000000000000, 0.9330127018922189652, 0.9330127018922194093 ) ) 
 REPRESENTATION_ITEM ( '' )  );
#2997 = CARTESIAN_POINT ( 'NONE',  ( -2.820632937499999660, -1.228749999317206409, -2.923779318289429163 ) ) ;
#2998 = CARTESIAN_POINT ( 'NONE',  ( 1.275000000000001021, -2.718333331967742517, -0.7154145386391113082 ) ) ;
#2999 = DIRECTION ( 'NONE',  ( 1.000000000000000000, -0.000000000000000000, -0.000000000000000000 ) ) ;
#3000 = CARTESIAN_POINT ( 'NONE',  ( 1.873759559570222555, -4.200000000000000178, -4.653381906434809423 ) ) ;
#3001 = VERTEX_POINT ( 'NONE', #2213 ) ;
#3002 = CARTESIAN_POINT ( 'NONE',  ( 4.750000000000000000, 0.000000000000000000, 0.1262206817105703816 ) ) ;
#3003 = EDGE_CURVE ( 'NONE', #465, #2171, #2002, .T. ) ;
#3004 = DIRECTION ( 'NONE',  ( 0.000000000000000000, 0.000000000000000000, -1.000000000000000000 ) ) ;
#3005 = FACE_OUTER_BOUND ( 'NONE', #2913, .T. ) ;
#3006 = EDGE_CURVE ( 'NONE', #519, #768, #2455, .T. ) ;
#3007 = CARTESIAN_POINT ( 'NONE',  ( -1.410316468750000274, -2.249583332650539891, -5.366519096915554066 ) ) ;
#3008 = ORIENTED_EDGE ( 'NONE', *, *, #1514, .T. ) ;
#3009 = CARTESIAN_POINT ( 'NONE',  ( -2.550000000000000266, -2.551666666666669414, -4.396022504722974844 ) ) ;
#3010 = ORIENTED_EDGE ( 'NONE', *, *, #2513, .T. ) ;
#3011 = CIRCLE ( 'NONE', #1568, 2.550000000000000266 ) ;
#3012 = CARTESIAN_POINT ( 'NONE',  ( -2.820632937499998771, -3.187083332650539447, -1.295286132538677970 ) ) ;
#3013 = CARTESIAN_POINT ( 'NONE',  ( -2.549999999999998934, -2.843333331967742961, -1.451536131855882372 ) ) ;
#3014 = CARTESIAN_POINT ( 'NONE',  ( 4.549999999999999822, -4.000000000000000888, 0.01493465751533585954 ) ) ;
#3015 = CARTESIAN_POINT ( 'NONE',  ( -0.04921653314398821699, -4.200000000000000178, -5.597688872104718882 ) ) ;
#3016 = APPLICATION_PROTOCOL_DEFINITION ( 'draft international standard', 'automotive_design', 1998, #538 ) ;
#3017 = ORIENTED_EDGE ( 'NONE', *, *, #2636, .T. ) ;
#3018 = CARTESIAN_POINT ( 'NONE',  ( -4.750000000000000000, -1.300000000000000044, -5.773779318289429696 ) ) ;
#3019 = CARTESIAN_POINT ( 'NONE',  ( 4.549999999999999822, 0.000000000000000000, -0.07377931828942961567 ) ) ;
#3020 = DIRECTION ( 'NONE',  ( 0.000000000000000000, -1.000000000000000000, 1.084202172485503842E-15 ) ) ;
#3021 = CARTESIAN_POINT ( 'NONE',  ( -1.994328967362931715E-16, -1.291249999317206409, -6.180765689790928441 ) ) ;
#3022 = EDGE_CURVE ( 'NONE', #2028, #3001, #1927, .T. ) ;
#3023 = AXIS2_PLACEMENT_3D ( 'NONE', #1178, #1438, #151 ) ;
#3024 = DIRECTION ( 'NONE',  ( -2.058290061827953374E-15, 0.000000000000000000, 1.000000000000000000 ) ) ;
#3025 = VERTEX_POINT ( 'NONE', #1437 ) ;
#3026 = CARTESIAN_POINT ( 'NONE',  ( 1.410316468749999164, -3.395416665983872928, -5.366519096915554066 ) ) ;
#3027 = DIRECTION ( 'NONE',  ( 0.000000000000000000, 0.000000000000000000, 1.000000000000000000 ) ) ;
#3028 = DIRECTION ( 'NONE',  ( -1.000000000000000000, 0.000000000000000000, 0.000000000000000000 ) ) ;
#3029 = CARTESIAN_POINT ( 'NONE',  ( -1.410316468750000052, -0.3120833326505351168, -5.366519096915554066 ) ) ;
#3030 = CONICAL_SURFACE ( 'NONE', #417, 2.549999999999999822, 0.7853981633974700394 ) ;
#3031 = CIRCLE ( 'NONE', #3113, 0.1999999999999996503 ) ;
#3032 = CARTESIAN_POINT ( 'NONE',  ( 0.6055376948783494084, -4.199999999999998401, -5.491851094471613237 ) ) ;
#3033 = CIRCLE ( 'NONE', #1641, 0.1999999999999999278 ) ;
#3034 = EDGE_CURVE ( 'NONE', #965, #2224, #1136, .T. ) ;
#3035 = ORIENTED_EDGE ( 'NONE', *, *, #882, .F. ) ;
#3036 = CARTESIAN_POINT ( 'NONE',  ( -2.820632937499999215, -2.707916665983872484, -4.552272504040178802 ) ) ;
#3037 = CARTESIAN_POINT ( 'NONE',  ( 4.750000000000000000, -1.699999999999999956, -7.289345145946047211 ) ) ;
#3038 = CARTESIAN_POINT ( 'NONE',  ( 4.750000000000000000, -1.700000000000000178, 1.641786509367187508 ) ) ;
#3039 = CARTESIAN_POINT ( 'NONE',  ( -4.549999999999998934, -1.500000000000000000, 0.3262206817105703927 ) ) ;
#3040 = AXIS2_PLACEMENT_3D ( 'NONE', #1520, #1554, #2975 ) ;
#3041 = CARTESIAN_POINT ( 'NONE',  ( -2.820632937500000104, -0.2079166659838729836, -4.552272504040178802 ) ) ;
#3042 = CARTESIAN_POINT ( 'NONE',  ( -0.6832704406993633794, -1.407329099369263092, -0.3737793182894298405 ) ) ;
#3043 = CARTESIAN_POINT ( 'NONE',  ( 4.750000000000000000, -4.200000000000000178, 0.01493465751533544841 ) ) ;
#3044 = DIRECTION ( 'NONE',  ( 0.000000000000000000, 0.000000000000000000, 1.000000000000000000 ) ) ;
#3045 = CARTESIAN_POINT ( 'NONE',  ( -0.6832704406993590496, -3.612670900630742477, -5.473779318289429874 ) ) ;
#3046 = EDGE_CURVE ( 'NONE', #2171, #2369, #2651, .T. ) ;
#3047 = CARTESIAN_POINT ( 'NONE',  ( -1.410316468749997831, -0.6454166659838683762, -0.4810395396633035947 ) ) ;
#3048 = CARTESIAN_POINT ( 'NONE',  ( -1.994328967362931715E-16, -0.2912499993172063539, -6.180765689790928441 ) ) ;
#3049 = CARTESIAN_POINT ( 'NONE',  ( 2.820632937499999660, -0.4787499993172063539, -2.923779318289429607 ) ) ;
#3050 = ORIENTED_EDGE ( 'NONE', *, *, #2154, .T. ) ;
#3051 = CARTESIAN_POINT ( 'NONE',  ( 1.410316468750001162, -2.999583332650539447, -0.4810395396633048715 ) ) ;
#3052 = CARTESIAN_POINT ( 'NONE',  ( 3.122849337825750419E-16, -4.200000000000000178, -5.473779318289428986 ) ) ;
#3053 = DIRECTION ( 'NONE',  ( -1.000000000000000000, 0.000000000000000000, 0.000000000000000000 ) ) ;
#3054 = AXIS2_PLACEMENT_3D ( 'NONE', #2203, #1238, #2722 ) ;
#3055 = CARTESIAN_POINT ( 'NONE',  ( -0.6832704406993653778, -2.282329098003669898, -0.3737793182894309507 ) ) ;
#3056 = VECTOR ( 'NONE', #2450, 1000.000000000000000 ) ;
#3057 = CARTESIAN_POINT ( 'NONE',  ( -1.275000000000000133, -4.093333333333336377, -5.132144097939747240 ) ) ;
#3058 = DIRECTION ( 'NONE',  ( 1.000000000000000000, -0.000000000000000000, 0.000000000000000000 ) ) ;
#3059 = CARTESIAN_POINT ( 'NONE',  ( -2.820632937499999660, -4.228749999317206409, -2.923779318289429163 ) ) ;
#3060 = CARTESIAN_POINT ( 'NONE',  ( 2.324088772396477673E-16, -0.1350000000000030898, -5.473779318289429874 ) ) ;
#3061 = CARTESIAN_POINT ( 'NONE',  ( -1.274999999999998135, -3.426666666666669414, -0.7154145386391096428 ) ) ;
#3062 = CARTESIAN_POINT ( 'NONE',  ( -2.820632937499999215, -1.270416665983868487, -4.552272504040177914 ) ) ;
#3063 = VECTOR ( 'NONE', #1717, 1000.000000000000000 ) ;
#3064 = ADVANCED_FACE ( 'NONE', ( #722 ), #925, .F. ) ;
#3065 = CARTESIAN_POINT ( 'NONE',  ( 2.820632937500000548, -1.457916665983873150, -1.295286132538680413 ) ) ;
#3066 = ADVANCED_FACE ( 'NONE', ( #2179 ), #691, .T. ) ;
#3067 = CARTESIAN_POINT ( 'NONE',  ( 2.820632937500000104, -0.5204166659838730391, -1.295286132538680635 ) ) ;
#3068 = VERTEX_POINT ( 'NONE', #206 ) ;
#3069 = ORIENTED_EDGE ( 'NONE', *, *, #2810, .T. ) ;
#3070 = CARTESIAN_POINT ( 'NONE',  ( -1.994328967362931715E-16, -3.291249999317205965, -6.180765689790928441 ) ) ;
#3071 = DIRECTION ( 'NONE',  ( 0.000000000000000000, 0.000000000000000000, -1.000000000000000000 ) ) ;
#3072 = DIRECTION ( 'NONE',  ( 0.000000000000000000, 1.000000000000000000, 0.000000000000000000 ) ) ;
#3073 = DIRECTION ( 'NONE',  ( 1.000000000000000000, 0.000000000000000000, 0.000000000000000000 ) ) ;
#3074 = CARTESIAN_POINT ( 'NONE',  ( 1.610777166069806476, -4.187639776668951264, -4.938283060721615492 ) ) ;
#3075 = CARTESIAN_POINT ( 'NONE',  ( 2.820632937500000104, -0.9162499993172062984, -2.923779318289429607 ) ) ;
#3076 = CARTESIAN_POINT ( 'NONE',  ( -1.275000000000000133, -1.593333333333336377, -5.132144097939747240 ) ) ;
#3077 = CARTESIAN_POINT ( 'NONE',  ( -1.994328967362931715E-16, -3.853749999317205521, -6.180765689790928441 ) ) ;
#3078 = CYLINDRICAL_SURFACE ( 'NONE', #2756, 0.2000000000000000111 ) ;
#3079 = CARTESIAN_POINT ( 'NONE',  ( 1.410316468750001162, -2.062083332650535450, -0.4810395396633053156 ) ) ;
#3080 = CARTESIAN_POINT ( 'NONE',  ( 2.820632937500000104, -1.374583332650539669, -4.552272504040179690 ) ) ;
#3081 = EDGE_CURVE ( 'NONE', #1433, #1858, #2210, .T. ) ;
#3082 = CARTESIAN_POINT ( 'NONE',  ( 1.410316468750001162, -1.062083332650539669, -0.4810395396633053156 ) ) ;
#3083 = ORIENTED_EDGE ( 'NONE', *, *, #2055, .T. ) ;
#3084 = EDGE_LOOP ( 'NONE', ( #2937, #2273, #2188, #1646 ) ) ;
#3085 = CARTESIAN_POINT ( 'NONE',  ( 2.820632937499999215, -1.874583332650539669, -4.552272504040179690 ) ) ;
#3086 = AXIS2_PLACEMENT_3D ( 'NONE', #115, #3090, #134 ) ;
#3087 = CARTESIAN_POINT ( 'NONE',  ( -4.549999999999998934, -4.200000000000000178, -5.973779318289428986 ) ) ;
#3088 = DIRECTION ( 'NONE',  ( 0.000000000000000000, -0.5271669878897792261, 0.8497617118223305122 ) ) ;
#3089 = CARTESIAN_POINT ( 'NONE',  ( 0.6832704406993661550, -4.032329098003669898, -5.473779318289426321 ) ) ;
#3090 = DIRECTION ( 'NONE',  ( 0.000000000000000000, -1.000000000000000000, 0.000000000000000000 ) ) ;
#3091 = DIRECTION ( 'NONE',  ( 0.000000000000000000, 0.000000000000000000, 1.000000000000000000 ) ) ;
#3092 = FACE_OUTER_BOUND ( 'NONE', #982, .T. ) ;
#3093 = AXIS2_PLACEMENT_3D ( 'NONE', #64, #2016, #793 ) ;
#3094 = CARTESIAN_POINT ( 'NONE',  ( -2.820632937500000104, -4.270416665983873372, -4.552272504040177914 ) ) ;
#3095 = EDGE_CURVE ( 'NONE', #673, #2566, #817, .T. ) ;
#3096 = DIRECTION ( 'NONE',  ( 0.000000000000000000, 0.8497617118223307342, 0.5271669878897790040 ) ) ;
#3097 = CARTESIAN_POINT ( 'NONE',  ( 1.410316468749999164, -2.395416665983868487, -5.366519096915554066 ) ) ;
#3098 = CARTESIAN_POINT ( 'NONE',  ( 2.820632937500000104, -1.916249999317206409, -2.923779318289429607 ) ) ;
#3099 =( BOUNDED_CURVE ( )  B_SPLINE_CURVE ( 2, ( #364, #2314, #3061, #2076, #2282, #89, #1561, #3045, #1057 ),
 .UNSPECIFIED., .F., .T. ) 
 B_SPLINE_CURVE_WITH_KNOTS ( ( 3, 2, 2, 2, 3 ),
 ( 0.7500000000000000000, 0.7592592592592593004, 0.7777777777777777901, 0.7962962962962962798, 0.8055555555555555802 ),
 .UNSPECIFIED. ) 
 CURVE ( )  GEOMETRIC_REPRESENTATION_ITEM ( )  RATIONAL_B_SPLINE_CURVE ( ( 0.9330127018922194093, 0.9330127018922194093, 1.000000000000000000, 0.8660254037844387076, 1.000000000000000000, 0.8660254037844387076, 1.000000000000000000, 0.9330127018922189652, 0.9330127018922194093 ) ) 
 REPRESENTATION_ITEM ( '' )  );
#3100 = CARTESIAN_POINT ( 'NONE',  ( -2.820632937499998771, -1.187083332650539447, -1.295286132538677970 ) ) ;
#3101 = EDGE_LOOP ( 'NONE', ( #1612, #2659, #481, #2278 ) ) ;
#3102 = EDGE_LOOP ( 'NONE', ( #73, #449, #780, #2657 ) ) ;
#3103 = CARTESIAN_POINT ( 'NONE',  ( -1.410316468750000274, -1.749583332650539669, -5.366519096915554066 ) ) ;
#3104 = CARTESIAN_POINT ( 'NONE',  ( -3.486133158594716510E-16, -2.509999998634409479, -5.473779318289427209 ) ) ;
#3105 = CARTESIAN_POINT ( 'NONE',  ( 3.122849337825750419E-16, -4.200000000000000178, -5.473779318289428986 ) ) ;
#3106 = CARTESIAN_POINT ( 'NONE',  ( 5.982986902088794405E-16, -3.541249999317206854, 0.3332070532120704476 ) ) ;
#3107 = CARTESIAN_POINT ( 'NONE',  ( 0.6832704406993598267, -3.862670900630742921, -0.3737793182894275090 ) ) ;
#3108 = EDGE_CURVE ( 'NONE', #3068, #2792, #1027, .T. ) ;
#3109 = CARTESIAN_POINT ( 'NONE',  ( 1.275000000000001021, -3.343333333333336377, -0.7154145386391113082 ) ) ;
#3110 = CARTESIAN_POINT ( 'NONE',  ( 2.820632937499999215, -2.937083332650534562, -4.552272504040179690 ) ) ;
#3111 = CARTESIAN_POINT ( 'NONE',  ( 1.410316468750001162, -2.499583332650539447, -0.4810395396633048715 ) ) ;
#3112 = CARTESIAN_POINT ( 'NONE',  ( 2.820632937499999215, -2.437083332650539447, -4.552272504040179690 ) ) ;
#3113 = AXIS2_PLACEMENT_3D ( 'NONE', #1311, #1122, #820 ) ;
#3114 = ORIENTED_EDGE ( 'NONE', *, *, #120, .T. ) ;
#3115 = VERTEX_POINT ( 'NONE', #1453 ) ;
#3116 = LINE ( 'NONE', #1922, #1063 ) ;
#3117 = DIRECTION ( 'NONE',  ( 0.000000000000000000, 1.000000000000000000, 0.000000000000000000 ) ) ;
#3118 = CARTESIAN_POINT ( 'NONE',  ( 1.873759559570222555, -4.200000000000000178, -4.653381906434809423 ) ) ;
#3119 = LINE ( 'NONE', #2849, #2612 ) ;
#3120 = CARTESIAN_POINT ( 'NONE',  ( -2.549999999999999822, -3.884999998634409479, -2.923779318289429163 ) ) ;
#3121 = DIRECTION ( 'NONE',  ( 0.000000000000000000, 0.000000000000000000, -1.000000000000000000 ) ) ;
#3122 = CARTESIAN_POINT ( 'NONE',  ( 4.549999999999999822, 0.000000000000000000, -5.773779318289429696 ) ) ;
#3123 = CIRCLE ( 'NONE', #2716, 0.1999999999999996503 ) ;
#3124 = CARTESIAN_POINT ( 'NONE',  ( 1.929536837149508299, -4.348256614496153638, -5.066747077451361214 ) ) ;
#3125 = CARTESIAN_POINT ( 'NONE',  ( -1.802977905832341484E-16, -0.5099999986344094793, -5.868265691156519637 ) ) ;
#3126 = VERTEX_POINT ( 'NONE', #241 ) ;
#3127 = ORIENTED_EDGE ( 'NONE', *, *, #1705, .T. ) ;
#3128 = CARTESIAN_POINT ( 'NONE',  ( 7.785697387528199762E-15, -3.135000000000002895, -5.473779318289427209 ) ) ;
#3129 = CARTESIAN_POINT ( 'NONE',  ( 4.549999999999999822, -1.700000000000000178, 1.441786509367187330 ) ) ;
#3130 = EDGE_CURVE ( 'NONE', #2159, #2505, #3033, .T. ) ;
#3131 = CARTESIAN_POINT ( 'NONE',  ( 1.743066579297358403E-15, -1.135000000000003118, -5.473779318289428097 ) ) ;
#3132 = CARTESIAN_POINT ( 'NONE',  ( 2.820632937500000104, -3.416249999317206409, -2.923779318289429607 ) ) ;
#3133 = VECTOR ( 'NONE', #591, 1000.000000000000000 ) ;
#3134 = CARTESIAN_POINT ( 'NONE',  ( 0.6832704406993661550, -3.657329099369263314, -5.473779318289426321 ) ) ;
#3135 = CARTESIAN_POINT ( 'NONE',  ( -2.273340452841579040, -4.170914016023576032, -0.9793066691956807679 ) ) ;
#3136 = DIRECTION ( 'NONE',  ( -0.000000000000000000, -0.000000000000000000, 1.000000000000000000 ) ) ;
#3137 = ORIENTED_EDGE ( 'NONE', *, *, #715, .T. ) ;
#3138 = DIRECTION ( 'NONE',  ( -0.000000000000000000, -1.000000000000000000, -0.000000000000000000 ) ) ;
#3139 = CARTESIAN_POINT ( 'NONE',  ( -2.820632937500000104, -0.2704166659838729836, -4.552272504040177914 ) ) ;
#3140 = EDGE_CURVE ( 'NONE', #1747, #1980, #1810, .T. ) ;
#3141 = CARTESIAN_POINT ( 'NONE',  ( -2.820632937499999660, -3.728749999317206409, -2.923779318289429163 ) ) ;
#3142 = SPHERICAL_SURFACE ( 'NONE', #1789, 0.2000000000000000111 ) ;
#3143 = ORIENTED_EDGE ( 'NONE', *, *, #2995, .F. ) ;
#3144 = ORIENTED_EDGE ( 'NONE', *, *, #585, .F. ) ;
#3145 = CARTESIAN_POINT ( 'NONE',  ( -0.6832704406993653778, -2.907329099369262870, -0.3737793182894309507 ) ) ;
#3146 = DIRECTION ( 'NONE',  ( 0.000000000000000000, 0.000000000000000000, 1.000000000000000000 ) ) ;
#3147 = DIRECTION ( 'NONE',  ( -1.000000000000000000, -0.000000000000000000, -0.000000000000000000 ) ) ;
#3148 = CARTESIAN_POINT ( 'NONE',  ( -1.410316468749998053, -3.582916665983872928, -0.4810395396633031506 ) ) ;
#3149 = CARTESIAN_POINT ( 'NONE',  ( -2.549999999999999822, -0.8849999986344094793, -2.923779318289429163 ) ) ;
#3150 = DIRECTION ( 'NONE',  ( 0.000000000000000000, -1.000000000000000000, 0.000000000000000000 ) ) ;
#3151 = CARTESIAN_POINT ( 'NONE',  ( -4.549999999999999822, -4.000000000000000888, -5.862493294094194063 ) ) ;
#3152 = ORIENTED_EDGE ( 'NONE', *, *, #632, .F. ) ;
#3153 = CIRCLE ( 'NONE', #3054, 0.1999999999999998168 ) ;
#3154 = ORIENTED_EDGE ( 'NONE', *, *, #548, .T. ) ;
#3155 = CARTESIAN_POINT ( 'NONE',  ( -1.994328967362931715E-16, -0.8537499993172062984, -6.180765689790928441 ) ) ;
#3156 = CARTESIAN_POINT ( 'NONE',  ( -1.802977905832341484E-16, -1.009999998634409479, -5.868265691156519637 ) ) ;
#3157 = CARTESIAN_POINT ( 'NONE',  ( -2.549999999999999822, -0.05166666666666972635, -4.396022504722974844 ) ) ;
#3158 = EDGE_LOOP ( 'NONE', ( #1023, #1711, #1997, #2648 ) ) ;
#3159 = ORIENTED_EDGE ( 'NONE', *, *, #784, .T. ) ;
#3160 = DIRECTION ( 'NONE',  ( 1.000000000000000000, -0.000000000000000000, 0.000000000000000000 ) ) ;
#3161 = EDGE_CURVE ( 'NONE', #1399, #640, #618, .T. ) ;
#3162 = EDGE_CURVE ( 'NONE', #768, #2893, #933, .T. ) ;
#3163 = CARTESIAN_POINT ( 'NONE',  ( 4.549999999999999822, -1.300000000000000044, 0.3262206817105703927 ) ) ;
#3164 = CARTESIAN_POINT ( 'NONE',  ( -4.750000000000000000, 0.000000000000000000, 0.000000000000000000 ) ) ;
#3165 = CARTESIAN_POINT ( 'NONE',  ( 1.410316468750001162, -0.4995833326505396688, -0.4810395396633048715 ) ) ;
#3166 = VECTOR ( 'NONE', #2145, 1000.000000000000000 ) ;
#3167 = DIRECTION ( 'NONE',  ( -0.000000000000000000, 1.000000000000000000, 0.000000000000000000 ) ) ;
#3168 = CARTESIAN_POINT ( 'NONE',  ( 5.982986902088794405E-16, -3.103749999317201524, 0.3332070532120700035 ) ) ;
#3169 = SURFACE_STYLE_FILL_AREA ( #194 ) ;
#3170 = ORIENTED_EDGE ( 'NONE', *, *, #2536, .F. ) ;
#3171 = CARTESIAN_POINT ( 'NONE',  ( 2.549999999999999378, -2.218333333333336377, -4.396022504722975732 ) ) ;
#3172 = ORIENTED_EDGE ( 'NONE', *, *, #1361, .F. ) ;
#3173 = CARTESIAN_POINT ( 'NONE',  ( 2.820632937500000104, -3.416249999317206409, -2.923779318289429607 ) ) ;
#3174 = CARTESIAN_POINT ( 'NONE',  ( -1.275000000000000133, -0.4683333319677427942, -5.132144097939747240 ) ) ;
#3175 = CARTESIAN_POINT ( 'NONE',  ( -1.802977905832341484E-16, -0.6350000000000030065, -5.868265691156519637 ) ) ;
ENDSEC;
END-ISO-10303-21;
